Yr_Mo_Dy,RPT,VAL,ROS,KIL,SHA,BIR,DUB,CLA,MUL,CLO,BEL,MAL
2061-01-01,15.04,14.96,13.17,9.29,,9.87,13.67,10.25,10.83,12.58,18.5,15.04
2061-01-02,14.71,,10.83,6.5,12.62,7.67,11.5,10.04,9.79,9.67,17.54,13.83
2061-01-03,18.5,16.88,12.33,10.13,11.17,6.17,11.25,,8.5,7.67,12.75,12.71
2061-01-04,10.58,6.63,11.75,4.58,4.54,2.88,8.63,1.79,5.83,5.88,5.46,10.88
2061-01-05,13.33,13.25,11.42,6.17,10.71,8.21,11.92,6.54,10.92,10.34,12.92,11.83
2061-01-06,13.21,8.12,9.96,6.67,5.37,4.5,10.67,4.42,7.17,7.5,8.12,13.17
2061-01-07,13.5,14.29,9.5,4.96,12.29,8.33,9.17,9.29,7.58,7.96,13.96,13.79
2061-01-08,10.96,9.75,7.62,5.91,9.62,7.29,14.29,7.62,9.25,10.46,16.62,16.46
2061-01-09,12.58,10.83,10.0,4.75,10.37,6.79,08.04,10.13,7.79,09.08,13.04,15.37
2061-01-10,13.37,11.12,19.5,8.33,9.71,6.54,11.42,7.79,8.54,9.0,8.58,11.83
2061-01-11,10.58,9.87,8.42,2.79,8.71,7.25,7.54,8.33,5.71,8.67,20.71,16.92
2061-01-12,19.75,12.08,18.5,10.54,10.29,9.46,15.54,11.5,10.37,14.58,15.59,14.09
2061-01-13,9.92,3.54,8.46,2.96,2.29,0.96,4.63,0.58,2.33,3.37,5.25,07.04
2061-01-14,09.04,5.66,07.08,0.67,2.71,1.38,03.08,2.58,0.5,2.67,7.17,5.17
2061-01-15,12.04,9.67,11.75,2.37,7.38,3.13,2.5,6.83,4.75,5.63,7.54,6.75
2061-01-16,16.42,11.25,15.67,4.71,11.34,6.92,9.25,8.79,8.21,7.33,13.04,09.04
2061-01-17,17.75,14.37,17.33,10.13,13.96,13.37,13.42,11.04,8.71,11.38,15.92,16.08
2061-01-18,19.83,12.04,20.79,18.54,,10.29,17.83,11.38,14.67,16.71,8.79,17.96
2061-01-19,4.92,3.42,7.29,01.04,3.67,3.17,3.71,2.79,1.92,2.71,6.87,7.83
2061-01-20,9.59,11.83,7.96,1.58,7.92,5.0,3.17,4.92,3.13,3.37,6.5,6.79
2061-01-21,14.33,10.25,11.92,6.13,10.04,7.67,08.04,9.17,07.04,7.87,6.75,12.42
2061-01-22,9.59,5.88,9.92,2.17,6.87,5.5,9.38,07.04,6.34,7.5,10.88,9.92
2061-01-23,16.54,9.96,18.54,10.46,13.5,12.67,13.7,13.75,10.75,13.17,14.79,20.58
2061-01-24,25.04,14.83,25.84,15.67,21.46,18.58,20.38,19.38,15.37,15.12,23.09,25.25
2061-01-25,13.62,11.17,12.67,06.04,10.0,9.42,9.25,8.71,7.12,12.04,14.04,17.5
2061-01-26,24.37,18.79,17.5,14.25,18.91,15.67,14.33,15.16,16.08,19.08,20.5,25.25
2061-01-27,22.04,20.79,17.41,16.21,19.04,16.13,16.79,18.29,18.66,19.08,26.08,27.63
2061-01-28,17.67,13.54,13.33,8.87,15.04,11.63,12.25,10.58,11.92,11.04,20.3,18.12
2061-01-29,,23.91,22.29,17.54,24.08,19.7,22.0,20.25,21.46,19.95,27.71,23.38
2061-01-30,12.21,11.42,10.92,7.92,13.08,9.62,14.5,10.21,9.92,11.96,18.88,19.25
2061-01-31,24.21,19.55,16.71,11.96,14.42,10.46,14.88,8.21,10.5,9.96,12.42,13.92
2061-02-01,14.25,15.12,09.04,5.88,12.08,7.17,10.17,3.63,6.5,5.5,9.17,8.0
2061-02-02,20.17,24.21,10.0,6.54,17.37,7.17,10.88,06.08,09.08,7.12,12.08,7.17
2061-02-03,14.37,11.71,11.04,05.09,9.87,5.83,8.5,5.13,6.34,7.38,9.71,8.83
2061-02-04,10.58,9.46,10.92,8.71,12.46,11.46,12.54,11.04,13.04,11.17,16.5,11.71
2061-02-05,22.0,16.75,19.7,11.63,14.25,12.04,13.96,15.54,13.37,13.13,19.33,14.67
2061-02-06,24.5,20.75,20.62,15.37,25.33,17.62,19.17,18.79,18.96,14.46,26.38,21.84
2061-02-07,18.05,14.37,14.88,9.75,10.96,11.17,14.21,9.71,13.04,12.25,15.21,17.58
2061-02-08,24.54,21.42,21.34,11.63,17.04,14.21,16.5,17.33,14.67,17.79,23.79,19.58
2061-02-09,17.41,15.92,13.67,10.71,14.0,12.92,14.37,15.71,14.46,14.67,23.04,19.21
2061-02-10,20.5,11.54,19.67,10.04,8.12,08.08,11.08,12.54,11.12,12.96,17.83,17.75
2061-02-11,16.79,14.0,13.7,9.54,15.83,13.29,17.5,15.5,15.83,14.33,21.17,21.09
2061-02-12,16.0,16.92,17.25,8.38,11.75,10.37,11.71,14.37,10.37,14.62,25.41,17.04
2061-02-13,22.5,19.7,19.41,15.34,16.13,14.62,16.08,14.12,13.96,16.58,28.62,19.67
2061-02-14,17.08,11.63,17.25,12.12,13.75,13.46,15.46,12.29,14.88,15.67,14.09,11.42
2061-02-15,06.04,12.08,6.13,4.21,9.87,6.92,5.17,7.41,8.17,9.21,17.12,10.96
2061-02-16,16.79,20.17,12.67,13.25,15.29,15.12,3.42,14.29,14.79,13.79,21.92,22.58
2061-02-17,15.25,14.09,14.75,9.54,14.62,12.92,6.17,12.58,13.25,14.54,18.21,17.67
2061-02-18,12.08,12.38,12.67,06.04,10.71,09.08,10.88,12.38,10.0,11.34,18.58,13.25
2061-02-19,16.17,15.59,13.7,,13.5,10.96,9.62,11.83,11.58,13.67,29.63,20.54
2061-02-20,11.04,11.08,10.63,8.33,10.92,8.29,7.25,7.75,8.83,11.08,15.09,12.17
2061-02-21,7.79,8.63,06.08,2.21,7.41,4.33,3.75,07.04,4.5,7.41,12.12,6.67
2061-02-22,12.29,13.21,13.54,6.46,11.58,9.21,8.25,10.29,9.21,13.08,15.25,13.21
2061-02-23,22.08,17.46,18.88,12.42,20.5,16.13,16.38,16.92,13.21,18.0,23.21,21.21
2061-02-24,8.71,07.08,11.38,4.83,5.96,4.58,8.17,4.67,6.21,7.0,9.59,9.21
2061-02-25,18.84,16.42,17.41,10.21,16.13,11.38,13.08,12.21,12.33,12.5,16.04,13.92
2061-02-26,25.8,21.5,22.42,15.21,23.09,16.88,21.17,17.25,18.46,20.04,22.83,23.87
2061-02-27,11.0,13.37,11.17,6.87,13.21,8.75,12.75,10.83,10.88,12.67,20.0,17.54
2061-02-28,12.92,12.75,,8.92,16.13,12.29,14.75,14.46,13.96,14.04,18.41,13.17
2061-03-01,12.67,13.13,11.79,6.42,9.79,8.54,10.25,13.29,,12.21,20.62,
2061-03-02,12.58,10.04,11.17,7.12,10.29,9.21,10.88,10.5,10.58,12.96,18.38,13.79
2061-03-03,13.33,15.54,13.67,9.59,11.58,8.71,11.29,12.83,8.92,14.09,23.45,16.38
2061-03-04,10.96,8.83,8.17,5.88,8.25,6.0,6.21,5.66,6.25,9.79,12.46,8.83
2061-03-05,11.25,17.0,10.41,10.04,15.46,11.17,5.5,10.34,11.71,10.83,11.58,14.0
2061-03-06,4.88,08.08,7.54,3.13,5.41,04.08,2.83,5.29,5.21,05.09,10.21,5.54
2061-03-07,6.46,10.5,8.0,5.41,10.58,6.58,3.63,6.67,07.08,07.04,16.08,8.75
2061-03-08,7.54,8.33,9.29,8.12,11.0,10.58,1.71,8.5,8.71,9.71,17.58,15.37
2061-03-09,11.96,13.13,10.17,9.46,14.17,12.67,3.75,9.71,12.46,11.54,17.54,18.16
2061-03-10,10.63,10.17,09.04,5.13,10.5,7.92,8.79,7.92,8.87,10.5,12.29,13.5
2061-03-11,14.79,16.96,15.5,8.46,10.0,10.92,10.34,15.67,10.58,13.54,22.71,17.08
2061-03-12,,13.88,16.38,10.25,14.92,13.67,17.12,13.7,16.29,15.79,20.5,22.54
2061-03-13,11.21,11.34,12.33,5.63,11.17,10.58,13.96,10.5,13.88,11.5,19.7,18.88
2061-03-14,12.12,15.29,12.75,5.17,9.38,07.04,8.12,11.12,8.75,9.29,20.04,15.71
2061-03-15,11.12,15.54,13.96,8.42,10.88,8.83,11.54,13.54,8.46,13.92,22.13,14.12
2061-03-16,4.92,12.92,5.25,4.29,8.96,07.04,2.75,5.13,6.0,7.29,20.12,11.42
2061-03-17,15.71,14.71,11.21,8.87,14.37,10.75,13.0,14.29,13.08,15.34,22.79,19.17
2061-03-18,16.88,15.25,12.29,11.04,13.67,10.54,13.17,10.46,13.5,14.67,19.38,22.95
2061-03-19,11.42,9.46,13.46,6.17,6.83,5.79,7.75,6.5,07.04,9.38,11.29,11.34
2061-03-20,13.75,10.41,12.0,10.75,11.46,10.29,15.41,10.04,13.67,13.83,14.29,21.09
2061-03-21,9.54,10.58,15.63,7.29,7.54,7.71,8.17,6.58,8.58,10.5,9.38,14.88
2061-03-22,6.34,4.42,5.71,4.42,5.13,4.29,8.0,4.92,8.0,09.04,8.25,13.13
2061-03-23,6.38,2.58,4.79,5.13,6.46,7.21,10.88,7.38,9.79,8.33,15.21,18.34
2061-03-24,6.29,7.46,6.75,4.54,8.25,6.25,8.46,10.34,10.0,10.29,14.42,15.46
2061-03-25,9.67,11.63,10.41,5.58,10.58,9.92,10.75,13.04,11.92,14.5,21.34,21.54
2061-03-26,15.0,11.63,12.58,8.83,13.33,10.21,13.75,10.54,14.37,13.88,15.37,22.5
2061-03-27,5.88,3.5,5.17,2.75,2.83,3.5,6.75,1.46,6.5,7.12,7.21,15.34
2061-03-28,8.46,10.63,12.04,,7.83,6.79,10.88,10.92,9.54,10.63,18.16,19.58
2061-03-29,18.25,16.29,14.96,12.0,18.34,14.33,16.62,13.37,17.54,14.21,18.63,16.83
2061-03-30,17.75,12.92,11.79,10.13,16.08,14.21,14.79,14.92,,13.46,15.67,13.17
2061-03-31,8.96,08.04,9.13,8.5,10.75,9.54,11.92,9.59,11.25,8.54,11.96,12.21
2061-04-01,8.38,6.34,8.33,6.75,9.33,9.54,11.67,8.21,11.21,6.46,11.96,7.17
2061-04-02,7.62,4.25,05.09,3.67,4.67,6.25,5.25,4.96,6.83,7.0,10.71,13.0
2061-04-03,15.29,8.63,15.67,4.12,10.25,09.04,5.5,8.54,7.58,4.96,11.08,9.38
2061-04-04,13.92,13.67,13.88,6.75,9.79,6.38,6.0,8.54,7.67,08.08,14.5,11.92
2061-04-05,18.12,14.62,18.29,10.63,13.33,10.83,9.25,8.21,10.34,8.5,17.16,13.13
2061-04-06,4.5,8.21,9.29,3.21,5.96,4.33,5.0,7.33,6.13,6.54,10.25,11.5
2061-04-07,8.21,07.04,13.75,3.75,6.0,5.0,5.33,4.0,5.66,3.67,7.62,7.21
2061-04-08,10.34,11.29,11.29,4.42,9.38,7.67,8.71,10.08,9.21,8.42,11.25,11.12
2061-04-09,13.37,11.12,13.08,8.83,11.75,10.21,9.96,9.59,10.54,10.5,10.13,15.34
2061-04-10,5.75,4.83,8.25,3.0,5.88,4.25,5.21,3.58,6.0,4.58,7.62,11.25
2061-04-11,10.5,12.25,12.58,6.96,8.71,8.58,5.66,9.92,9.0,9.67,16.17,12.87
2061-04-12,10.63,10.04,11.38,5.13,5.71,5.13,6.54,4.75,4.5,5.17,8.5,6.38
2061-04-13,15.5,9.29,15.79,9.71,7.29,7.17,8.0,4.75,7.87,7.58,7.17,5.66
2061-04-14,10.5,6.17,4.5,5.0,8.67,5.0,4.29,4.5,5.71,7.79,8.5,7.71
2061-04-15,5.17,6.42,3.92,2.67,3.37,1.54,2.46,2.29,3.58,4.0,5.75,6.79
2061-04-16,4.71,7.0,05.09,2.33,5.21,2.96,2.88,5.17,3.37,4.46,12.67,10.17
2061-04-17,4.0,3.71,3.33,1.58,2.21,0.83,4.46,2.54,3.58,3.83,10.04,7.25
2061-04-18,10.83,12.42,06.04,5.5,11.92,07.08,5.66,9.96,7.46,9.46,12.92,11.58
2061-04-19,16.71,13.96,14.67,11.42,14.37,11.63,12.96,13.25,13.29,14.37,19.21,20.46
2061-04-20,21.09,15.41,17.0,11.63,13.25,11.17,12.25,10.54,11.29,11.58,18.05,20.08
2061-04-21,15.34,14.04,15.87,9.79,11.71,8.79,9.5,12.25,9.0,9.87,17.54,12.29
2061-04-22,8.17,5.66,6.92,4.79,7.87,05.09,7.46,4.83,4.88,7.12,6.75,4.96
2061-04-23,12.21,7.87,7.96,9.67,11.17,10.0,10.71,10.41,11.87,10.63,10.83,10.67
2061-04-24,9.54,08.04,9.13,4.79,7.54,5.75,5.25,07.08,6.0,7.62,9.87,8.46
2061-04-25,14.04,11.96,14.96,7.87,10.75,8.83,13.75,11.96,11.08,11.46,12.17,17.5
2061-04-26,16.29,14.46,6.92,5.88,12.62,7.46,6.0,6.34,7.54,6.0,8.33,12.12
2061-04-27,04.08,07.04,7.92,3.83,3.88,3.13,6.25,3.17,5.41,4.71,7.29,7.75
2061-04-28,5.58,6.5,2.54,1.87,4.21,1.54,2.67,1.38,2.54,2.71,5.13,3.21
2061-04-29,9.62,9.59,6.96,3.83,6.83,3.88,04.04,6.46,4.17,4.12,13.04,2.67
2061-04-30,11.67,11.0,9.54,5.54,9.42,5.79,05.09,8.25,6.96,6.25,12.21,8.75
2061-05-01,15.87,13.88,15.37,9.79,13.46,10.17,9.96,14.04,9.75,9.92,18.63,11.12
2061-05-02,19.04,14.83,14.92,8.67,15.63,11.63,10.46,9.75,11.21,10.71,12.96,12.67
2061-05-03,11.0,10.92,12.87,8.67,10.58,8.42,9.5,10.04,9.62,9.42,15.46,12.25
2061-05-04,9.87,10.29,8.42,7.5,9.42,7.33,5.96,6.25,7.79,8.92,4.79,3.83
2061-05-05,10.63,10.37,9.17,6.46,9.83,8.0,9.13,9.87,10.04,8.63,16.29,12.42
2061-05-06,23.0,19.79,21.21,14.12,22.34,15.04,16.83,17.71,16.29,17.54,28.08,23.13
2061-05-07,18.16,17.71,14.88,14.46,23.16,15.46,18.21,18.05,17.04,15.96,26.63,26.58
2061-05-08,12.79,10.08,12.33,10.75,15.71,14.04,18.58,15.79,17.33,17.92,18.66,26.3
2061-05-09,06.04,3.96,7.0,3.83,4.17,4.0,7.25,3.37,07.08,9.21,6.54,11.38
2061-05-10,4.79,6.21,4.63,01.04,3.42,1.17,3.33,3.79,2.46,1.83,7.58,3.88
2061-05-11,3.54,7.54,5.33,02.08,5.25,1.58,3.67,3.71,2.62,03.04,9.25,5.96
2061-05-12,7.0,15.12,9.17,4.54,11.21,5.91,,04.04,5.25,4.38,10.63,9.5
2061-05-13,11.0,11.54,11.71,8.83,12.83,9.92,5.21,8.71,7.92,8.63,9.17,12.33
2061-05-14,9.25,6.54,07.04,6.0,11.46,8.12,10.04,9.96,10.04,9.75,11.12,3.33
2061-05-15,9.62,3.92,9.75,3.88,5.63,3.46,5.91,5.88,6.38,6.25,6.63,8.42
2061-05-16,15.04,10.17,15.25,5.17,12.92,6.79,8.38,11.12,9.46,9.17,12.0,13.7
2061-05-17,10.0,6.54,15.63,4.88,8.21,6.75,5.83,7.38,8.0,7.96,9.46,8.21
2061-05-18,4.88,3.58,15.96,3.71,6.34,3.83,05.04,3.79,5.0,4.17,7.29,5.91
2061-05-19,5.0,5.29,5.91,3.63,7.25,4.17,6.83,6.79,7.17,9.29,10.83,14.96
2061-05-20,6.21,,10.13,4.83,7.33,5.66,4.71,7.58,7.0,8.67,10.41,12.75
2061-05-21,6.83,4.29,11.67,3.71,5.5,4.5,3.17,6.25,4.92,4.29,10.75,10.34
2061-05-22,6.25,3.67,5.33,2.5,4.17,3.79,2.42,4.21,4.63,5.37,8.21,10.92
2061-05-23,4.96,3.96,3.58,2.42,3.75,2.25,3.13,2.83,4.5,5.54,6.13,8.67
2061-05-24,5.54,5.96,3.71,3.37,3.92,1.63,4.0,3.37,4.92,6.5,8.83,12.29
2061-05-25,7.67,11.17,13.13,5.5,9.13,06.04,6.79,7.96,7.33,10.46,13.88,17.04
2061-05-26,11.79,12.5,20.96,,10.21,6.5,9.33,12.08,9.59,11.46,14.33,16.58
2061-05-27,10.92,6.79,6.46,5.41,10.0,5.25,4.92,07.04,7.29,8.25,10.46,8.0
2061-05-28,9.96,7.67,6.42,3.29,7.41,3.33,5.41,6.42,4.5,5.17,11.79,8.38
2061-05-29,12.04,6.67,15.96,9.87,08.04,8.46,11.71,9.21,11.17,12.04,11.54,17.96
2061-05-30,10.0,4.75,9.21,3.42,7.67,5.25,5.83,7.21,6.34,5.91,8.71,12.92
2061-05-31,7.0,9.79,12.25,4.83,8.25,5.37,6.58,9.29,6.58,7.12,11.87,10.63
2061-06-01,15.92,9.59,12.04,8.79,11.54,06.04,9.75,8.29,9.33,10.34,10.67,12.12
2061-06-02,11.29,6.34,6.92,6.71,12.12,7.79,7.92,8.71,9.83,9.17,12.42,15.71
2061-06-03,7.5,8.29,6.83,5.88,12.87,07.08,10.41,7.87,10.46,10.34,13.88,14.42
2061-06-04,8.5,6.42,7.25,4.67,7.79,5.17,6.21,9.87,7.29,8.33,17.0,11.42
2061-06-05,11.58,11.54,7.5,5.66,9.96,06.04,3.42,9.17,08.08,10.92,16.17,12.29
2061-06-06,8.33,8.54,6.13,3.21,8.58,5.17,4.21,7.96,6.92,6.71,11.42,8.75
2061-06-07,11.92,9.42,8.96,6.34,13.13,8.63,8.17,9.71,9.59,9.87,13.25,16.38
2061-06-08,12.17,8.87,8.17,6.92,11.92,7.46,9.54,9.59,10.58,10.37,11.21,19.83
2061-06-09,9.71,7.79,8.29,4.29,7.75,4.38,8.29,4.38,08.08,8.83,7.79,14.21
2061-06-10,14.42,9.96,11.58,6.79,11.54,4.67,9.71,4.25,7.58,6.87,5.83,8.33
2061-06-11,8.29,6.83,06.04,3.29,7.33,1.87,6.25,3.13,5.41,5.21,5.37,5.96
2061-06-12,9.25,07.08,13.46,5.17,5.66,3.63,9.17,2.88,6.5,6.83,7.29,11.34
2061-06-13,6.13,4.12,6.5,2.92,3.5,1.58,4.67,3.63,4.21,03.08,7.71,6.13
2061-06-14,8.33,12.42,8.71,6.79,11.87,7.12,5.66,8.63,08.08,10.25,20.21,11.83
2061-06-15,9.96,8.17,10.54,5.88,10.25,6.92,8.25,9.29,9.5,9.25,14.58,13.96
2061-06-16,13.88,14.54,13.75,8.29,13.29,10.0,10.54,16.54,11.54,14.71,25.25,20.88
2061-06-17,14.33,11.34,15.5,9.42,12.33,09.04,12.96,9.5,11.0,10.5,14.67,16.33
2061-06-18,12.12,9.29,7.67,7.17,14.92,10.34,13.7,13.25,12.12,12.54,17.75,24.71
2061-06-19,8.92,6.38,7.67,6.42,11.34,7.75,10.37,9.38,10.29,10.17,12.92,16.88
2061-06-20,4.0,3.25,5.13,2.88,8.58,4.46,7.92,6.34,6.5,7.83,11.0,14.25
2061-06-21,8.54,9.5,10.37,6.63,11.5,7.33,10.54,9.83,9.54,10.17,14.71,13.75
2061-06-22,8.83,6.25,6.38,6.42,11.96,8.58,13.29,9.29,11.54,11.0,13.25,18.91
2061-06-23,5.71,4.21,7.79,5.29,11.58,7.33,14.21,7.38,11.46,11.63,14.96,21.5
2061-06-24,6.42,4.92,9.33,4.75,12.17,8.33,14.88,11.87,12.92,15.0,19.08,20.75
2061-06-25,9.0,8.25,9.92,5.96,13.21,8.67,11.87,12.04,10.96,13.0,14.67,15.83
2061-06-26,13.13,11.42,7.62,07.08,12.42,5.96,8.38,7.75,9.67,10.04,10.83,11.63
2061-06-27,9.0,6.34,8.0,5.71,08.04,6.96,10.54,8.96,10.41,10.37,13.29,16.79
2061-06-28,7.75,9.71,9.21,5.83,11.12,6.25,8.79,12.83,7.38,11.58,19.92,16.38
2061-06-29,,10.46,7.96,6.79,12.62,07.08,8.33,9.46,07.08,10.92,20.88,10.79
2061-06-30,12.29,14.37,10.79,10.54,13.83,9.59,4.92,13.7,8.75,12.38,21.87,
2061-07-01,7.21,6.83,7.71,4.42,8.46,4.79,6.71,6.0,5.79,7.96,6.96,8.71
2061-07-02,12.04,7.25,9.25,07.04,10.34,4.92,5.83,5.96,6.25,8.63,8.0,8.5
2061-07-03,15.34,10.58,12.17,10.08,18.58,11.38,15.75,14.33,15.46,16.79,20.41,21.29
2061-07-04,17.5,10.75,14.92,12.0,12.62,9.62,14.92,11.08,13.13,13.5,12.46,19.67
2061-07-05,11.5,4.96,7.62,5.83,8.92,6.17,10.08,5.58,08.08,8.75,07.08,12.42
2061-07-06,8.0,3.75,7.62,3.54,8.0,4.58,07.08,6.87,6.25,6.21,10.21,12.08
2061-07-07,11.17,7.21,7.41,8.12,14.29,9.75,,9.96,13.04,11.54,15.34,17.41
2061-07-08,11.21,7.58,7.83,7.87,14.42,8.38,14.04,10.96,11.63,9.33,11.83,16.04
2061-07-09,7.29,5.71,7.67,5.37,10.63,6.0,9.46,6.38,7.54,7.71,8.21,13.0
2061-07-10,8.63,7.87,9.33,5.58,9.46,3.46,2.67,2.96,2.92,4.25,05.04,5.96
2061-07-11,11.08,11.42,10.37,6.87,9.46,5.63,7.41,8.17,6.5,8.38,10.21,13.29
2061-07-12,19.46,16.88,12.29,10.08,15.04,8.83,09.08,11.75,10.5,10.71,17.21,9.92
2061-07-13,16.75,13.79,12.92,12.33,19.95,13.17,16.83,16.17,15.37,14.92,20.25,21.96
2061-07-14,22.5,19.29,14.29,12.42,20.88,10.17,11.83,12.33,10.63,10.88,15.63,14.0
2061-07-15,16.92,14.5,8.0,7.62,12.21,7.92,10.25,10.96,8.92,10.17,14.09,9.92
2061-07-16,21.42,10.88,11.0,10.04,14.67,9.71,13.13,11.21,11.87,11.79,12.21,12.62
2061-07-17,4.25,03.08,5.46,1.46,05.04,1.96,07.08,5.21,5.66,7.62,6.17,9.13
2061-07-18,4.38,6.79,5.29,4.63,7.33,3.88,4.96,7.79,6.5,7.75,9.79,10.83
2061-07-19,5.17,3.42,6.63,2.96,6.75,2.92,3.5,7.29,5.58,7.0,10.13,10.92
2061-07-20,5.88,2.92,04.08,2.42,6.21,2.71,03.04,5.46,5.63,5.37,7.29,8.33
2061-07-21,3.33,4.58,6.96,4.67,5.75,2.79,2.21,5.13,4.25,05.09,07.08,8.25
2061-07-22,3.37,5.29,06.08,3.67,5.54,2.58,4.75,5.25,5.46,5.54,8.0,06.04
2061-07-23,03.04,3.71,12.67,3.29,6.17,2.17,2.21,3.37,4.0,3.92,4.21,5.41
2061-07-24,7.0,4.63,6.42,2.83,4.96,2.92,3.58,4.17,2.21,4.92,9.25,6.13
2061-07-25,15.92,13.79,15.67,8.63,14.33,9.33,12.29,14.09,11.63,15.37,22.17,19.5
2061-07-26,11.46,7.5,10.46,9.92,17.5,13.5,18.79,15.16,15.59,15.75,19.38,25.37
2061-07-27,10.13,8.83,6.79,3.75,9.5,4.54,7.87,6.46,6.83,6.63,7.87,13.0
2061-07-28,16.08,9.13,10.29,7.33,10.54,7.33,9.67,8.67,9.33,8.87,9.38,13.75
2061-07-29,7.21,4.83,6.67,3.42,5.96,3.67,5.79,6.67,05.09,6.54,11.17,9.25
2061-07-30,6.13,10.41,9.17,4.21,7.75,4.58,06.04,9.17,5.58,8.21,10.67,9.33
2061-07-31,7.67,6.71,9.38,4.17,5.25,2.79,3.75,2.25,3.17,5.54,6.17,9.67
2061-08-01,9.59,05.09,5.54,4.63,8.29,5.25,4.21,5.25,5.37,5.41,8.38,09.08
2061-08-02,10.0,5.58,6.71,6.0,8.96,6.67,8.87,7.12,7.79,8.75,8.71,11.87
2061-08-03,16.08,15.79,15.59,8.96,16.92,10.21,11.92,13.04,11.12,12.83,18.54,17.54
2061-08-04,11.0,9.21,10.58,7.54,13.17,9.62,13.54,11.79,11.67,10.21,16.04,20.25
2061-08-05,13.37,12.46,12.79,6.54,15.5,9.0,10.54,11.29,10.5,11.92,15.41,17.12
2061-08-06,8.38,6.71,8.42,5.83,10.04,6.75,7.87,7.12,6.46,8.0,7.92,10.79
2061-08-07,2.88,4.42,6.34,03.04,6.58,3.96,3.88,05.04,3.17,5.71,9.83,5.88
2061-08-08,14.21,9.87,11.63,6.42,12.38,6.96,10.63,7.12,7.38,7.79,10.08,6.83
2061-08-09,12.96,10.0,11.29,6.46,14.58,8.96,11.25,10.37,8.87,9.33,12.5,10.46
2061-08-10,6.63,6.71,6.0,2.5,7.58,3.58,4.67,8.33,2.83,5.41,9.96,10.96
2061-08-11,,6.75,8.29,5.0,8.58,4.83,6.83,6.25,5.79,5.25,5.88,8.38
2061-08-12,10.71,8.71,8.92,4.38,8.29,5.83,6.83,8.25,5.88,,14.29,13.21
2061-08-13,12.96,9.13,8.63,7.75,12.75,8.0,10.92,10.79,10.08,9.92,14.0,15.16
2061-08-14,16.42,10.88,9.87,8.79,16.21,11.46,15.09,13.37,12.87,12.92,15.37,
2061-08-15,15.34,8.75,10.54,6.83,12.96,7.54,9.42,8.92,8.79,9.13,9.59,13.04
2061-08-16,13.13,7.25,9.17,8.21,13.29,09.04,12.96,10.54,10.54,12.0,11.0,16.08
2061-08-17,13.62,8.17,9.71,7.0,14.25,8.83,10.21,10.5,10.79,11.25,15.5,14.62
2061-08-18,18.91,12.87,11.46,11.79,20.38,14.25,19.04,17.71,16.13,17.83,21.92,24.3
2061-08-19,18.08,12.42,12.67,10.58,15.87,11.54,13.21,11.04,12.46,11.79,13.79,15.59
2061-08-20,13.75,13.62,14.04,7.0,13.88,10.25,12.58,9.92,10.88,10.79,17.29,16.13
2061-08-21,18.16,14.58,14.62,11.67,21.04,15.34,19.0,17.79,17.5,15.46,20.21,22.29
2061-08-22,13.33,8.58,9.5,7.67,13.83,9.5,12.08,9.83,10.75,9.96,12.87,15.37
2061-08-23,9.62,8.92,10.46,3.96,9.46,6.79,8.17,7.96,07.08,8.0,10.04,12.62
2061-08-24,7.67,6.87,9.67,5.46,7.46,4.25,5.66,4.5,3.96,7.46,5.75,8.29
2061-08-25,14.33,13.59,17.83,8.21,12.17,9.67,10.92,14.0,9.59,15.21,19.55,16.17
2061-08-26,12.38,13.88,14.09,6.71,15.5,10.29,9.79,14.5,10.13,15.5,21.96,20.04
2061-08-27,11.25,13.59,13.21,06.08,13.29,10.13,12.12,16.83,9.71,15.96,23.38,20.62
2061-08-28,13.37,22.0,12.75,12.42,17.62,13.08,09.08,14.58,13.5,12.92,20.75,16.79
2061-08-29,14.46,16.04,12.75,9.17,19.21,12.12,14.12,16.54,12.0,16.13,24.71,22.54
2061-08-30,3.63,4.67,4.88,2.37,5.63,3.17,4.58,7.58,4.58,6.96,14.33,10.34
2061-08-31,4.83,07.04,2.46,3.25,8.5,4.83,2.92,6.42,4.29,6.54,17.16,8.0
2061-09-01,5.58,1.13,4.96,03.04,4.25,2.25,4.63,2.71,3.67,6.0,4.79,5.41
2061-09-02,7.25,3.58,2.42,3.5,6.96,3.13,3.83,6.58,3.92,5.96,7.12,6.96
2061-09-03,11.63,7.29,7.0,5.75,5.58,5.37,5.88,5.88,5.25,7.96,6.79,7.12
2061-09-04,6.79,03.04,4.79,3.17,4.75,2.17,1.25,2.21,2.96,1.75,5.41,3.37
2061-09-05,12.67,10.0,6.38,5.83,10.41,5.83,9.38,8.54,09.04,9.96,13.62,15.04
2061-09-06,17.62,12.54,11.58,10.17,14.54,9.13,14.09,10.79,12.71,11.71,15.83,20.25
2061-09-07,9.21,3.92,7.58,5.83,7.54,5.96,7.87,4.88,07.04,7.41,5.66,10.83
2061-09-08,5.75,9.71,3.63,2.75,7.67,2.67,3.17,4.42,2.5,4.21,8.25,5.79
2061-09-09,16.75,13.59,14.88,10.5,11.42,9.83,6.92,9.5,9.71,10.96,13.92,15.0
2061-09-10,5.0,8.79,8.46,4.17,8.29,4.21,4.83,6.38,4.88,6.96,12.21,6.96
2061-09-11,9.87,8.42,7.29,5.46,12.12,7.92,8.63,8.75,8.75,9.67,13.92,14.67
2061-09-12,20.75,18.66,16.66,10.75,15.75,10.96,11.08,14.5,10.34,12.92,23.91,16.71
2061-09-13,16.71,13.96,15.21,9.67,14.62,10.25,11.75,13.42,9.71,13.0,21.37,15.71
2061-09-14,18.0,16.88,15.54,9.71,15.21,11.12,12.75,13.79,12.21,13.54,23.91,18.25
2061-09-15,20.71,13.96,20.0,12.46,13.7,11.08,13.0,12.92,11.58,14.83,18.63,17.71
2061-09-16,28.75,22.08,26.5,21.09,28.5,20.67,20.79,21.37,21.34,25.21,23.45,33.09
2061-09-17,5.33,7.12,8.12,3.96,8.29,5.58,7.87,7.17,5.88,10.71,13.96,16.75
2061-09-18,9.75,4.21,,,5.79,4.46,4.17,,4.33,6.21,7.21,9.21
2061-09-19,8.5,8.25,12.17,7.17,11.54,7.54,8.17,7.96,7.33,10.71,09.08,11.04
2061-09-20,07.08,2.92,5.33,2.62,3.88,1.63,4.79,1.46,2.83,2.83,4.54,5.25
2061-09-21,6.92,7.75,7.79,4.12,7.75,4.25,6.46,7.5,4.38,6.63,13.17,7.12
2061-09-22,9.0,13.62,6.46,5.41,12.92,7.75,4.12,11.63,06.08,7.67,20.96,14.62
2061-09-23,10.25,7.29,8.17,5.83,8.12,6.46,06.08,7.33,06.08,7.5,10.46,12.04
2061-09-24,8.0,06.04,08.04,3.96,7.5,3.21,5.91,5.41,4.21,06.04,11.71,9.42
2061-09-25,10.34,12.92,8.87,5.79,11.58,8.0,8.92,12.5,08.04,13.0,20.17,16.21
2061-09-26,18.46,13.13,15.87,10.17,13.46,10.37,12.46,11.38,10.04,13.5,17.75,15.83
2061-09-27,11.34,6.96,9.38,6.0,11.25,6.34,08.08,6.25,7.0,10.13,14.29,14.29
2061-09-28,15.59,8.67,14.71,7.87,11.29,7.75,9.13,6.21,8.71,9.5,7.79,10.13
2061-09-29,19.12,13.62,17.16,9.59,14.67,9.13,9.21,12.38,9.25,14.0,20.3,15.71
2061-09-30,23.21,,17.58,11.17,20.75,12.0,10.96,15.34,12.08,17.46,21.37,17.16
2061-10-01,14.25,12.87,7.87,8.0,13.0,7.75,5.83,9.0,07.08,5.29,11.79,04.04
2061-10-02,14.09,8.67,13.54,8.54,9.62,9.42,8.71,9.0,10.58,12.12,7.58,19.62
2061-10-03,4.29,4.0,4.96,2.13,3.75,1.79,04.04,2.75,2.42,3.88,4.96,4.83
2061-10-04,3.13,4.42,6.13,1.46,3.79,01.04,3.5,1.87,1.42,2.42,4.92,6.5
2061-10-05,9.75,3.63,8.71,2.83,5.91,03.04,5.63,3.96,4.0,6.17,4.79,8.33
2061-10-06,16.04,16.96,17.83,9.79,9.75,9.71,12.96,9.5,8.67,11.96,9.96,14.42
2061-10-07,16.08,11.75,9.71,5.46,11.38,5.41,6.87,6.96,3.25,4.88,11.63,9.92
2061-10-08,15.37,11.87,10.29,6.63,13.59,8.46,10.17,9.5,9.21,12.21,17.83,16.25
2061-10-09,17.12,12.71,20.96,9.38,10.58,8.25,09.04,9.17,7.46,10.21,8.54,12.83
2061-10-10,14.46,13.25,11.46,9.42,13.17,11.04,11.75,12.38,11.12,15.21,20.46,19.41
2061-10-11,11.96,10.13,10.13,7.79,13.54,9.13,12.71,8.79,10.0,12.0,18.91,21.04
2061-10-12,,8.71,4.67,3.67,09.08,6.54,5.58,6.38,4.0,5.37,12.46,10.75
2061-10-13,10.25,10.34,7.92,6.58,11.29,8.67,9.92,5.96,6.46,7.38,12.5,11.96
2061-10-14,3.71,6.13,4.38,4.63,7.29,4.92,2.96,4.88,3.13,5.71,13.0,12.87
2061-10-15,7.79,6.87,4.21,4.58,9.46,7.21,9.0,7.75,8.42,10.58,15.29,17.96
2061-10-16,12.58,12.67,9.92,9.21,15.63,9.42,14.58,12.42,12.58,12.92,19.58,24.62
2061-10-17,28.62,19.46,19.67,19.38,22.46,16.42,22.17,20.17,18.0,23.13,24.71,32.63
2061-10-18,28.33,18.29,22.63,17.83,18.08,11.96,21.84,17.33,16.17,26.38,24.21,33.45
2061-10-19,17.12,12.67,16.5,9.59,10.25,8.29,13.21,10.63,12.0,13.13,13.96,23.0
2061-10-20,12.67,3.75,10.37,9.42,7.75,7.21,12.08,6.87,9.83,13.0,11.71,21.67
2061-10-21,10.46,7.83,10.71,6.83,9.54,6.83,7.5,06.08,7.38,11.08,10.88,13.46
2061-10-22,25.04,18.88,21.0,16.08,22.25,14.92,17.58,14.42,15.87,15.59,17.29,16.66
2061-10-23,19.25,15.41,15.59,10.79,17.67,12.17,16.21,13.25,14.12,17.75,22.29,25.0
2061-10-24,26.42,21.25,23.09,16.54,24.41,15.46,17.96,18.46,,22.13,27.29,30.88
2061-10-25,21.34,17.0,22.88,13.62,18.21,13.21,18.34,12.12,15.37,17.46,17.12,25.12
2061-10-26,16.29,11.29,17.41,6.58,12.21,8.92,9.79,10.13,8.54,12.12,13.08,12.75
2061-10-27,18.41,12.08,13.0,7.41,12.0,7.79,7.79,8.83,8.54,8.71,12.0,11.96
2061-10-28,6.5,3.29,4.79,2.21,4.58,2.62,9.75,3.71,5.79,6.67,8.5,13.29
2061-10-29,4.33,2.75,5.5,1.71,4.46,2.33,9.42,2.62,4.25,5.83,8.87,9.83
2061-10-30,9.42,8.71,10.5,6.38,11.63,8.71,14.88,10.58,11.08,11.92,17.25,20.62
2061-10-31,13.62,10.75,13.0,8.33,11.5,9.71,15.25,11.96,11.54,11.92,17.75,14.92
2061-11-01,13.21,13.13,14.33,8.54,12.17,10.21,13.08,12.17,10.92,13.54,20.17,20.04
2061-11-02,15.79,13.46,10.13,11.79,17.25,12.21,15.83,14.0,15.09,15.79,19.79,23.58
2061-11-03,9.75,4.83,10.25,6.63,7.29,6.92,11.21,5.75,7.83,8.92,10.96,23.13
2061-11-04,5.88,3.96,6.54,3.79,6.0,4.33,8.5,4.21,5.71,7.67,10.29,13.37
2061-11-05,13.33,12.29,11.04,7.33,10.04,8.58,10.79,11.12,09.04,13.29,18.05,18.71
2061-11-06,7.96,5.83,4.83,03.04,7.92,4.71,8.21,6.63,06.08,8.12,12.58,13.5
2061-11-07,11.83,09.04,12.58,5.13,10.0,6.42,9.29,6.58,7.38,10.88,11.12,13.46
2061-11-08,5.46,5.5,5.29,2.71,7.33,4.33,6.58,2.71,5.33,5.5,7.67,9.71
2061-11-09,7.71,6.21,3.83,1.87,6.21,3.33,8.21,1.42,3.37,3.71,6.34,6.63
2061-11-10,9.13,6.63,6.92,2.5,3.37,02.04,7.71,2.0,1.33,2.62,6.13,5.71
2061-11-11,16.08,10.75,20.41,8.79,8.42,5.17,12.12,5.0,5.71,5.96,9.62,11.46
2061-11-12,14.83,9.87,18.05,8.58,8.12,3.54,13.04,5.46,7.12,8.12,11.0,15.54
2061-11-13,15.0,13.0,32.71,13.33,9.59,10.13,21.87,10.04,10.37,14.04,9.25,13.25
2061-11-14,10.67,10.67,26.63,9.71,08.08,8.42,15.71,4.92,7.5,9.13,5.5,2.75
2061-11-15,8.58,5.5,15.71,5.17,8.17,3.29,6.0,2.83,4.38,4.21,3.83,3.58
2061-11-16,7.5,4.21,9.0,2.42,05.04,1.83,2.29,01.04,0.75,2.0,0.71,07.08
2061-11-17,8.71,5.33,6.46,1.5,5.66,1.25,3.13,0.63,0.92,1.25,2.71,2.0
2061-11-18,13.67,9.33,14.29,5.41,10.25,7.62,9.29,7.75,4.71,5.71,9.59,5.37
2061-11-19,11.46,7.62,14.12,4.25,10.13,5.91,9.33,5.17,2.88,5.88,9.54,6.13
2061-11-20,10.83,3.29,14.46,4.5,7.96,4.71,13.04,7.67,6.5,7.87,7.71,8.71
2061-11-21,14.29,4.96,10.46,4.21,6.0,4.54,7.0,4.96,4.88,8.33,6.5,8.71
2061-11-22,6.46,4.33,8.96,4.83,7.62,5.5,9.17,3.42,4.67,7.38,07.08,10.34
2061-11-23,9.0,9.83,6.34,6.25,10.13,7.41,15.41,09.08,9.33,12.42,20.46,22.58
2061-11-24,11.5,11.79,10.96,7.96,12.75,9.83,16.17,10.0,10.04,14.12,17.37,18.58
2061-11-25,5.75,7.12,05.04,5.0,09.04,6.25,11.83,6.38,6.79,10.04,12.71,15.96
2061-11-26,6.25,10.04,4.42,02.04,8.83,6.29,,6.96,3.71,6.92,10.58,4.25
2061-11-27,7.92,4.67,10.58,4.71,4.17,2.29,5.83,1.92,2.25,3.63,5.5,5.88
2061-11-28,8.92,10.21,8.25,5.21,10.96,8.63,12.79,9.46,8.83,11.17,18.96,19.46
2061-11-29,15.67,15.67,13.0,9.71,15.29,10.79,15.29,11.5,11.25,13.0,19.04,21.29
2061-11-30,23.75,18.71,19.92,14.46,19.92,11.04,16.5,8.63,12.58,10.29,12.54,13.62
2061-12-01,9.67,7.75,8.0,3.96,6.0,2.75,7.25,2.5,5.58,5.58,7.79,11.17
2061-12-02,8.58,5.96,8.83,4.17,8.33,5.79,12.21,3.46,5.66,7.71,8.17,17.29
2061-12-03,13.75,10.13,11.79,3.29,7.83,6.79,7.67,6.25,5.46,4.0,8.25,14.37
2061-12-04,22.83,17.0,19.79,10.37,13.54,12.75,13.79,15.29,9.83,14.5,21.79,19.21
2061-12-05,17.67,14.09,14.92,12.92,13.33,11.83,17.83,11.92,15.12,15.41,19.21,29.33
2061-12-06,11.92,9.21,10.92,6.5,7.79,5.5,12.62,3.13,8.29,7.87,10.71,13.67
2061-12-07,17.96,15.83,12.17,4.5,13.59,08.04,8.87,08.04,05.09,5.75,12.21,7.58
2061-12-08,16.62,12.08,20.54,9.21,12.96,14.54,19.83,10.0,11.92,15.5,16.33,19.41
2061-12-09,10.83,10.96,9.71,3.83,9.21,7.12,10.04,6.96,07.08,9.67,11.08,09.08
2061-12-10,23.71,21.37,20.17,13.04,18.08,13.17,18.84,15.46,12.46,15.46,20.5,15.41
2061-12-11,21.34,16.38,19.0,13.62,20.0,14.83,25.62,14.5,17.25,17.41,22.83,18.34
2061-12-12,15.46,14.88,14.67,6.63,15.46,12.96,16.83,13.46,12.38,13.54,18.34,16.13
2061-12-13,16.25,11.96,16.04,9.83,14.62,11.34,16.66,11.46,11.79,13.59,16.79,18.16
2061-12-14,11.34,17.62,9.71,6.92,14.92,10.63,9.38,09.08,7.75,07.04,14.33,15.09
2061-12-15,18.05,15.71,16.66,12.92,16.75,16.42,10.71,12.5,13.59,13.62,20.62,21.12
2061-12-16,9.29,8.63,09.04,6.5,9.5,07.04,6.92,5.46,7.12,7.54,7.38,6.5
2061-12-17,13.17,9.13,10.92,4.46,8.83,8.67,9.54,6.54,4.71,4.67,5.5,7.17
2061-12-18,12.17,11.63,08.08,1.79,8.71,6.63,4.79,3.88,3.79,3.88,5.83,5.91
2061-12-19,12.38,10.88,8.96,0.58,7.33,2.83,3.54,05.04,1.71,5.75,6.67,5.66
2061-12-20,11.46,9.79,8.63,2.54,7.5,3.37,3.63,3.46,1.25,5.41,5.29,3.92
2061-12-21,13.13,10.0,8.83,3.21,9.96,3.96,4.33,3.71,2.75,2.46,6.5,2.62
2061-12-22,16.21,11.87,15.0,7.62,14.12,9.75,13.59,10.04,8.25,9.17,12.83,12.38
2061-12-23,24.41,16.13,22.13,15.59,20.38,13.59,18.12,14.33,12.54,15.34,17.67,16.62
2061-12-24,20.54,13.5,18.25,9.17,15.5,9.46,8.5,8.63,8.33,11.87,14.92,10.04
2061-12-25,19.58,10.29,18.34,6.5,11.34,8.12,11.92,11.92,10.37,9.54,13.21,13.62
2061-12-26,20.54,16.04,20.91,8.33,11.21,07.08,17.12,12.75,09.04,10.83,13.21,11.34
2061-12-27,9.25,5.21,09.04,04.08,5.91,1.83,2.92,1.87,1.83,1.96,3.75,6.63
2061-12-28,05.04,03.08,2.13,0.42,3.67,2.42,8.96,4.17,3.33,7.41,9.96,15.21
2061-12-29,14.33,13.83,23.21,11.25,9.83,7.25,15.0,8.42,8.25,10.79,10.54,14.62
2061-12-30,16.83,10.25,29.33,11.79,9.17,7.41,17.29,5.75,9.38,9.59,9.17,13.79
2061-12-31,9.87,7.83,7.67,3.75,5.66,3.5,10.04,03.08,05.04,3.79,08.04,14.67
2062-01-01,9.29,3.42,11.54,3.5,2.21,1.96,10.41,2.79,3.54,5.17,4.38,7.92
2062-01-02,06.08,3.13,05.09,0.87,0.42,0.33,8.46,0.0,0.54,4.54,1.96,7.71
2062-01-03,7.75,4.46,06.04,3.17,3.58,0.42,4.58,0.0,03.08,0.92,0.58,6.34
2062-01-04,3.17,4.92,4.38,01.04,3.5,1.79,5.5,3.75,1.63,3.17,12.38,11.71
2062-01-05,11.67,13.04,11.38,4.79,11.42,8.96,15.29,10.75,9.13,11.87,17.04,14.67
2062-01-06,15.04,12.29,12.21,4.71,9.0,6.13,8.46,6.92,5.46,5.91,12.62,10.92
2062-01-07,12.62,11.04,11.34,3.54,11.75,08.04,14.29,8.42,8.63,13.75,18.88,16.71
2062-01-08,21.09,16.62,20.08,12.92,17.41,11.71,17.71,13.5,12.17,16.38,26.12,19.5
2062-01-09,12.29,12.04,10.63,6.5,11.54,8.96,15.29,8.87,10.29,14.5,18.63,21.75
2062-01-10,21.62,20.88,16.46,10.04,15.71,10.96,14.29,12.17,9.0,12.33,16.75,16.79
2062-01-11,29.71,25.46,20.67,17.75,23.09,17.0,25.96,16.21,17.5,17.62,21.92,20.04
2062-01-12,20.91,20.08,16.79,16.62,22.29,14.83,23.54,15.04,19.79,16.83,21.04,18.66
2062-01-13,15.71,14.83,9.92,8.87,13.54,9.67,19.7,10.63,13.21,12.96,19.46,23.33
2062-01-14,10.34,9.42,8.0,5.0,8.58,6.25,12.42,6.79,7.17,8.25,11.25,12.5
2062-01-15,31.13,22.34,26.25,18.25,20.54,17.25,20.38,16.83,16.96,21.67,25.88,23.13
2062-01-16,27.79,26.54,19.83,12.54,20.46,16.25,19.75,16.71,14.29,20.08,29.42,26.5
2062-01-17,20.54,14.79,19.46,12.83,18.41,13.88,22.79,12.75,15.63,19.38,18.66,22.79
2062-01-18,13.33,9.96,10.63,4.12,8.75,8.0,12.46,7.67,7.41,10.0,13.67,13.25
2062-01-19,10.46,9.54,8.46,5.0,10.83,9.42,16.08,10.04,10.54,13.0,19.0,19.92
2062-01-20,11.46,10.17,9.75,3.0,9.46,6.75,10.29,08.04,6.67,12.04,13.92,14.42
2062-01-21,19.29,18.79,17.41,11.63,15.67,12.12,17.29,15.34,14.09,17.92,26.0,21.92
2062-01-22,20.54,21.42,14.33,14.29,22.25,12.92,23.25,16.92,16.88,15.67,26.67,27.0
2062-01-23,14.58,15.75,12.5,05.04,10.83,8.38,12.71,6.87,6.96,8.63,12.54,11.83
2062-01-24,24.13,19.55,18.66,12.62,16.17,12.96,17.25,15.29,12.96,13.75,19.75,12.46
2062-01-25,12.92,13.29,12.96,7.75,13.04,10.92,18.29,9.59,13.04,11.54,16.38,10.58
2062-01-26,5.96,04.08,4.92,2.13,4.54,03.08,7.41,1.92,04.04,04.08,4.29,07.08
2062-01-27,4.46,7.96,8.12,1.83,5.46,2.71,5.17,3.83,5.33,4.25,5.13,3.25
2062-01-28,0.67,4.5,2.96,0.87,1.38,1.21,3.63,1.54,1.71,1.42,8.67,6.79
2062-01-29,7.67,7.58,7.96,5.13,5.88,5.83,2.17,6.17,6.38,5.71,16.96,13.62
2062-01-30,14.12,12.83,12.87,5.25,10.96,9.38,13.33,15.25,9.87,15.54,24.37,20.17
2062-01-31,21.96,17.25,18.75,12.08,16.5,12.25,22.42,17.0,15.87,17.58,23.13,22.25
2062-02-01,19.12,13.96,12.21,10.58,15.71,10.63,15.71,11.08,13.17,12.62,17.67,22.71
2062-02-02,7.67,10.29,8.83,05.09,10.0,7.17,13.17,6.29,8.58,8.46,11.71,11.96
2062-02-03,14.92,11.54,11.67,6.71,13.5,10.04,15.96,11.46,12.42,12.12,18.58,20.71
2062-02-04,20.3,16.96,17.83,11.08,19.46,13.25,18.88,11.29,15.34,13.83,17.08,17.21
2062-02-05,13.83,12.75,12.71,7.62,12.12,10.13,15.75,11.83,12.17,12.38,19.29,19.95
2062-02-06,21.84,18.29,20.25,12.12,18.79,12.29,18.75,18.41,14.21,17.75,28.12,23.16
2062-02-07,30.13,25.17,21.17,16.62,22.58,16.29,25.0,20.0,20.71,20.67,27.04,25.29
2062-02-08,10.92,7.25,11.42,5.79,7.75,5.58,8.21,5.58,6.83,7.54,10.13,11.21
2062-02-09,9.21,7.38,7.96,04.04,10.5,6.46,12.08,7.71,8.17,8.54,14.29,14.46
2062-02-10,14.42,11.21,10.08,7.12,13.08,8.21,14.96,10.17,11.54,12.38,16.62,20.88
2062-02-11,18.38,14.42,15.59,12.79,21.0,14.67,24.41,17.33,19.04,18.38,28.04,29.08
2062-02-12,29.17,22.63,21.34,22.88,30.0,20.58,29.54,21.92,25.29,22.37,25.84,28.91
2062-02-13,26.3,23.38,17.29,12.62,17.21,10.08,15.79,11.87,10.29,12.92,19.5,21.71
2062-02-14,12.96,7.5,12.96,6.96,8.5,5.54,11.71,3.33,7.46,7.62,10.25,13.62
2062-02-15,13.21,10.67,12.08,10.37,18.0,13.67,23.45,17.83,16.5,16.42,21.92,25.75
2062-02-16,26.04,16.83,15.46,18.16,23.42,19.29,28.84,20.75,24.79,25.0,25.33,33.5
2062-02-17,12.87,4.75,9.0,5.13,10.04,6.42,14.12,8.21,8.96,8.67,10.41,14.25
2062-02-18,5.79,5.83,6.46,3.5,6.63,5.63,8.29,5.63,5.79,7.96,13.08,12.29
2062-02-19,10.54,9.5,8.79,3.21,7.96,4.17,7.92,5.58,4.83,6.17,14.17,8.71
2062-02-20,5.66,6.67,4.29,1.46,7.21,3.29,1.46,02.04,1.63,02.08,6.25,03.04
2062-02-21,7.41,5.91,9.96,,03.08,4.0,07.04,3.71,5.29,6.17,7.46,8.0
2062-02-22,15.75,6.58,17.5,6.29,9.62,7.96,15.29,8.25,10.92,9.21,10.13,10.34
2062-02-23,17.5,7.62,19.58,6.96,12.12,8.67,20.21,10.25,13.83,9.54,15.29,10.75
2062-02-24,13.92,8.58,21.37,8.79,11.75,9.29,18.12,10.13,11.0,9.33,11.46,12.5
2062-02-25,16.0,13.37,25.92,12.33,15.34,11.42,22.63,13.13,12.46,12.42,15.75,25.08
2062-02-26,17.88,15.5,27.16,12.38,14.88,10.58,25.62,16.13,13.96,15.37,19.79,27.88
2062-02-27,18.91,13.33,26.92,13.0,15.63,11.0,26.87,17.04,14.33,14.29,21.59,27.25
2062-02-28,13.0,9.29,19.21,6.5,11.12,06.04,13.88,09.04,07.08,9.33,10.96,15.75
2062-03-01,8.21,4.83,9.0,4.83,6.0,2.21,7.96,1.87,04.08,3.92,04.08,5.41
2062-03-02,08.08,7.29,6.54,03.08,8.71,4.63,9.59,6.17,4.29,5.63,11.42,14.96
2062-03-03,11.5,6.0,12.5,4.63,7.67,4.21,6.71,8.12,6.13,5.91,7.58,12.96
2062-03-04,,5.33,13.5,6.13,6.46,2.71,5.33,3.79,4.46,04.04,2.71,07.08
2062-03-05,6.63,3.96,5.88,02.04,3.29,03.08,5.79,1.63,1.67,2.79,2.67,2.46
2062-03-06,15.09,14.37,7.92,05.04,12.62,6.92,8.0,8.42,3.92,5.13,10.75,5.29
2062-03-07,35.8,31.63,30.37,20.79,32.42,24.25,29.58,23.29,19.08,20.75,21.37,18.16
2062-03-08,13.29,11.67,21.29,9.38,14.75,13.08,18.0,12.75,8.75,10.92,13.46,14.71
2062-03-09,8.54,7.17,11.08,3.83,7.96,4.96,9.0,6.58,04.08,4.42,5.83,6.63
2062-03-10,15.5,7.17,5.33,4.38,11.0,2.17,3.83,02.04,03.04,6.13,2.21,10.96
2062-03-11,5.46,2.88,6.54,3.58,6.0,5.71,10.92,9.67,9.83,7.75,7.87,11.21
2062-03-12,6.54,4.42,14.62,4.75,8.0,5.29,7.71,6.58,6.38,6.17,8.67,9.29
2062-03-13,6.71,4.21,7.41,05.04,6.0,2.88,6.83,5.46,4.67,5.29,4.29,9.62
2062-03-14,5.5,9.92,3.88,02.08,8.71,2.17,4.0,3.5,1.71,02.04,6.67,4.67
2062-03-15,15.79,10.83,21.37,10.13,15.75,14.67,16.54,12.87,12.38,15.34,17.92,21.09
2062-03-16,7.0,4.46,18.38,6.38,10.0,7.41,12.58,5.83,8.42,12.46,8.71,
2062-03-17,12.71,10.67,11.67,5.75,11.71,8.21,7.71,7.75,6.58,7.67,7.79,11.5
2062-03-18,14.71,11.08,11.83,4.5,11.0,5.33,5.79,7.67,06.04,5.96,7.83,6.75
2062-03-19,10.92,7.87,13.7,5.41,8.29,5.54,09.04,6.54,5.66,06.04,9.21,5.21
2062-03-20,9.21,7.38,14.12,2.29,5.91,1.92,7.67,5.96,5.66,6.34,10.83,12.42
2062-03-21,10.13,5.66,16.08,4.92,5.83,3.71,6.71,3.0,3.83,5.63,3.63,6.67
2062-03-22,4.33,2.25,5.66,2.88,5.29,2.46,5.96,04.04,3.83,5.75,5.5,10.46
2062-03-23,9.42,6.5,16.42,07.04,7.83,5.88,9.42,5.41,6.25,6.0,9.92,9.79
2062-03-24,6.83,3.21,8.25,3.71,5.96,1.0,3.5,3.63,1.46,3.13,6.17,8.96
2062-03-25,17.67,14.62,14.88,10.58,17.92,13.37,19.41,17.83,16.25,18.46,22.46,21.29
2062-03-26,12.92,8.21,8.92,11.12,12.5,9.67,14.88,9.54,13.5,11.79,11.92,13.17
2062-03-27,6.92,3.83,5.91,5.88,6.58,4.96,9.92,5.75,6.29,10.54,09.04,13.13
2062-03-28,14.83,14.12,16.42,9.0,14.33,12.17,13.54,11.46,9.79,11.0,16.21,16.5
2062-03-29,16.66,13.17,14.71,8.71,12.17,8.71,10.83,9.79,8.63,10.17,14.88,18.63
2062-03-30,13.92,6.5,9.83,8.87,12.38,8.46,13.75,9.13,10.37,11.08,11.0,18.5
2062-03-31,18.21,15.46,11.42,11.75,17.88,10.96,16.42,10.83,12.83,11.38,17.79,17.79
2062-04-01,14.33,12.25,11.87,10.37,14.92,11.0,19.79,11.67,14.09,15.46,16.62,23.58
2062-04-02,26.75,20.25,24.0,13.59,18.25,12.79,20.83,14.46,14.12,16.25,18.75,16.08
2062-04-03,17.71,10.46,7.12,8.25,12.62,7.75,10.67,9.5,8.71,10.34,13.17,12.08
2062-04-04,29.04,23.75,15.63,15.71,26.04,16.75,17.83,20.54,16.08,14.62,23.91,13.83
2062-04-05,28.33,16.38,18.08,17.88,21.21,15.16,22.42,18.05,20.83,18.34,21.42,18.16
2062-04-06,14.37,12.87,12.29,10.29,14.79,9.79,17.08,10.79,13.21,11.92,16.96,20.12
2062-04-07,19.29,16.29,17.67,11.96,19.29,12.79,22.5,12.75,16.83,14.33,16.88,17.41
2062-04-08,32.58,23.21,17.88,16.92,24.54,14.17,18.25,15.71,15.41,13.04,22.46,14.67
2062-04-09,17.21,11.63,10.79,10.37,16.17,10.04,16.21,12.5,12.92,12.87,14.46,15.25
2062-04-10,10.13,6.67,7.58,4.96,10.34,5.41,12.04,8.67,09.04,9.0,10.37,14.42
2062-04-11,8.79,5.58,9.67,7.41,11.21,9.42,14.12,8.75,10.34,12.96,10.17,15.71
2062-04-12,4.58,5.58,5.88,1.58,3.96,2.5,3.79,3.96,2.92,4.42,6.21,7.21
2062-04-13,8.92,5.58,13.79,3.75,7.33,4.21,6.58,6.25,5.66,4.71,7.29,13.08
2062-04-14,11.67,10.37,13.33,4.54,7.96,06.04,11.42,9.21,9.21,9.21,9.59,15.79
2062-04-15,13.04,7.83,23.13,7.71,9.67,8.75,13.83,8.25,10.08,9.5,8.63,14.09
2062-04-16,10.17,8.92,27.04,10.88,9.75,8.92,15.34,8.38,8.75,12.42,10.17,13.33
2062-04-17,10.41,5.88,20.12,9.46,7.54,8.29,14.83,8.63,7.21,12.87,11.12,11.63
2062-04-18,10.13,8.17,12.79,6.58,8.92,7.33,11.71,8.63,8.17,11.92,11.17,12.12
2062-04-19,5.58,4.38,6.79,3.63,4.92,3.58,6.21,2.71,2.42,5.21,7.29,7.5
2062-04-20,8.58,8.83,8.79,4.21,8.92,5.71,6.17,8.21,5.58,7.41,14.37,10.25
2062-04-21,5.75,05.09,7.54,2.25,5.13,3.33,3.58,2.62,2.75,2.92,4.63,7.46
2062-04-22,9.96,14.83,9.59,7.38,12.46,7.92,8.58,8.79,7.46,7.71,11.63,07.08
2062-04-23,7.5,7.33,7.62,5.54,9.59,7.38,8.96,7.54,5.91,7.96,10.25,12.58
2062-04-24,5.71,5.46,5.29,02.04,04.08,2.33,5.79,4.92,3.46,4.5,11.75,5.63
2062-04-25,04.04,8.29,04.08,02.04,4.54,3.79,5.83,9.17,4.0,6.25,19.0,11.54
2062-04-26,3.58,2.75,4.63,1.13,2.96,2.42,7.67,03.04,3.58,6.87,7.71,7.79
2062-04-27,6.17,1.42,12.25,3.25,3.46,5.63,6.42,2.79,5.37,3.37,8.5,4.33
2062-04-28,4.75,2.92,10.08,2.71,3.21,3.29,5.17,3.0,4.5,3.17,9.17,2.21
2062-04-29,9.17,7.62,8.54,3.79,6.46,4.79,5.37,6.54,6.75,5.13,6.46,5.91
2062-04-30,6.58,9.71,8.79,4.71,06.08,5.46,5.41,5.63,5.75,4.67,6.92,2.58
2062-05-01,9.62,9.54,3.58,3.33,8.75,3.75,2.25,2.58,1.67,2.37,7.29,3.25
2062-05-02,9.83,11.17,5.46,4.33,9.75,4.42,4.0,05.09,3.54,4.79,6.79,5.29
2062-05-03,9.5,8.33,6.46,4.83,7.38,3.71,3.5,3.13,3.67,04.08,3.63,3.33
2062-05-04,5.54,8.21,8.5,3.46,5.17,1.75,5.83,0.54,2.62,3.42,5.71,3.37
2062-05-05,11.67,11.79,12.58,7.12,10.96,08.08,8.79,11.17,06.04,7.62,14.54,12.42
2062-05-06,14.25,8.38,14.96,06.04,6.63,4.75,4.88,7.41,5.13,7.29,15.09,5.63
2062-05-07,16.88,15.67,16.5,11.38,13.67,10.67,14.09,12.71,10.29,10.41,18.21,11.5
2062-05-08,12.75,11.04,13.08,8.17,9.96,6.71,11.34,9.13,6.29,8.87,14.83,8.17
2062-05-09,8.63,8.25,9.59,1.87,7.87,3.71,07.04,6.29,3.54,04.04,11.38,6.29
2062-05-10,14.92,11.79,9.21,04.08,10.92,5.88,5.96,4.58,3.42,04.04,5.71,8.0
2062-05-11,14.96,14.25,12.67,8.75,11.79,7.67,11.04,11.54,8.42,9.83,12.08,13.75
2062-05-12,16.25,12.62,15.41,10.79,12.5,9.25,10.46,12.08,10.92,13.0,12.29,14.54
2062-05-13,12.42,10.21,6.67,6.83,9.5,6.46,8.75,7.33,7.83,10.0,9.38,9.83
2062-05-14,17.58,9.46,11.04,10.0,13.25,9.21,13.79,11.08,10.17,10.46,10.63,14.79
2062-05-15,13.42,9.75,11.63,7.0,12.87,7.5,9.83,10.25,8.5,9.25,13.92,15.34
2062-05-16,20.17,16.42,16.08,14.62,23.5,16.0,23.25,19.95,20.0,20.04,23.42,32.17
2062-05-17,14.0,14.0,11.5,11.25,17.33,12.17,18.05,13.13,13.59,12.87,17.88,25.25
2062-05-18,14.75,12.17,10.96,7.29,10.79,6.54,11.21,08.08,5.96,8.63,11.54,10.37
2062-05-19,21.04,11.04,15.87,12.29,16.66,10.75,17.12,12.46,14.29,14.09,14.0,17.0
2062-05-20,17.21,13.67,15.5,7.96,13.29,9.33,12.42,8.58,9.96,10.34,12.5,14.09
2062-05-21,18.63,13.17,11.08,7.79,15.41,9.79,11.63,10.29,9.38,8.75,13.25,13.67
2062-05-22,16.96,15.04,12.42,11.67,18.66,13.13,16.0,13.59,13.5,15.83,18.91,16.38
2062-05-23,12.87,10.0,11.25,8.83,14.5,10.17,16.42,12.33,12.0,12.67,14.62,18.79
2062-05-24,10.13,9.33,7.21,07.08,9.29,6.21,11.67,10.21,8.75,12.83,11.04,18.41
2062-05-25,9.59,10.79,17.67,6.83,9.79,6.34,8.0,10.25,7.38,11.08,12.92,18.46
2062-05-26,5.91,8.79,17.04,5.83,08.08,4.42,7.46,8.5,4.67,6.92,14.42,13.75
2062-05-27,6.13,7.62,19.87,7.5,08.04,5.91,9.92,7.92,6.5,8.12,12.5,10.46
2062-05-28,10.58,8.75,10.17,7.96,8.0,4.0,6.83,7.38,6.21,7.46,9.42,11.54
2062-05-29,11.34,9.25,7.62,5.63,10.17,5.79,6.75,9.5,6.34,9.83,10.96,13.88
2062-05-30,6.71,7.87,6.42,4.54,7.46,04.08,7.17,6.42,6.54,9.33,8.0,16.79
2062-05-31,10.88,8.46,20.12,6.58,7.92,5.33,7.83,8.12,6.79,9.83,9.17,14.09
2062-06-01,5.88,6.29,8.67,5.21,5.0,4.25,5.91,5.41,4.79,9.25,5.25,10.71
2062-06-02,4.96,4.63,5.75,2.58,3.92,01.08,3.17,2.79,2.42,1.29,4.12,5.66
2062-06-03,5.58,10.37,4.96,2.29,7.17,03.08,3.0,5.41,3.46,4.17,7.67,9.46
2062-06-04,8.79,11.67,04.04,5.46,10.92,6.0,3.33,8.92,4.5,7.21,07.04,8.71
2062-06-05,10.0,12.12,7.67,6.71,12.75,6.79,8.21,11.67,8.0,10.08,13.17,14.79
2062-06-06,7.67,10.83,4.5,5.37,10.63,6.79,06.08,10.29,5.96,7.54,15.34,9.79
2062-06-07,5.17,7.0,4.0,4.83,6.75,5.71,3.83,5.21,3.58,4.58,12.25,5.5
2062-06-08,2.54,4.29,5.71,2.92,4.67,3.46,5.41,5.83,4.63,5.5,8.79,4.29
2062-06-09,6.87,5.5,6.54,3.79,4.5,04.04,8.29,4.29,5.37,6.0,09.04,13.04
2062-06-10,8.87,5.25,09.08,4.58,4.54,5.29,6.5,05.04,5.33,8.79,6.96,11.34
2062-06-11,08.08,7.87,9.13,4.42,8.83,4.79,7.96,9.59,6.17,8.17,12.96,8.63
2062-06-12,10.54,5.37,12.92,4.21,7.46,5.83,09.08,7.17,6.79,08.08,8.58,11.92
2062-06-13,9.46,13.96,11.71,7.29,10.5,7.96,9.62,14.04,7.92,11.63,23.29,16.75
2062-06-14,14.71,13.21,16.17,8.25,17.33,11.38,14.0,16.62,13.67,17.5,24.41,26.71
2062-06-15,1.0,05.09,6.46,1.21,5.25,04.04,2.79,08.08,6.21,7.12,13.5,11.54
2062-06-16,5.75,5.5,08.08,3.67,7.71,4.42,8.42,7.58,7.38,8.0,13.17,15.37
2062-06-17,13.83,15.59,10.21,8.63,14.54,9.59,10.37,10.67,10.63,9.29,14.04,13.83
2062-06-18,22.13,21.04,22.54,16.5,23.5,14.12,21.5,21.92,18.96,21.79,29.79,26.58
2062-06-19,18.38,15.12,18.91,15.09,23.04,16.38,23.42,18.84,20.25,18.91,25.62,28.38
2062-06-20,11.42,9.71,12.75,6.25,8.83,6.25,12.54,10.21,9.42,10.71,14.33,19.7
2062-06-21,17.58,16.42,19.83,11.67,15.34,10.96,16.04,15.71,12.58,15.87,18.79,19.55
2062-06-22,13.33,10.13,12.96,8.67,15.79,10.13,13.67,11.38,13.29,12.92,18.75,23.71
2062-06-23,11.71,16.21,13.33,10.04,15.75,11.79,16.66,15.04,13.54,14.5,24.46,23.04
2062-06-24,19.67,13.67,14.09,12.21,17.71,14.88,25.29,19.0,19.62,20.41,20.3,27.46
2062-06-25,11.08,7.92,10.5,8.71,15.12,11.21,18.79,13.25,15.12,13.21,16.83,23.54
2062-06-26,15.34,10.63,10.92,8.75,10.96,9.38,14.33,11.08,11.08,13.79,11.38,18.88
2062-06-27,9.0,4.75,7.92,06.08,7.83,6.13,11.92,8.5,8.96,10.75,9.96,16.54
2062-06-28,12.54,6.5,9.25,8.21,11.71,8.71,12.79,10.5,11.87,10.67,11.0,7.33
2062-06-29,10.79,8.54,6.96,6.67,7.75,05.09,6.42,7.83,7.75,9.17,6.42,11.38
2062-06-30,6.5,5.13,4.33,5.13,5.54,3.71,7.12,7.33,6.63,8.71,5.5,12.42
2062-07-01,8.67,4.17,6.92,6.71,8.17,5.66,11.17,9.38,8.75,11.12,10.25,17.08
2062-07-02,14.67,6.67,9.54,10.21,13.67,10.58,17.5,13.0,12.38,15.09,12.42,18.63
2062-07-03,15.83,10.29,10.0,9.59,10.34,7.21,12.87,8.58,10.58,13.25,8.21,16.71
2062-07-04,15.96,10.25,9.21,7.29,11.71,7.62,10.08,10.71,8.71,12.46,13.59,16.25
2062-07-05,11.21,8.58,7.25,6.75,7.41,6.63,7.79,8.96,8.17,12.38,10.5,14.79
2062-07-06,08.04,4.29,6.13,3.17,4.12,2.58,5.46,2.25,4.71,5.17,5.96,5.71
2062-07-07,6.38,8.92,6.96,4.0,5.29,3.54,3.13,4.21,2.17,4.38,10.71,05.09
2062-07-08,8.96,11.38,7.25,5.46,10.58,5.66,4.67,8.96,6.42,6.83,10.21,09.08
2062-07-09,12.58,8.46,6.75,6.0,10.25,05.04,4.63,9.67,9.33,9.79,11.58,15.12
2062-07-10,6.96,5.46,8.92,5.17,8.58,5.37,7.5,10.63,8.58,10.37,9.5,16.96
2062-07-11,8.63,7.75,3.42,2.75,6.13,2.88,5.71,5.83,4.42,07.04,10.58,11.83
2062-07-12,7.58,5.37,7.33,3.92,2.88,02.04,4.75,01.04,1.71,4.5,4.79,6.21
2062-07-13,10.54,11.75,7.92,06.04,11.04,6.5,5.54,8.83,5.54,6.13,8.96,6.71
2062-07-14,5.88,6.42,9.59,4.25,7.25,5.71,8.0,9.71,9.33,8.46,11.12,12.38
2062-07-15,4.17,04.08,16.54,3.75,3.25,3.79,5.79,3.58,4.5,05.04,7.79,4.88
2062-07-16,6.29,4.79,6.0,2.21,6.17,1.75,1.87,0.96,0.37,3.13,5.41,2.29
2062-07-17,12.92,10.54,5.46,6.25,11.29,6.63,4.54,8.83,5.66,09.04,9.33,11.42
2062-07-18,18.88,16.62,15.67,11.0,16.25,12.96,12.33,14.92,11.96,14.92,19.38,20.83
2062-07-19,16.04,15.41,16.21,10.21,18.54,12.08,13.04,15.96,12.87,17.33,23.13,20.08
2062-07-20,7.92,11.0,10.29,8.33,10.0,6.83,9.17,13.67,6.42,12.33,20.38,17.75
2062-07-21,16.33,16.04,13.33,11.08,17.67,11.58,12.96,11.75,11.34,9.59,15.54,5.91
2062-07-22,12.42,9.54,10.75,9.96,15.34,9.17,11.29,8.54,10.08,9.25,9.21,12.21
2062-07-23,03.08,6.17,6.38,1.96,4.42,2.0,5.88,2.96,2.58,4.92,7.54,6.54
2062-07-24,10.04,6.34,8.67,2.62,07.08,2.46,4.38,3.17,2.88,5.58,4.67,8.17
2062-07-25,9.38,7.58,21.46,6.87,7.12,5.13,6.34,08.08,6.13,6.87,11.79,10.92
2062-07-26,10.79,10.75,25.12,10.13,9.0,6.63,10.0,8.92,7.29,9.54,12.04,6.34
2062-07-27,4.75,2.67,5.75,2.5,2.62,0.25,3.67,2.96,0.46,02.04,4.67,4.63
2062-07-28,4.5,04.08,5.25,2.33,3.42,2.29,2.88,6.34,3.13,4.83,7.71,5.5
2062-07-29,8.83,8.12,8.96,4.71,7.83,4.58,6.58,7.46,5.54,5.21,9.79,6.0
2062-07-30,14.17,9.0,11.25,8.21,14.12,9.71,12.17,12.04,10.04,11.5,14.58,18.63
2062-07-31,07.04,7.0,08.08,5.46,10.96,7.33,9.54,9.92,9.67,8.92,12.96,16.46
2062-08-01,4.58,5.37,06.04,2.29,7.87,3.71,4.46,2.58,4.0,4.79,7.21,7.46
2062-08-02,7.46,8.75,6.0,4.71,10.29,6.75,8.38,7.83,6.79,7.38,10.83,9.21
2062-08-03,16.04,11.75,11.54,8.79,10.75,6.71,8.42,9.42,7.46,8.63,11.79,13.62
2062-08-04,9.83,7.58,9.17,5.75,10.29,7.0,14.25,11.08,9.54,11.25,15.09,20.3
2062-08-05,5.88,4.5,7.83,4.25,8.92,6.54,10.75,7.71,7.87,9.59,9.92,19.46
2062-08-06,11.46,8.83,6.75,04.08,6.42,3.63,5.63,7.0,3.63,7.12,11.08,13.75
2062-08-07,14.5,9.29,10.13,7.92,10.67,07.08,10.5,7.25,8.79,9.83,11.12,12.83
2062-08-08,8.87,6.96,9.25,3.42,5.75,04.08,7.12,4.71,5.41,4.88,9.29,10.75
2062-08-09,14.67,11.71,14.96,10.34,14.62,10.0,12.25,12.04,10.75,13.79,19.04,21.79
2062-08-10,13.25,13.5,13.88,9.29,12.54,9.75,14.29,13.88,11.54,13.21,18.79,17.08
2062-08-11,16.92,15.16,16.46,13.0,18.12,12.96,18.5,17.25,17.92,17.37,24.08,29.95
2062-08-12,2.88,4.92,4.96,2.83,5.91,3.5,9.38,5.88,5.75,8.63,7.92,13.67
2062-08-13,10.04,5.25,12.04,4.29,5.75,2.29,5.88,4.58,06.08,03.08,5.5,6.92
2062-08-14,12.0,10.25,11.83,4.63,10.29,4.25,8.67,9.29,9.0,9.92,10.67,12.92
2062-08-15,10.79,10.46,08.08,7.41,12.17,6.83,10.41,8.46,8.58,6.5,11.46,13.21
2062-08-16,11.17,8.25,10.21,06.04,10.96,5.88,11.38,6.79,7.54,7.5,11.5,12.87
2062-08-17,8.21,6.58,8.71,4.71,10.58,6.83,11.25,7.83,6.75,07.08,8.83,10.92
2062-08-18,6.87,10.79,9.21,5.0,7.17,5.63,7.54,5.58,5.17,5.91,12.25,7.29
2062-08-19,14.17,13.62,13.59,9.83,10.79,8.54,10.5,11.67,9.33,11.08,18.63,13.7
2062-08-20,14.29,12.62,12.54,7.38,14.12,7.96,11.25,11.54,8.58,8.75,14.88,10.92
2062-08-21,14.67,12.38,13.37,9.54,15.46,10.34,14.21,14.5,12.42,11.83,17.75,20.75
2062-08-22,11.25,10.96,11.17,8.87,12.92,10.17,15.09,12.33,11.87,12.46,16.13,23.63
2062-08-23,18.84,14.79,17.33,9.25,14.25,10.0,17.04,14.04,11.75,14.25,20.67,21.67
2062-08-24,15.12,14.29,11.5,11.71,17.25,12.96,21.09,15.75,15.96,14.54,19.79,26.87
2062-08-25,13.25,11.54,10.88,8.33,12.17,8.63,15.5,11.04,10.67,11.12,16.5,21.75
2062-08-26,24.67,20.12,19.83,17.75,20.88,15.96,22.13,18.08,19.41,19.75,23.63,19.46
2062-08-27,10.0,8.67,9.83,6.54,9.92,7.25,14.29,7.41,9.83,10.5,10.63,17.25
2062-08-28,06.04,07.04,4.92,02.08,4.71,3.17,5.54,2.29,03.04,4.58,5.63,11.21
2062-08-29,4.83,3.88,5.29,1.87,1.92,1.92,7.75,4.5,3.75,7.29,10.37,15.34
2062-08-30,0.96,2.33,4.17,2.21,4.38,3.83,6.42,05.04,5.0,6.46,9.42,13.96
2062-08-31,6.38,8.38,4.25,3.63,6.58,3.13,5.37,4.67,3.83,5.79,6.29,7.54
2062-09-01,10.0,12.08,10.96,9.25,9.29,7.62,7.41,8.75,7.67,9.62,14.58,11.92
2062-09-02,3.83,7.67,10.37,5.13,4.46,1.21,5.0,5.88,1.25,4.29,12.75,6.17
2062-09-03,11.08,11.5,11.38,6.29,7.87,6.67,6.17,4.92,4.92,6.46,12.33,05.04
2062-09-04,13.25,9.71,12.33,5.66,11.42,6.5,6.46,06.08,5.37,6.54,7.29,4.46
2062-09-05,5.41,5.25,7.96,3.58,4.92,3.58,7.5,2.25,3.33,5.13,5.25,9.21
2062-09-06,10.92,8.92,10.08,4.75,8.29,2.21,5.25,08.04,2.88,7.17,14.54,12.08
2062-09-07,12.83,11.0,10.79,8.46,13.13,10.13,11.63,10.79,11.38,11.25,13.25,21.0
2062-09-08,10.46,11.63,9.67,6.46,10.34,6.29,08.04,6.46,5.96,7.41,9.5,11.42
2062-09-09,16.83,15.87,20.12,13.13,17.21,13.13,18.79,14.5,13.79,16.54,17.33,15.71
2062-09-10,9.59,10.63,11.87,4.88,8.63,7.0,9.59,3.13,4.46,4.63,8.42,8.38
2062-09-11,18.96,10.92,15.59,6.29,9.87,6.0,8.38,08.04,5.25,7.58,15.63,13.75
2062-09-12,12.67,9.67,9.71,5.79,10.75,5.58,7.54,8.17,5.71,8.67,12.67,15.67
2062-09-13,7.96,8.42,6.29,4.21,9.46,4.96,6.13,4.83,3.17,5.29,6.92,06.04
2062-09-14,11.25,10.34,12.04,6.34,12.21,6.5,7.25,9.71,7.46,11.5,16.21,16.29
2062-09-15,10.29,08.08,7.17,5.21,10.25,4.79,7.92,6.29,7.46,7.33,11.63,13.79
2062-09-16,13.46,10.63,10.04,7.92,12.67,09.04,11.75,10.54,11.08,9.71,14.79,18.05
2062-09-17,11.34,8.75,10.79,6.54,9.17,7.17,10.58,6.38,7.79,11.34,11.96,17.75
2062-09-18,6.83,5.46,9.38,04.04,4.25,2.46,6.79,2.13,4.63,7.29,05.04,11.25
2062-09-19,6.46,4.71,12.42,1.67,4.42,0.83,2.88,01.04,2.13,1.75,3.17,3.0
2062-09-20,09.08,6.96,16.17,4.21,7.33,3.67,4.63,1.42,02.04,3.37,2.79,0.67
2062-09-21,6.29,03.08,10.54,2.17,4.96,2.5,2.29,1.42,0.87,1.25,4.33,7.54
2062-09-22,4.88,5.25,6.29,2.21,5.88,4.33,6.58,06.08,4.29,7.5,14.29,16.21
2062-09-23,9.25,10.67,9.62,3.75,10.54,6.38,8.33,11.67,6.58,12.54,19.67,16.96
2062-09-24,8.54,9.13,8.5,4.12,9.0,4.79,4.88,4.5,4.29,5.21,6.25,8.5
2062-09-25,12.62,9.33,12.62,6.54,8.67,06.08,10.83,6.87,5.58,7.58,12.12,12.04
2062-09-26,12.0,6.63,12.54,6.75,8.17,4.5,12.0,4.67,8.71,9.0,5.33,17.0
2062-09-27,9.59,10.21,12.17,5.91,10.71,7.38,8.42,6.17,6.13,7.96,6.42,13.75
2062-09-28,11.42,9.54,10.46,7.29,13.75,8.87,11.29,9.0,9.25,10.71,13.83,12.71
2062-09-29,21.37,16.75,18.38,11.5,17.67,12.5,13.79,14.0,13.13,14.58,19.92,20.04
2062-09-30,26.83,16.42,22.95,14.88,16.38,13.75,16.54,16.88,14.62,19.38,26.3,23.0
2062-10-01,14.58,7.83,19.21,10.08,11.54,8.38,13.29,10.63,8.21,12.92,18.05,18.12
2062-10-02,8.79,5.58,8.67,3.21,9.42,6.0,7.12,7.83,6.58,9.33,15.79,13.83
2062-10-03,9.96,12.29,8.25,3.63,10.34,7.87,7.33,10.46,6.42,10.34,20.08,16.58
2062-10-04,21.5,16.75,18.88,12.54,17.41,13.92,11.54,15.5,13.79,16.0,25.84,24.04
2062-10-05,5.83,10.37,7.79,4.58,8.42,6.34,8.29,10.92,6.21,9.33,16.88,13.46
2062-10-06,9.59,11.08,8.25,4.88,10.08,6.87,6.25,9.54,5.46,8.96,17.46,12.38
2062-10-07,12.12,14.25,8.79,8.5,14.0,9.25,08.04,9.79,8.46,10.88,15.87,13.88
2062-10-08,7.71,7.54,9.0,6.29,8.92,6.0,8.46,6.13,6.13,7.79,07.08,9.17
2062-10-09,5.63,0.87,6.38,1.38,5.46,2.37,4.88,3.0,2.67,4.75,2.58,6.58
2062-10-10,5.91,1.58,07.04,1.71,2.83,1.67,4.83,2.29,4.54,06.04,2.54,10.71
2062-10-11,14.96,9.17,8.0,02.04,7.12,2.75,7.79,7.38,8.42,7.62,7.83,8.33
2062-10-12,11.67,06.08,11.67,3.13,6.29,2.13,4.96,4.12,04.08,5.96,5.0,6.38
2062-10-13,5.13,1.42,10.79,2.79,2.13,0.04,2.5,0.25,0.87,2.71,2.67,7.75
2062-10-14,03.04,1.63,3.37,1.0,3.0,0.37,4.88,0.46,01.04,05.04,06.08,9.25
2062-10-15,3.42,2.54,2.5,0.25,1.87,0.79,3.92,0.42,2.0,5.17,6.38,11.67
2062-10-16,03.08,2.75,1.96,0.67,1.96,0.92,4.38,3.88,0.5,3.83,11.71,8.5
2062-10-17,02.04,3.79,3.67,1.21,3.17,2.37,6.29,6.87,3.67,8.33,15.5,14.83
2062-10-18,4.88,2.42,5.25,3.29,5.75,5.83,11.63,7.83,7.21,8.29,14.83,18.12
2062-10-19,6.38,1.71,7.0,03.04,5.21,2.88,5.58,2.37,4.38,6.13,4.96,8.42
2062-10-20,8.38,5.63,9.46,2.46,4.42,2.71,3.79,3.88,4.46,4.96,6.38,05.04
2062-10-21,12.0,7.62,11.58,3.13,08.08,05.09,6.34,7.71,4.12,7.83,9.13,6.92
2062-10-22,4.96,4.67,8.33,1.67,4.17,2.13,4.92,0.79,2.21,6.13,7.12,7.17
2062-10-23,1.5,3.75,3.5,0.67,3.29,3.54,6.54,7.83,4.46,8.0,12.79,11.34
2062-10-24,8.96,11.83,10.46,4.63,9.59,7.5,8.5,11.75,6.79,12.5,20.46,16.75
2062-10-25,13.13,12.87,11.21,7.92,12.04,8.96,11.79,11.38,9.79,14.17,19.21,21.71
2062-10-26,14.04,8.54,18.79,8.29,8.38,7.62,11.04,6.25,7.5,9.83,12.25,15.79
2062-10-27,15.16,15.41,12.92,8.25,17.0,11.12,15.63,15.67,14.04,15.67,24.83,25.75
2062-10-28,19.95,14.17,14.09,12.62,14.09,10.75,15.92,13.54,14.37,16.04,19.17,28.12
2062-10-29,12.92,10.79,13.13,5.79,10.96,9.21,11.96,8.71,8.46,10.83,15.79,18.0
2062-10-30,18.25,22.79,11.75,10.67,20.79,11.67,20.75,17.29,16.46,14.58,29.42,29.17
2062-10-31,15.21,12.25,8.38,09.04,13.67,10.58,12.75,11.96,12.25,11.87,18.21,19.04
2062-11-01,16.88,13.25,16.0,8.96,13.46,11.46,10.46,10.17,10.37,13.21,14.83,15.16
2062-11-02,15.96,8.46,13.7,6.13,7.71,7.67,06.04,5.83,4.75,5.83,6.46,09.04
2062-11-03,5.21,3.75,6.17,3.37,08.08,3.88,6.83,01.08,2.79,3.63,5.13,7.0
2062-11-04,13.75,7.29,15.67,7.41,11.54,8.67,10.92,8.29,9.96,12.96,11.58,17.62
2062-11-05,16.08,6.5,18.91,7.96,7.71,9.62,19.75,6.0,11.79,16.54,9.62,23.87
2062-11-06,12.17,08.08,12.46,6.17,7.92,6.79,8.29,8.71,6.75,8.25,9.67,11.71
2062-11-07,2.96,4.33,05.04,2.5,4.71,2.88,3.5,2.79,2.37,3.46,3.13,4.92
2062-11-08,4.12,3.25,11.08,3.42,5.0,3.21,4.42,02.04,2.54,03.04,2.96,3.0
2062-11-09,12.42,13.62,23.63,8.5,9.87,09.04,12.58,9.29,8.25,11.75,14.12,15.96
2062-11-10,11.25,6.79,22.71,9.5,10.67,10.71,16.25,11.42,11.92,11.87,10.34,22.08
2062-11-11,12.04,6.42,16.58,5.58,9.0,5.46,14.75,9.13,7.71,8.87,8.58,11.46
2062-11-12,7.29,5.29,10.58,3.33,4.25,2.62,5.5,2.75,2.67,5.17,4.0,4.5
2062-11-13,7.79,1.75,7.83,2.83,04.04,02.08,7.29,1.67,3.17,5.21,8.63,11.21
2062-11-14,13.62,11.29,11.04,7.96,13.79,10.25,13.7,11.54,11.29,13.62,17.46,25.62
2062-11-15,10.46,8.54,9.13,6.54,6.92,5.29,9.42,4.54,4.83,6.92,12.29,12.87
2062-11-16,14.83,13.75,10.75,5.25,11.12,8.5,10.41,8.12,8.79,10.29,15.67,15.54
2062-11-17,24.96,21.59,19.83,16.04,16.66,13.08,18.0,15.37,14.79,19.12,21.0,31.34
2062-11-18,23.63,15.09,24.62,15.83,13.96,10.17,16.46,10.5,11.34,14.62,22.29,30.34
2062-11-19,10.41,4.46,13.83,6.54,6.46,6.38,10.37,1.96,6.87,6.75,9.38,14.09
2062-11-20,10.79,12.71,13.67,6.25,8.46,9.13,10.54,9.13,8.63,8.0,9.83,10.46
2062-11-21,7.67,5.0,13.21,3.88,3.25,04.08,8.42,1.0,4.58,4.96,2.5,6.54
2062-11-22,5.13,5.13,5.88,1.87,6.75,6.38,8.38,04.08,2.96,4.92,9.33,8.79
2062-11-23,11.29,12.08,11.63,6.0,11.83,10.34,12.96,12.83,10.13,12.08,15.21,11.83
2062-11-24,20.5,15.21,15.04,11.79,15.5,11.67,11.17,11.96,9.96,11.75,16.58,16.79
2062-11-25,5.88,5.13,5.63,2.5,5.33,3.5,4.0,2.54,2.17,03.04,4.63,6.0
2062-11-26,4.0,2.21,3.21,0.21,2.33,1.0,5.96,0.0,0.83,0.92,2.75,8.42
2062-11-27,4.88,2.67,7.83,03.04,2.37,0.46,05.09,0.0,1.75,1.87,2.46,8.33
2062-11-28,6.17,1.5,06.04,1.63,2.46,0.33,4.88,1.0,1.58,03.04,6.34,12.75
2062-11-29,7.17,4.38,3.58,0.21,3.54,0.21,7.41,0.17,2.96,7.21,09.04,13.13
2062-11-30,12.83,10.0,5.79,1.0,9.38,5.29,4.71,4.38,2.37,3.63,7.79,8.58
2062-12-01,18.38,15.41,11.75,6.79,12.21,08.04,8.42,10.83,5.66,09.08,11.5,11.5
2062-12-02,17.41,18.38,14.71,10.41,16.21,10.17,12.96,9.62,10.0,10.34,14.96,18.21
2062-12-03,17.33,16.13,13.88,8.87,14.04,12.38,10.13,9.75,9.71,10.79,13.96,17.5
2062-12-04,13.62,13.33,10.75,6.46,13.62,10.37,4.79,10.75,6.87,09.04,10.46,13.62
2062-12-05,15.46,16.42,13.0,7.71,10.83,9.96,8.96,7.0,7.83,8.29,18.41,18.58
2062-12-06,13.17,11.67,11.25,7.46,9.92,7.87,4.17,8.38,6.13,8.58,17.21,16.17
2062-12-07,25.46,17.5,22.34,16.21,15.34,12.75,13.13,14.67,9.96,13.96,23.21,24.5
2062-12-08,23.29,18.0,21.59,17.12,21.12,15.67,23.67,13.92,17.46,16.71,21.62,23.42
2062-12-09,23.33,18.88,10.75,16.71,20.12,14.42,20.25,14.79,19.0,17.21,21.04,28.54
2062-12-10,13.13,11.21,8.12,7.58,14.96,9.71,12.67,9.96,10.83,10.75,15.04,20.79
2062-12-11,17.92,15.87,11.63,9.13,17.37,12.21,16.42,12.46,12.29,12.17,19.92,19.46
2062-12-12,30.91,24.79,21.87,16.75,19.92,12.12,19.67,18.88,15.96,23.21,28.33,37.12
2062-12-13,17.16,11.12,15.09,8.42,10.63,8.46,14.0,9.5,10.41,13.7,14.75,23.0
2062-12-14,13.96,13.37,11.08,13.46,20.3,16.33,20.0,18.12,17.33,16.79,21.12,24.04
2062-12-15,29.38,18.46,17.58,24.33,29.46,22.83,28.91,26.67,25.8,28.21,29.25,32.79
2062-12-16,17.83,12.62,13.25,12.42,13.13,11.58,16.54,9.67,12.42,16.54,15.09,25.58
2062-12-17,13.37,11.96,6.46,4.42,12.17,7.83,9.59,8.42,07.08,08.04,14.29,13.92
2062-12-18,16.33,15.37,10.21,10.71,15.34,10.79,15.92,14.42,13.17,12.54,22.08,23.45
2062-12-19,11.25,9.75,8.25,4.79,11.04,8.21,9.87,7.67,8.79,10.58,14.17,16.54
2062-12-20,14.58,14.46,12.21,8.96,16.0,11.96,16.08,9.75,12.12,13.62,15.96,20.12
2062-12-21,5.75,5.17,6.38,2.29,7.54,5.17,10.41,3.5,6.13,6.25,9.87,11.46
2062-12-22,17.83,17.5,6.71,3.58,11.04,9.13,5.71,10.92,7.33,9.46,15.75,13.25
2062-12-23,13.25,11.29,12.21,6.54,11.12,8.96,9.33,9.46,8.12,11.04,15.41,18.12
2062-12-24,9.13,06.08,9.79,2.0,8.42,4.38,4.92,4.29,3.13,4.17,7.75,11.83
2062-12-25,8.0,2.58,8.75,1.79,1.0,0.75,7.0,0.75,2.33,3.67,6.96,12.46
2062-12-26,12.87,5.66,10.08,5.0,8.38,6.5,12.38,6.5,7.25,9.67,11.08,17.29
2062-12-27,13.62,12.96,19.83,8.42,5.66,4.92,11.92,7.21,6.58,5.88,7.67,16.79
2062-12-28,12.67,10.71,17.75,6.83,7.75,4.42,7.79,4.92,5.71,2.96,3.83,7.87
2062-12-29,19.29,13.13,22.79,7.17,11.0,6.54,13.62,8.0,7.21,9.25,9.33,16.88
2062-12-30,22.0,19.7,33.84,19.83,20.08,18.46,28.79,21.59,18.75,18.05,21.87,29.88
2062-12-31,22.67,16.88,28.67,14.12,19.75,17.08,27.79,25.21,19.83,17.79,25.46,37.63
2063-01-01,15.59,13.62,19.79,8.38,12.25,10.0,23.45,15.71,13.59,14.37,17.58,34.13
2063-01-02,13.0,13.92,21.5,6.63,10.67,8.54,20.75,11.46,10.75,14.09,12.83,30.75
2063-01-03,14.09,8.25,20.12,9.0,9.96,9.67,13.83,10.17,9.0,13.7,11.67,27.21
2063-01-04,10.29,1.54,6.67,5.21,06.08,5.13,8.54,8.21,5.91,11.17,11.54,25.54
2063-01-05,7.5,06.04,9.87,3.37,5.96,6.29,13.08,12.46,07.04,11.63,14.96,29.04
2063-01-06,19.7,13.75,19.33,10.46,16.96,12.12,20.91,15.67,13.17,12.71,19.08,24.54
2063-01-07,18.75,18.12,18.29,8.92,16.17,12.46,16.75,11.71,9.87,11.92,14.21,19.58
2063-01-08,20.67,18.79,17.67,7.33,20.41,13.5,16.83,12.83,9.67,12.83,15.34,17.41
2063-01-09,26.3,20.04,25.66,14.96,24.0,16.04,21.67,19.95,16.0,14.58,18.54,25.88
2063-01-10,25.58,19.75,24.0,10.41,20.25,12.0,19.38,16.71,12.25,12.33,17.37,26.58
2063-01-11,18.84,10.58,16.79,4.25,10.75,6.42,9.79,8.79,5.41,7.46,8.17,10.17
2063-01-12,10.04,10.34,8.54,02.08,4.54,1.25,3.96,2.25,2.29,1.58,2.62,4.54
2063-01-13,10.0,9.0,7.25,1.87,2.5,0.75,5.21,2.79,2.37,2.5,3.0,9.46
2063-01-14,11.92,6.83,10.88,4.75,4.33,2.25,10.46,6.54,05.04,6.0,6.63,12.04
2063-01-15,8.5,3.17,5.41,3.83,7.5,4.63,9.17,5.66,5.88,6.83,9.46,12.58
2063-01-16,11.54,9.71,11.38,5.41,8.21,8.21,12.58,10.58,8.83,11.04,12.54,21.25
2063-01-17,20.33,12.67,22.42,10.71,14.21,10.63,15.37,12.75,8.92,10.63,11.46,10.71
2063-01-18,28.21,16.79,27.21,11.38,16.29,13.83,21.5,13.96,13.13,13.67,17.21,25.8
2063-01-19,22.21,15.12,32.25,12.04,19.62,13.42,23.79,17.46,15.5,15.59,14.17,27.75
2063-01-20,19.0,14.25,20.91,11.0,18.5,15.63,19.62,18.88,15.87,14.5,23.04,32.83
2063-01-21,19.25,16.08,17.21,9.17,15.59,9.42,13.83,11.71,11.08,14.25,12.96,23.04
2063-01-22,17.16,12.04,14.33,6.13,13.62,10.5,11.92,8.75,4.58,7.87,10.79,13.79
2063-01-23,14.04,11.42,11.5,5.41,11.29,7.71,2.17,07.08,5.66,05.04,7.21,14.67
2063-01-24,07.04,6.17,8.46,1.79,6.13,3.96,03.04,2.62,2.13,0.46,8.79,12.21
2063-01-25,6.0,2.83,2.75,1.42,4.17,1.71,8.92,2.33,02.04,4.54,4.75,11.08
2063-01-26,7.67,3.75,7.17,1.38,0.92,0.25,8.38,02.08,2.29,4.79,0.13,8.29
2063-01-27,10.54,9.83,06.04,0.67,7.12,2.29,1.63,5.5,1.33,1.92,5.37,5.71
2063-01-28,7.5,6.34,3.37,0.92,5.25,01.08,1.33,1.71,0.29,1.38,1.96,5.37
2063-01-29,5.41,3.25,4.83,1.5,5.17,2.88,7.41,4.12,03.08,4.71,10.17,15.41
2063-01-30,21.42,21.84,25.21,15.46,17.29,13.54,19.62,17.0,14.04,17.83,21.87,27.5
2063-01-31,12.83,8.67,21.96,9.87,7.79,6.79,11.83,7.75,06.08,9.17,8.87,18.63
2063-02-01,15.41,7.62,24.67,11.42,9.21,8.17,14.04,7.54,7.54,10.08,10.17,17.67
2063-02-02,15.04,14.37,26.34,10.71,12.71,8.33,15.16,11.08,9.42,9.46,9.25,15.25
2063-02-03,11.12,4.0,9.87,4.92,5.91,4.0,8.67,4.42,5.0,6.87,5.79,13.79
2063-02-04,12.17,15.46,7.83,4.21,15.67,10.54,9.13,12.83,6.92,08.08,15.92,12.83
2063-02-05,12.62,11.46,28.75,13.13,12.58,12.83,22.0,15.29,15.41,17.41,16.79,29.17
2063-02-06,17.79,9.42,22.67,11.12,14.0,14.79,20.25,15.16,14.79,20.04,15.83,31.0
2063-02-07,11.87,7.75,10.54,7.21,7.92,7.83,11.83,5.54,6.58,7.5,8.71,18.34
2063-02-08,11.87,12.17,13.13,8.54,11.71,9.71,10.37,8.63,6.34,5.66,12.25,11.75
2063-02-09,14.83,9.75,23.33,12.33,13.25,13.67,16.88,14.58,12.67,13.21,13.75,15.37
2063-02-10,19.33,12.71,19.67,10.0,14.33,11.63,15.67,14.29,13.17,12.71,12.33,20.71
2063-02-11,7.71,4.88,11.63,3.63,7.12,4.17,6.79,5.71,4.79,5.29,5.0,11.92
2063-02-12,7.17,2.96,5.79,4.33,04.08,0.13,5.21,1.63,2.42,1.79,7.29,05.09
2063-02-13,18.91,20.12,16.54,10.75,18.0,13.7,12.83,14.79,12.96,16.42,19.58,23.54
2063-02-14,17.41,14.58,19.04,14.5,16.17,12.71,19.17,13.7,14.17,19.33,16.25,29.88
2063-02-15,10.04,10.63,15.92,6.87,12.33,9.21,15.5,13.79,10.63,15.79,14.83,24.25
2063-02-16,12.38,7.71,13.88,7.71,14.21,7.58,13.54,14.29,11.63,12.38,15.5,23.09
2063-02-17,12.46,14.67,12.46,5.33,11.12,6.96,7.83,8.33,6.63,7.33,11.63,13.7
2063-02-18,21.12,17.54,17.08,8.75,17.67,10.67,10.34,11.58,7.92,8.0,13.92,9.5
2063-02-19,16.83,9.79,18.34,9.87,13.42,8.67,14.54,10.04,8.71,9.17,9.75,8.12
2063-02-20,11.75,1.92,14.71,7.54,8.33,4.33,9.92,7.21,7.33,06.04,6.87,8.17
2063-02-21,5.58,2.92,4.67,3.58,4.58,2.17,8.5,1.5,1.42,3.17,5.46,4.54
2063-02-22,04.08,5.58,2.71,1.38,7.33,3.17,5.5,4.42,2.29,04.04,7.33,11.21
2063-02-23,18.58,16.66,14.46,07.04,13.79,10.83,9.33,11.5,6.42,7.67,10.92,13.59
2063-02-24,17.67,20.17,14.37,11.42,17.37,13.67,13.75,13.04,9.42,10.37,19.75,16.79
2063-02-25,19.75,18.88,15.96,13.13,21.17,13.33,11.46,14.79,12.92,12.5,21.59,23.58
2063-02-26,22.83,22.21,20.67,14.17,22.63,16.88,19.25,19.7,15.04,15.12,27.42,30.37
2063-02-27,17.62,16.66,15.5,7.87,15.71,13.0,12.5,12.42,8.58,10.83,16.96,14.54
2063-02-28,19.79,19.95,19.0,9.67,18.54,16.13,16.46,15.25,10.37,13.7,20.62,21.62
2063-03-01,16.75,19.67,17.67,8.87,19.08,15.37,16.21,14.29,11.29,9.21,19.92,19.79
2063-03-02,16.79,15.54,19.83,10.54,15.96,13.7,15.83,14.5,10.54,12.0,18.41,19.25
2063-03-03,12.83,15.83,14.5,7.62,13.7,11.54,14.46,12.25,9.17,9.92,15.34,17.37
2063-03-04,20.08,18.96,18.34,14.58,18.79,15.67,14.42,17.67,14.54,17.41,21.54,21.59
2063-03-05,27.46,22.67,25.08,20.0,21.46,19.95,20.21,23.13,17.21,25.37,32.63,30.09
2063-03-06,16.96,15.21,18.46,12.83,13.92,10.75,9.96,12.33,8.63,12.96,11.54,12.96
2063-03-07,20.58,18.54,19.83,15.29,18.08,13.92,17.88,16.62,15.59,18.84,17.46,17.33
2063-03-08,24.33,20.79,23.5,18.12,22.04,19.12,17.5,18.29,16.21,21.34,19.21,22.17
2063-03-09,18.75,11.54,17.5,11.38,14.0,9.71,13.33,12.38,8.75,13.67,11.75,18.38
2063-03-10,13.13,9.59,13.21,9.42,13.7,11.46,17.33,11.92,14.29,11.67,12.71,11.25
2063-03-11,8.38,3.37,11.79,4.88,5.54,2.92,5.66,2.62,2.88,3.5,3.67,5.37
2063-03-12,5.21,5.29,5.75,0.87,3.29,1.87,6.67,1.67,02.04,03.04,3.17,4.54
2063-03-13,20.79,18.0,16.29,11.12,15.63,12.29,11.46,13.5,10.75,12.29,15.37,17.92
2063-03-14,25.84,17.25,24.71,20.5,16.33,14.54,13.92,16.25,15.87,18.91,19.58,15.46
2063-03-15,15.09,9.92,17.79,11.92,14.58,11.83,14.25,10.83,11.79,14.54,13.92,14.09
2063-03-16,18.25,13.79,18.25,10.67,16.75,12.38,16.62,13.37,14.42,13.83,13.83,15.75
2063-03-17,16.96,10.79,16.54,10.37,12.5,10.37,13.17,11.34,10.21,13.42,12.21,18.79
2063-03-18,14.25,8.46,9.25,9.38,12.33,10.21,12.42,10.41,10.67,12.08,10.5,16.25
2063-03-19,11.0,11.96,09.04,4.75,11.87,6.92,9.54,09.04,7.21,7.21,10.21,7.41
2063-03-20,11.29,8.63,11.21,6.34,9.54,5.46,7.54,7.58,5.79,8.21,6.21,4.83
2063-03-21,4.38,5.66,5.71,01.04,5.83,1.29,4.33,2.13,1.25,3.17,5.17,5.13
2063-03-22,7.54,2.62,13.42,3.5,5.66,3.67,4.17,03.04,2.5,2.96,5.71,3.21
2063-03-23,6.34,08.04,4.88,1.63,6.42,3.88,4.79,7.75,03.04,6.67,14.96,10.25
2063-03-24,26.25,22.37,20.79,14.33,18.5,16.66,19.75,19.95,14.17,18.84,27.16,23.04
2063-03-25,15.54,12.38,14.0,11.96,17.25,14.37,19.55,15.09,16.88,16.17,16.92,15.63
2063-03-26,10.46,7.62,8.25,4.25,8.29,5.88,7.62,10.17,6.58,08.08,12.62,13.92
2063-03-27,12.83,12.21,12.33,08.08,12.54,9.54,13.92,10.79,11.12,12.58,15.5,17.29
2063-03-28,11.5,8.38,11.58,5.41,11.34,08.04,9.83,8.5,7.46,10.17,11.83,14.17
2063-03-29,7.54,8.87,5.33,5.0,10.96,6.13,8.67,8.12,5.41,4.83,9.71,03.08
2063-03-30,15.96,6.63,10.34,7.54,11.75,6.25,9.38,6.42,7.29,5.13,7.21,3.88
2063-03-31,7.41,9.83,8.0,5.13,8.87,07.04,6.83,9.62,6.87,8.96,17.5,17.92
2063-04-01,10.54,9.59,12.46,7.33,9.46,9.59,11.79,11.87,9.79,10.71,13.37,18.21
2063-04-02,3.88,3.13,05.04,3.75,5.46,4.5,8.96,6.5,7.41,6.54,07.08,11.79
2063-04-03,7.54,4.21,5.63,6.58,6.17,4.17,8.71,7.62,7.54,09.08,4.33,10.5
2063-04-04,12.71,09.04,16.83,8.83,10.88,9.0,13.0,10.54,9.79,13.67,13.33,20.71
2063-04-05,13.08,12.46,29.04,11.83,12.12,11.25,20.04,14.75,12.04,17.71,19.29,23.21
2063-04-06,13.5,11.42,25.25,12.83,15.92,16.0,20.5,19.95,17.62,18.25,21.75,32.96
2063-04-07,16.25,13.79,22.75,11.92,16.38,16.38,18.5,18.16,17.04,15.21,16.92,26.25
2063-04-08,9.83,9.46,12.25,5.96,11.08,7.92,10.41,12.5,11.04,12.42,10.5,20.38
2063-04-09,16.46,11.79,15.21,7.29,9.96,12.21,11.67,13.7,12.33,12.5,12.92,20.91
2063-04-10,4.75,4.42,13.59,5.25,7.83,6.79,7.25,8.0,6.34,8.54,11.38,8.83
2063-04-11,16.21,13.37,9.29,8.46,13.75,10.29,9.54,12.83,11.25,9.29,16.83,16.46
2063-04-12,11.12,10.13,11.79,8.38,13.13,11.0,16.0,12.08,12.71,16.0,19.62,24.79
2063-04-13,15.09,11.29,16.38,8.75,13.88,13.54,15.21,12.67,12.38,15.46,15.87,21.79
2063-04-14,19.12,15.54,18.96,11.04,15.16,13.33,16.46,11.29,11.54,13.79,13.7,14.75
2063-04-15,6.79,7.25,09.04,5.46,9.25,5.5,8.87,5.29,6.34,5.63,7.58,10.46
2063-04-16,15.54,15.71,14.62,8.92,14.25,10.63,9.67,13.83,10.29,13.7,20.46,16.38
2063-04-17,11.04,10.83,9.79,6.83,10.96,7.96,8.0,12.71,8.21,12.08,18.91,13.5
2063-04-18,5.66,5.21,9.42,4.67,9.29,7.75,9.92,9.13,8.79,8.29,11.29,11.29
2063-04-19,09.08,10.75,8.79,6.67,12.42,8.87,9.5,8.42,7.17,8.92,09.08,10.21
2063-04-20,25.5,20.67,24.87,17.04,22.0,17.71,21.54,19.29,17.0,19.67,17.92,22.63
2063-04-21,27.08,18.88,23.75,16.54,18.66,15.16,19.58,17.75,16.42,21.84,20.3,24.62
2063-04-22,14.09,12.42,15.12,10.29,14.54,12.21,13.42,13.13,12.42,15.67,16.83,13.7
2063-04-23,9.87,11.67,7.25,5.63,11.87,8.42,6.0,8.71,8.25,10.0,9.67,10.63
2063-04-24,8.54,3.54,05.04,5.79,9.0,7.25,6.67,8.83,7.46,8.87,10.0,9.67
2063-04-25,4.25,6.0,4.92,2.75,4.0,2.0,4.83,02.04,2.83,3.83,8.58,6.92
2063-04-26,05.09,8.87,8.38,5.88,6.79,6.96,5.71,8.29,5.83,6.21,15.09,8.83
2063-04-27,5.37,6.29,10.13,4.0,6.67,7.5,12.12,10.67,9.13,10.46,15.21,15.63
2063-04-28,5.88,6.5,10.21,5.54,8.96,08.04,11.42,7.54,10.46,8.92,12.0,12.71
2063-04-29,11.79,09.08,8.75,7.83,13.08,9.13,11.75,10.92,10.08,11.67,11.96,15.21
2063-04-30,12.83,10.83,12.46,7.67,12.54,10.75,12.33,11.58,10.75,12.08,14.5,16.08
2063-05-01,18.79,14.17,13.59,11.63,14.17,11.96,14.46,12.46,12.87,13.96,15.29,21.62
2063-05-02,18.0,13.75,11.83,12.0,16.5,12.54,15.37,13.96,12.75,12.87,15.83,20.58
2063-05-03,16.13,9.59,10.29,10.0,13.46,9.59,12.96,10.17,11.12,12.54,14.37,13.04
2063-05-04,13.88,12.21,12.58,8.38,14.42,11.63,13.37,13.88,12.46,12.71,17.96,18.21
2063-05-05,12.42,12.25,9.71,10.37,14.75,12.0,14.96,12.5,12.67,12.67,16.38,18.38
2063-05-06,12.38,11.58,12.29,8.25,12.58,9.46,13.67,11.67,10.13,12.62,17.71,15.54
2063-05-07,19.83,16.96,22.34,15.16,17.41,15.34,18.75,16.66,15.37,19.17,22.83,21.0
2063-05-08,14.0,12.87,15.37,7.87,15.04,10.83,11.67,14.29,11.83,14.46,18.54,19.55
2063-05-09,19.79,19.29,16.33,12.58,17.92,13.13,13.88,12.79,12.92,12.62,15.16,14.96
2063-05-10,30.91,18.21,21.12,19.62,26.2,18.38,23.09,17.37,20.08,17.37,20.25,22.21
2063-05-11,11.17,10.34,13.37,8.38,11.08,9.59,12.25,10.83,10.75,11.67,16.66,15.79
2063-05-12,23.75,22.17,23.09,13.42,21.92,16.0,15.59,23.0,15.34,20.88,32.91,24.54
2063-05-13,20.62,18.91,17.04,12.75,24.67,18.34,20.33,21.54,17.62,20.38,26.42,28.01
2063-05-14,13.29,10.75,10.25,07.04,12.62,8.58,13.42,11.87,11.46,12.04,15.75,18.29
2063-05-15,10.21,7.5,8.17,6.34,10.46,08.08,12.83,8.63,10.88,10.88,12.87,15.59
2063-05-16,08.08,9.13,9.59,6.58,11.0,8.83,14.42,10.08,10.67,12.29,13.7,13.62
2063-05-17,9.59,8.21,9.92,07.08,13.13,10.0,13.96,11.08,13.0,12.58,16.04,20.54
2063-05-18,17.79,12.96,13.0,11.42,17.75,14.33,19.33,16.79,17.04,18.12,18.63,24.21
2063-05-19,10.5,9.33,9.71,6.5,11.17,8.29,11.38,8.71,9.42,8.83,11.79,12.54
2063-05-20,16.0,13.5,15.41,9.21,16.88,12.33,14.5,10.96,11.75,10.04,13.33,12.92
2063-05-21,12.54,12.83,11.04,5.29,13.37,7.83,7.21,9.79,8.63,10.46,13.46,15.92
2063-05-22,8.87,6.83,9.87,5.17,7.58,6.0,7.62,5.17,6.87,06.04,8.71,8.17
2063-05-23,5.25,10.46,5.13,4.12,9.59,6.29,7.0,6.54,6.38,5.79,13.04,08.04
2063-05-24,9.59,9.21,6.17,3.88,10.54,5.29,4.96,6.29,5.33,05.04,7.54,8.96
2063-05-25,8.38,8.12,12.33,7.29,8.63,08.04,8.38,08.04,6.71,7.58,14.54,7.29
2063-05-26,11.63,8.58,8.12,6.71,9.71,7.38,9.29,9.62,9.17,11.04,12.38,12.75
2063-05-27,8.21,2.92,10.04,3.71,3.42,1.87,5.13,1.71,3.17,2.67,5.83,4.92
2063-05-28,3.63,5.91,13.83,4.63,7.75,3.71,5.63,5.17,3.67,4.21,05.04,1.75
2063-05-29,7.12,7.62,21.5,7.83,10.08,7.41,10.92,7.12,8.75,7.25,12.21,4.75
2063-05-30,4.88,2.96,17.25,4.67,5.96,6.71,8.25,7.62,7.83,7.54,7.96,11.12
2063-05-31,02.04,2.21,09.04,2.88,2.67,2.17,6.13,3.58,6.46,6.92,4.96,9.42
2063-06-01,13.37,6.87,12.0,8.5,10.04,9.42,10.92,12.96,11.79,11.04,10.92,13.67
2063-06-02,17.62,8.79,20.62,8.63,11.38,10.75,14.46,13.7,13.7,11.79,12.83,16.46
2063-06-03,19.04,9.17,24.13,11.54,12.12,13.04,17.67,14.5,14.0,11.63,14.09,11.75
2063-06-04,8.96,7.17,21.92,07.04,8.79,8.79,9.79,09.08,8.58,7.79,11.21,4.96
2063-06-05,3.37,4.75,16.83,2.21,3.54,3.88,6.0,7.0,6.21,07.08,12.08,7.0
2063-06-06,04.04,03.08,4.0,3.71,4.54,2.54,6.29,06.08,7.0,9.21,6.79,13.46
2063-06-07,6.34,08.04,4.63,4.5,6.96,2.92,3.58,4.25,3.54,4.67,5.71,10.96
2063-06-08,7.17,7.83,3.67,2.58,7.62,4.17,4.25,5.91,4.83,4.83,5.17,3.33
2063-06-09,6.75,3.37,13.25,3.58,4.25,4.38,8.38,7.96,8.42,7.5,6.96,5.96
2063-06-10,7.58,4.58,8.87,3.58,6.54,04.08,5.75,7.58,7.79,7.21,7.87,6.67
2063-06-11,4.12,3.75,7.87,1.21,05.09,2.92,2.92,04.04,4.25,05.09,6.83,4.63
2063-06-12,06.08,4.92,4.42,2.25,5.5,2.21,4.25,04.08,4.38,04.04,8.63,5.63
2063-06-13,10.0,3.13,4.17,5.54,5.91,3.67,4.92,3.96,4.67,8.38,5.71,5.41
2063-06-14,7.62,3.21,3.75,2.62,5.13,2.42,4.83,2.79,4.54,2.88,5.79,2.79
2063-06-15,8.92,08.08,08.04,4.5,9.13,6.58,7.17,11.46,7.67,10.54,14.17,11.87
2063-06-16,5.46,6.63,7.33,4.92,7.5,5.58,8.29,6.71,6.75,6.5,10.25,13.21
2063-06-17,10.25,10.58,11.83,5.83,8.75,4.92,5.88,8.87,4.46,7.71,13.0,8.25
2063-06-18,20.75,14.46,15.34,12.96,20.83,15.29,17.83,17.54,17.5,16.92,21.17,18.54
2063-06-19,07.04,7.67,7.33,05.04,8.54,5.17,8.92,7.5,6.5,8.75,11.12,12.79
2063-06-20,11.38,11.67,13.0,7.62,13.17,9.5,8.67,12.46,10.21,13.25,17.67,13.25
2063-06-21,14.54,10.0,15.34,6.5,11.71,8.79,10.34,10.41,10.96,10.96,13.7,16.08
2063-06-22,10.0,9.62,9.17,8.92,13.79,9.92,11.83,10.67,10.25,9.38,14.17,12.71
2063-06-23,15.59,14.0,14.83,7.96,15.04,10.75,11.87,13.0,9.83,12.71,17.96,16.25
2063-06-24,14.04,11.54,16.38,8.0,16.96,11.67,12.04,10.13,10.79,11.92,13.46,11.54
2063-06-25,9.83,9.25,8.96,6.42,14.5,8.63,8.17,10.79,8.17,8.54,13.37,11.92
2063-06-26,13.17,10.71,10.83,9.17,14.83,9.59,12.71,11.63,10.67,11.54,14.09,12.71
2063-06-27,13.7,12.17,11.79,8.83,13.42,9.75,13.04,13.25,10.92,14.58,14.88,24.25
2063-06-28,16.25,13.13,16.04,9.83,15.29,9.0,12.17,14.25,10.25,13.5,18.88,20.67
2063-06-29,15.09,14.04,15.21,10.54,14.58,9.0,13.5,15.04,11.5,15.54,20.96,18.75
2063-06-30,10.63,10.83,19.0,08.08,8.83,7.25,11.58,10.08,7.38,12.08,13.5,5.29
2063-07-01,3.83,5.5,8.5,4.12,6.79,04.04,8.54,8.25,08.04,9.0,10.75,10.83
2063-07-02,5.21,1.13,5.96,4.33,5.88,4.12,05.09,8.46,8.0,8.71,9.79,16.83
2063-07-03,2.0,2.17,8.25,2.58,4.83,3.13,6.46,5.96,6.34,6.0,6.0,9.0
2063-07-04,2.37,2.42,7.79,2.62,03.04,3.17,8.5,6.29,5.17,8.29,6.54,13.79
2063-07-05,2.67,02.08,7.46,1.92,03.04,2.88,5.17,5.41,4.67,06.04,7.33,7.29
2063-07-06,04.04,5.41,2.83,2.17,4.5,2.79,2.67,6.75,3.33,6.34,10.71,5.17
2063-07-07,7.0,7.83,5.83,4.88,5.17,4.5,6.46,7.75,5.54,7.12,9.46,11.21
2063-07-08,7.96,7.41,7.67,5.29,8.63,7.0,10.92,10.71,9.67,9.25,11.42,15.83
2063-07-09,8.38,8.46,9.5,8.21,12.71,9.87,13.96,11.96,10.17,10.0,12.67,13.21
2063-07-10,09.04,7.83,6.21,05.04,8.96,4.88,8.17,07.08,6.79,7.71,8.0,9.17
2063-07-11,6.67,5.0,7.12,3.13,7.87,2.58,4.46,4.12,2.79,3.21,3.71,5.79
2063-07-12,03.08,5.96,4.25,2.79,5.46,3.37,4.79,5.75,4.75,6.58,7.92,6.46
2063-07-13,10.37,7.96,7.54,5.17,7.21,3.83,5.54,6.42,4.0,4.71,09.04,5.83
2063-07-14,19.46,17.21,19.33,13.5,15.63,12.62,14.71,19.29,12.33,15.83,23.42,18.5
2063-07-15,12.62,10.79,15.87,7.83,11.96,09.08,12.04,10.83,8.75,11.17,14.29,10.58
2063-07-16,8.87,9.17,7.21,06.04,10.29,7.0,10.29,9.5,8.75,8.67,12.5,13.29
2063-07-17,11.75,10.63,10.92,6.25,10.58,7.58,9.75,10.5,7.71,11.92,12.5,15.04
2063-07-18,8.0,6.46,09.04,4.83,7.21,4.88,6.5,8.5,5.21,5.79,12.96,09.08
2063-07-19,07.04,5.37,9.42,05.09,11.12,6.54,10.04,7.92,8.54,10.25,9.96,14.54
2063-07-20,3.96,5.54,5.75,3.88,8.71,4.58,6.5,6.17,4.17,6.13,9.75,9.33
2063-07-21,5.13,8.46,5.17,6.75,8.54,6.13,7.29,11.46,6.54,9.79,16.79,13.33
2063-07-22,3.88,02.08,3.67,1.67,04.08,1.5,6.5,3.46,3.88,4.83,4.75,5.88
2063-07-23,12.29,10.67,12.79,8.83,9.96,7.12,7.87,7.62,7.58,9.46,8.46,7.67
2063-07-24,14.79,11.83,10.63,8.67,13.88,9.33,11.17,12.21,9.62,11.79,12.87,15.83
2063-07-25,15.12,10.75,8.96,7.71,11.71,8.42,11.0,10.75,10.37,11.0,13.88,15.54
2063-07-26,4.75,6.13,4.0,3.0,7.29,2.92,6.5,5.91,4.58,5.63,11.58,7.62
2063-07-27,5.75,10.75,6.58,06.08,10.79,7.96,5.5,10.21,7.21,10.92,19.67,10.08
2063-07-28,5.75,8.38,2.83,4.12,9.96,5.0,5.91,7.83,5.66,7.67,12.38,7.58
2063-07-29,7.75,12.33,5.54,6.75,11.75,8.29,8.21,11.34,7.75,10.79,19.7,12.96
2063-07-30,05.09,12.83,03.08,5.91,9.17,6.83,4.33,9.87,6.54,7.54,16.88,9.79
2063-07-31,5.0,8.79,3.5,3.92,9.75,3.42,4.33,9.75,4.46,4.88,7.87,9.0
2063-08-01,10.21,7.83,13.7,5.37,11.67,5.0,5.41,11.25,5.66,5.37,13.37,3.67
2063-08-02,7.58,7.46,18.25,06.08,9.62,5.0,04.08,8.17,5.41,5.66,11.42,6.96
2063-08-03,5.75,3.29,8.96,3.29,6.38,2.29,2.62,1.79,2.21,03.04,3.79,2.25
2063-08-04,7.0,6.5,4.79,2.37,5.91,1.87,3.13,3.5,3.67,4.29,8.71,3.71
2063-08-05,18.08,12.21,11.08,8.54,11.12,8.58,10.5,9.75,9.92,12.12,10.34,17.75
2063-08-06,11.12,7.5,8.17,5.33,9.62,7.41,7.0,10.71,8.63,8.58,14.12,14.0
2063-08-07,13.13,9.71,11.92,8.0,14.46,11.38,12.58,13.67,12.25,12.25,16.08,19.79
2063-08-08,14.46,7.75,10.83,8.58,13.62,8.96,13.5,10.29,12.25,12.79,12.92,23.29
2063-08-09,9.71,10.41,8.96,5.54,10.67,6.21,7.96,5.96,7.41,7.29,10.29,11.21
2063-08-10,12.92,8.92,10.0,9.38,14.0,11.38,14.09,12.0,12.71,11.5,11.58,10.21
2063-08-11,14.0,10.79,7.29,7.54,13.25,8.87,11.25,10.58,11.34,9.25,12.12,12.5
2063-08-12,12.29,9.29,5.66,6.29,9.29,7.21,8.38,9.25,8.46,10.0,12.17,13.7
2063-08-13,7.96,07.08,6.67,3.67,7.12,4.12,6.58,6.63,5.91,8.96,8.83,10.75
2063-08-14,8.0,7.0,05.04,03.08,8.21,5.33,6.67,7.41,6.58,7.33,10.71,10.25
2063-08-15,9.67,8.5,09.08,4.12,9.71,5.37,9.21,7.21,7.46,7.29,10.13,10.29
2063-08-16,22.37,16.38,19.75,12.33,14.83,8.79,17.67,12.96,12.08,13.5,16.38,17.62
2063-08-17,24.33,15.12,18.75,14.5,15.12,11.12,15.67,11.04,13.92,16.66,12.08,16.08
2063-08-18,8.0,4.63,8.42,4.25,7.25,4.17,6.92,4.88,6.54,5.96,7.54,5.33
2063-08-19,07.08,6.46,6.58,05.04,10.37,7.25,7.79,8.92,6.92,8.83,10.13,10.25
2063-08-20,15.63,12.75,7.0,8.21,13.88,09.04,11.08,10.34,10.21,11.63,11.29,15.29
2063-08-21,9.38,10.67,10.58,07.04,9.59,7.38,9.46,8.21,9.79,8.38,10.37,12.0
2063-08-22,12.08,10.75,10.41,4.5,11.96,7.58,7.62,9.71,08.08,9.59,15.46,9.67
2063-08-23,18.21,15.54,16.33,8.54,17.92,12.54,13.13,12.58,12.17,14.88,17.16,16.71
2063-08-24,16.21,12.75,12.79,8.83,14.83,10.96,13.59,11.08,12.29,9.92,12.5,13.21
2063-08-25,15.41,14.09,15.83,7.71,14.67,9.59,9.0,15.71,10.41,14.37,22.88,13.21
2063-08-26,21.5,20.62,18.54,13.46,23.63,15.87,19.62,19.08,17.54,17.25,23.16,21.54
2063-08-27,16.71,11.54,10.88,10.37,15.92,12.25,14.62,14.25,13.79,9.92,16.42,13.17
2063-08-28,11.54,9.46,8.83,5.37,10.37,6.75,7.41,8.33,6.58,7.12,12.83,8.5
2063-08-29,10.71,7.96,10.13,07.04,10.25,8.46,8.33,11.34,8.75,11.29,16.0,14.42
2063-08-30,17.33,19.0,17.04,9.17,20.08,12.75,11.12,14.79,12.29,15.5,19.25,15.21
2063-08-31,13.21,20.0,17.12,7.83,13.04,8.54,9.59,12.5,8.79,10.96,17.29,17.46
2063-09-01,14.37,12.17,12.42,7.41,10.96,7.41,10.34,11.83,9.13,12.83,16.08,18.0
2063-09-02,19.92,16.79,10.08,9.21,12.17,7.96,8.96,11.54,9.42,11.87,14.09,16.08
2063-09-03,11.87,7.96,9.92,06.04,9.92,6.71,11.25,8.71,8.63,8.87,8.25,13.59
2063-09-04,10.63,10.71,7.12,4.83,8.42,4.42,5.96,06.08,4.58,6.83,07.08,13.5
2063-09-05,15.0,10.88,8.42,5.37,11.87,7.0,9.25,9.87,8.29,9.13,11.92,14.67
2063-09-06,10.58,10.25,7.5,6.0,10.54,07.04,10.34,8.46,7.54,08.04,12.25,13.88
2063-09-07,15.96,13.92,14.75,7.54,13.75,10.88,14.67,12.71,11.38,12.96,12.12,10.67
2063-09-08,15.63,13.88,12.83,7.92,16.42,10.0,13.13,10.88,10.71,11.71,19.17,17.29
2063-09-09,11.42,9.96,11.0,6.63,10.75,7.71,14.04,10.0,10.21,10.75,13.29,17.37
2063-09-10,7.41,7.67,5.54,1.58,4.83,0.67,3.71,2.67,2.37,1.83,3.5,7.38
2063-09-11,6.79,03.04,5.46,2.96,5.71,1.71,2.54,1.75,3.67,03.04,5.17,6.25
2063-09-12,5.21,6.5,5.79,2.54,4.0,2.42,4.29,7.38,2.71,4.54,14.79,8.54
2063-09-13,6.5,6.54,08.04,3.67,7.79,6.5,9.79,10.54,8.63,9.96,16.25,19.55
2063-09-14,5.58,2.75,4.92,2.21,6.63,4.92,9.33,7.17,6.34,7.96,15.59,19.67
2063-09-15,3.83,7.21,6.71,2.25,4.38,4.46,5.91,12.67,06.08,10.54,20.0,14.92
2063-09-16,2.33,8.25,04.04,2.0,5.66,04.08,4.75,8.25,3.83,5.88,17.04,10.08
2063-09-17,4.67,7.96,5.46,2.33,5.79,2.5,7.83,8.25,4.54,7.29,13.62,11.38
2063-09-18,6.96,7.17,16.54,3.63,8.42,4.88,5.41,6.54,5.29,4.75,7.25,12.08
2063-09-19,8.87,6.63,6.63,3.21,9.87,4.75,6.75,5.63,5.21,5.58,5.63,10.71
2063-09-20,07.08,7.79,5.13,4.17,9.46,4.42,5.5,5.21,3.96,5.91,7.25,7.83
2063-09-21,3.63,6.71,4.42,1.0,7.54,2.21,2.54,5.83,1.42,4.33,10.25,9.21
2063-09-22,1.29,8.21,3.96,1.54,6.42,02.04,3.21,4.79,3.33,5.21,15.59,10.5
2063-09-23,8.54,14.96,5.25,05.04,12.0,6.83,05.09,11.21,6.87,10.75,23.75,17.16
2063-09-24,18.84,15.37,13.25,10.34,16.83,11.04,14.67,12.0,11.58,13.88,16.58,20.67
2063-09-25,18.25,15.87,14.42,8.46,13.88,9.87,13.37,11.38,10.08,12.46,19.33,19.33
2063-09-26,19.58,17.92,16.66,13.75,24.13,17.96,23.04,22.58,18.88,16.96,26.12,33.42
2063-09-27,11.92,10.25,9.17,7.12,13.46,10.83,15.0,11.38,12.38,13.21,17.12,24.41
2063-09-28,9.67,10.08,10.54,4.21,6.75,6.54,10.17,9.54,6.58,8.63,13.96,14.0
2063-09-29,17.5,10.5,13.7,10.46,14.71,11.87,17.88,14.37,14.58,14.58,16.88,23.96
2063-09-30,11.38,7.92,7.67,7.38,12.21,8.0,12.5,8.42,10.54,9.38,11.63,18.29
2063-10-01,16.0,14.71,10.96,10.37,16.46,11.21,15.71,14.62,13.46,11.67,19.55,21.67
2063-10-02,15.16,12.42,11.25,8.42,13.5,7.79,10.54,10.0,9.0,10.21,15.54,14.92
2063-10-03,16.46,14.33,13.08,9.13,12.83,10.41,14.21,10.17,11.29,10.58,14.62,19.21
2063-10-04,14.17,12.08,9.21,8.5,14.21,09.04,14.25,12.62,12.0,10.75,17.33,19.55
2063-10-05,12.17,8.42,9.29,6.92,13.13,3.88,09.04,5.75,7.25,8.38,7.83,17.04
2063-10-06,12.75,11.87,8.63,6.54,14.04,9.42,8.71,10.21,8.83,5.66,14.12,11.29
2063-10-07,13.08,10.88,9.46,5.41,10.41,7.71,11.17,11.79,09.08,8.5,16.46,9.62
2063-10-08,17.29,13.13,13.42,9.96,14.5,11.21,14.33,15.96,12.25,13.59,20.41,22.37
2063-10-09,10.08,9.42,10.29,06.08,17.33,11.83,15.25,14.92,12.71,15.54,23.38,28.5
2063-10-10,7.62,5.79,8.21,5.88,11.96,9.0,14.42,11.34,11.17,11.21,16.38,20.62
2063-10-11,10.29,12.83,12.5,4.83,8.12,6.34,9.83,13.42,7.25,13.04,18.66,22.08
2063-10-12,11.04,10.58,13.0,3.83,10.58,7.38,9.42,9.21,7.25,09.08,17.83,15.54
2063-10-13,13.88,7.92,10.54,7.41,9.79,8.42,14.21,07.08,11.25,11.5,13.37,22.92
2063-10-14,9.79,10.5,9.75,3.79,8.25,7.67,3.83,6.58,6.34,5.54,13.5,10.5
2063-10-15,15.0,15.37,15.04,8.54,13.0,12.0,11.67,13.46,10.83,13.54,21.25,19.79
2063-10-16,12.17,09.08,8.25,5.46,11.54,7.5,7.46,8.79,6.25,8.29,16.0,13.46
2063-10-17,13.08,12.46,11.08,5.5,12.38,8.67,10.37,11.38,8.46,10.75,19.62,16.75
2063-10-18,16.29,15.34,15.09,9.17,12.33,10.67,12.96,13.92,8.92,13.67,20.96,16.17
2063-10-19,22.0,17.54,19.55,14.29,18.71,15.34,15.09,16.38,13.83,16.79,23.54,22.13
2063-10-20,19.21,18.05,14.58,9.13,15.71,12.71,13.42,15.83,10.75,15.67,26.38,19.29
2063-10-21,19.5,11.12,18.63,9.92,12.46,10.71,13.88,10.41,10.17,12.21,15.09,17.29
2063-10-22,12.92,12.29,10.63,6.5,10.37,9.0,9.79,7.21,5.58,7.41,11.71,13.33
2063-10-23,16.17,14.33,14.71,9.5,15.25,11.21,12.92,12.29,11.83,14.09,20.91,18.05
2063-10-24,6.25,9.83,6.71,2.96,8.71,5.25,4.83,7.75,4.33,10.08,15.5,13.5
2063-10-25,10.0,11.17,5.63,4.75,12.12,7.12,06.04,7.12,5.33,5.66,10.46,10.54
2063-10-26,16.46,17.96,12.79,8.54,16.0,9.87,11.21,11.29,8.25,9.79,14.12,10.41
2063-10-27,20.41,18.79,15.29,12.12,21.54,13.33,15.37,15.59,10.79,11.17,19.41,11.42
2063-10-28,16.42,13.29,15.87,10.34,12.08,8.96,12.04,11.38,11.83,12.96,14.17,19.87
2063-10-29,12.46,9.79,14.96,10.08,9.92,07.08,8.21,8.71,8.33,11.38,11.92,12.33
2063-10-30,13.88,3.71,18.66,11.04,12.42,11.0,15.92,10.04,11.04,14.37,10.58,17.0
2063-10-31,6.75,7.79,8.29,3.37,8.33,4.38,5.25,08.04,5.75,8.0,9.87,15.83
2063-11-01,10.34,7.87,15.21,06.04,8.21,6.25,8.25,6.87,6.54,6.79,7.17,11.12
2063-11-02,07.08,4.88,6.46,2.83,5.17,1.67,6.0,4.83,4.54,5.0,7.58,8.79
2063-11-03,12.87,10.08,11.25,4.25,8.12,5.66,7.33,9.96,6.5,8.58,11.5,15.54
2063-11-04,13.5,11.04,19.29,8.83,10.54,8.87,16.13,11.71,9.92,11.34,12.38,20.25
2063-11-05,9.29,7.5,10.67,05.04,9.92,07.08,11.12,10.83,7.29,10.58,12.83,16.17
2063-11-06,4.0,1.92,4.83,0.96,4.17,0.37,3.0,2.58,0.87,0.87,7.25,2.96
2063-11-07,11.79,7.67,7.75,4.92,9.17,4.38,7.62,4.5,4.5,4.12,6.25,5.79
2063-11-08,11.67,12.08,10.5,6.5,14.09,9.75,13.0,7.62,8.92,9.59,12.25,12.42
2063-11-09,7.41,9.96,7.54,3.88,8.79,5.66,6.58,5.54,4.67,3.92,7.83,8.63
2063-11-10,32.96,22.25,26.67,20.46,23.75,16.83,19.83,21.29,16.71,17.25,24.13,33.87
2063-11-11,26.92,22.04,22.67,19.5,27.04,19.12,18.29,15.67,16.21,18.63,14.17,15.59
2063-11-12,16.42,15.71,14.75,14.96,21.17,19.0,25.92,20.33,22.08,20.04,28.62,24.3
2063-11-13,10.29,9.42,6.67,3.67,11.12,7.79,14.42,7.79,9.21,11.29,16.96,22.08
2063-11-14,13.62,13.08,13.67,4.42,14.37,7.62,12.08,6.54,7.46,9.13,18.0,14.46
2063-11-15,8.5,11.04,4.12,01.04,10.0,5.13,2.92,7.21,03.08,4.42,10.13,4.79
2063-11-16,16.5,14.67,8.58,6.67,12.79,5.66,6.29,06.08,2.54,3.37,14.58,11.0
2063-11-17,21.67,19.75,16.96,8.17,19.17,13.5,13.75,15.16,11.04,11.71,18.21,19.17
2063-11-18,25.12,21.04,20.71,14.5,21.21,15.71,22.5,14.37,16.46,15.34,15.34,8.92
2063-11-19,9.29,6.54,8.63,5.17,9.0,5.75,10.08,07.08,06.08,7.33,16.79,18.91
2063-11-20,10.75,8.71,10.96,3.58,8.38,3.46,7.17,5.96,5.71,7.21,13.96,15.21
2063-11-21,26.38,24.67,22.67,17.41,26.42,18.91,24.71,20.38,20.5,21.34,30.0,31.05
2063-11-22,8.71,10.92,6.58,4.79,8.17,06.04,10.21,7.58,7.0,8.75,12.96,18.88
2063-11-23,22.63,19.38,19.29,10.92,13.96,12.79,13.17,12.79,9.67,13.04,13.88,18.5
2063-11-24,26.5,21.29,21.92,16.46,20.08,15.21,14.62,17.21,15.41,17.33,20.33,18.75
2063-11-25,26.58,26.54,19.46,14.75,23.09,15.54,18.41,18.54,17.62,17.04,24.13,17.92
2063-11-26,22.83,13.96,14.0,12.12,13.37,9.83,14.42,10.83,13.96,12.62,14.21,17.92
2063-11-27,8.79,10.88,09.08,4.96,9.92,7.17,5.91,10.04,7.0,9.13,18.91,15.83
2063-11-28,15.83,11.12,13.54,8.21,8.54,6.34,10.41,5.96,9.5,8.17,10.54,14.37
2063-11-29,03.08,6.17,9.71,1.33,5.88,2.21,6.46,3.92,1.58,2.29,10.21,07.08
2063-11-30,19.17,17.46,11.08,3.71,14.88,7.5,6.42,11.87,5.79,6.13,16.88,12.5
2063-12-01,24.79,16.46,18.75,11.17,21.71,12.83,13.79,18.25,12.08,13.79,19.79,15.37
2063-12-02,15.67,12.21,17.96,9.75,11.17,10.88,16.0,15.12,14.12,12.75,16.88,26.16
2063-12-03,22.79,18.5,27.67,16.17,19.41,19.87,21.29,20.75,18.88,17.33,21.29,31.75
2063-12-04,13.96,10.83,15.5,7.75,10.29,10.17,16.08,12.79,13.17,12.12,12.71,24.33
2063-12-05,10.04,7.12,13.62,3.96,07.04,3.79,10.71,7.33,6.13,7.58,7.71,05.09
2063-12-06,11.17,7.46,12.62,4.0,7.83,4.12,13.21,6.96,4.75,6.67,8.29,12.92
2063-12-07,10.13,8.63,11.42,3.29,07.08,3.96,8.92,4.67,03.04,5.5,7.33,10.08
2063-12-08,7.29,01.08,7.38,0.42,6.54,1.46,1.83,1.29,1.13,1.29,6.29,6.67
2063-12-09,6.83,4.88,6.25,0.46,6.13,1.75,3.46,02.04,0.83,1.25,7.5,7.38
2063-12-10,20.12,20.33,18.66,10.63,18.05,13.17,12.17,15.29,9.25,13.29,18.75,14.12
2063-12-11,18.34,3.37,23.13,12.38,18.29,16.08,17.54,18.84,12.5,15.0,18.41,20.67
2063-12-12,16.42,11.71,17.5,10.0,15.71,11.0,16.96,15.75,11.71,12.92,15.54,20.79
2063-12-13,17.46,12.54,17.96,06.04,12.0,6.87,13.04,10.88,7.83,8.79,11.38,14.29
2063-12-14,12.58,8.42,16.5,7.0,8.87,04.04,09.08,7.25,5.83,4.67,6.87,10.0
2063-12-15,9.42,10.21,13.13,5.0,7.67,03.04,6.5,4.88,3.83,3.92,3.83,10.75
2063-12-16,9.42,9.83,10.37,3.25,6.0,4.88,4.92,4.5,2.29,3.79,6.0,4.25
2063-12-17,9.59,9.71,9.13,3.42,06.04,4.75,6.42,5.54,3.21,3.25,6.38,9.42
2063-12-18,11.67,10.46,15.12,5.54,7.29,3.75,7.5,5.17,4.79,4.96,7.25,14.54
2063-12-19,12.58,10.37,19.29,08.08,10.08,3.92,10.58,5.66,5.33,4.21,5.37,15.12
2063-12-20,11.83,5.75,11.5,3.21,4.71,0.79,8.38,5.21,3.0,1.92,4.17,11.12
2063-12-21,9.96,2.13,8.29,2.46,4.42,2.37,10.88,1.92,3.96,6.67,5.63,11.71
2063-12-22,9.5,12.08,6.42,0.5,10.54,6.29,6.63,9.79,2.92,8.38,19.38,13.25
2063-12-23,27.37,22.71,18.96,10.58,20.25,14.46,12.08,19.46,12.42,20.58,31.25,30.5
2063-12-24,32.5,26.54,26.25,17.0,24.71,18.71,18.08,21.21,18.58,21.37,29.38,29.63
2063-12-25,7.96,6.92,10.63,5.13,9.92,8.29,12.21,9.17,8.79,14.17,19.04,24.67
2063-12-26,4.25,4.79,5.79,1.13,7.12,5.58,8.29,6.13,5.63,6.87,13.17,15.25
2063-12-27,16.79,17.29,15.09,9.29,14.25,12.17,10.54,15.75,9.42,15.5,26.63,21.21
2063-12-28,19.21,19.38,16.25,14.29,17.88,14.79,12.87,16.96,12.71,16.88,29.71,24.83
2063-12-29,17.96,16.79,14.96,11.21,15.79,13.37,14.29,13.37,13.37,15.16,22.0,20.91
2063-12-30,22.21,19.08,20.46,12.29,16.58,14.17,17.29,17.12,12.96,18.54,26.08,21.59
2063-12-31,13.88,14.42,12.12,9.25,14.33,10.67,18.29,11.96,12.04,15.37,16.79,14.09
2064-01-01,25.8,22.13,18.21,13.25,21.29,14.79,14.12,19.58,13.25,16.75,28.96,21.0
2064-01-02,33.34,28.5,24.37,28.46,23.5,20.33,22.63,25.92,17.71,24.17,36.95,28.96
2064-01-03,22.63,9.92,19.67,18.12,11.92,12.12,16.13,9.67,12.58,15.29,14.5,14.71
2064-01-04,8.67,4.79,14.5,7.75,7.54,2.58,6.5,2.42,4.42,5.13,4.58,4.83
2064-01-05,5.5,6.75,3.79,3.58,8.83,3.5,3.67,6.71,5.79,5.63,8.63,9.71
2064-01-06,6.87,10.75,7.0,4.21,9.25,5.29,2.54,6.21,2.46,5.79,17.08,10.37
2064-01-07,12.29,11.92,7.92,4.17,10.63,4.46,2.92,9.54,3.67,8.12,21.54,10.0
2064-01-08,15.09,12.54,7.71,6.29,9.13,4.29,04.08,11.87,5.25,9.46,22.75,17.37
2064-01-09,10.67,09.08,7.96,4.38,7.0,2.75,2.67,5.88,2.25,2.83,14.04,10.34
2064-01-10,11.25,9.92,8.71,3.0,9.17,2.67,2.71,7.79,3.46,3.0,09.08,3.63
2064-01-11,10.04,10.41,11.96,2.67,9.92,2.92,4.42,4.67,3.29,4.12,5.96,4.71
2064-01-12,8.21,5.88,17.08,6.79,9.17,2.25,7.54,5.91,06.04,5.66,5.21,11.96
2064-01-13,14.25,11.71,18.5,7.41,12.29,6.25,15.04,12.21,8.75,14.33,14.21,24.96
2064-01-14,15.96,18.91,12.46,3.0,12.67,6.42,8.71,11.29,3.67,9.25,14.5,20.12
2064-01-15,19.04,21.62,15.34,7.67,15.21,10.25,11.12,14.09,9.0,15.0,15.41,16.54
2064-01-16,19.46,20.58,15.79,9.38,15.41,10.5,11.34,13.25,7.87,12.17,14.67,18.58
2064-01-17,16.25,17.75,15.59,9.13,15.83,10.29,12.25,10.54,6.54,8.58,16.38,9.67
2064-01-18,16.42,16.96,18.63,10.71,15.46,12.54,15.29,13.59,11.29,12.62,20.12,19.5
2064-01-19,2.92,9.62,7.83,1.0,6.29,2.75,2.62,6.71,1.38,5.79,16.66,8.79
2064-01-20,02.08,5.71,4.54,2.21,5.88,03.08,7.58,6.17,4.42,8.29,12.33,13.13
2064-01-21,1.87,4.75,4.29,0.5,05.04,0.71,1.92,0.96,0.46,0.46,7.21,5.63
2064-01-22,10.37,9.96,8.46,2.67,8.17,3.13,3.0,3.25,2.37,4.71,7.62,6.87
2064-01-23,7.83,3.13,09.08,4.63,7.17,5.71,9.92,5.71,5.33,8.67,9.75,15.0
2064-01-24,8.29,4.21,9.71,4.33,04.04,1.0,6.34,0.75,2.0,05.04,3.88,8.17
2064-01-25,3.63,03.04,6.0,0.67,4.12,1.21,09.08,5.0,2.75,07.08,9.5,11.71
2064-01-26,03.08,5.25,5.13,0.75,5.79,2.29,7.12,5.91,2.42,6.13,12.0,10.71
2064-01-27,15.46,13.13,14.33,6.58,12.79,9.33,11.08,13.21,8.12,12.29,21.29,15.46
2064-01-28,16.04,11.12,10.63,10.46,13.17,8.67,15.87,11.54,12.21,13.75,16.66,17.96
2064-01-29,12.62,12.21,12.17,8.58,16.83,11.63,17.25,13.37,13.59,15.83,20.25,17.46
2064-01-30,18.16,16.66,11.87,11.67,18.16,12.67,19.0,15.25,14.33,14.54,21.46,25.12
2064-01-31,18.41,17.46,14.75,11.54,21.75,16.46,22.92,21.34,18.71,19.5,23.91,25.54
2064-02-01,13.25,13.83,12.0,8.79,13.42,12.5,17.67,14.5,11.96,15.87,15.75,18.34
2064-02-02,16.92,18.25,17.25,9.21,15.34,13.21,15.34,19.12,11.25,17.46,26.92,22.0
2064-02-03,16.08,13.5,13.83,10.41,15.46,11.67,16.79,12.5,12.96,16.33,20.58,24.41
2064-02-04,9.21,7.83,8.58,6.63,11.34,9.17,15.5,11.79,10.21,17.04,16.62,26.04
2064-02-05,08.08,6.21,11.21,3.25,6.83,3.25,7.25,3.17,03.08,3.83,6.29,09.04
2064-02-06,09.04,5.25,04.08,0.33,6.54,0.58,5.63,2.67,0.96,4.17,4.92,10.46
2064-02-07,7.5,7.38,4.17,0.71,6.75,1.87,5.88,2.5,0.5,3.96,7.33,7.71
2064-02-08,4.33,6.79,6.29,1.0,3.88,0.75,7.21,1.5,2.96,4.92,7.17,10.5
2064-02-09,3.67,2.96,3.67,01.08,4.29,1.33,7.54,4.17,01.08,5.25,11.29,10.58
2064-02-10,4.88,3.79,5.5,0.42,4.63,1.87,10.83,4.75,3.21,5.88,8.92,12.12
2064-02-11,07.08,9.92,7.29,1.67,7.0,4.21,8.5,6.75,03.08,6.75,11.92,9.83
2064-02-12,20.96,15.63,14.09,9.0,15.63,11.12,9.67,14.42,8.92,10.04,17.46,16.08
2064-02-13,26.2,16.08,24.54,14.5,22.13,17.33,20.3,18.58,13.17,17.88,19.25,19.21
2064-02-14,14.17,10.34,16.42,09.08,15.12,11.0,17.04,12.87,10.41,14.96,13.67,23.54
2064-02-15,15.5,12.71,15.34,9.75,14.12,11.38,13.88,11.92,8.87,13.7,13.92,16.46
2064-02-16,12.54,9.17,18.54,7.54,10.54,7.5,12.96,9.54,6.42,10.92,8.71,21.37
2064-02-17,11.46,08.04,20.88,8.71,10.34,7.5,12.83,9.13,8.96,10.34,11.29,22.83
2064-02-18,18.21,16.0,22.79,12.75,18.16,11.87,24.0,20.67,12.71,18.34,22.46,30.91
2064-02-19,16.04,12.17,16.58,8.67,15.87,9.29,16.38,14.25,8.96,10.83,14.17,17.37
2064-02-20,17.58,16.5,13.7,8.12,16.33,11.63,9.67,13.67,6.96,11.34,12.92,9.87
2064-02-21,25.25,21.84,22.79,12.21,21.59,16.54,18.29,18.12,9.38,16.33,18.38,13.96
2064-02-22,16.66,17.25,24.25,14.04,18.16,16.83,19.25,17.04,13.13,18.96,16.62,22.63
2064-02-23,11.54,11.5,11.58,6.92,9.96,6.58,8.92,7.96,5.21,9.5,11.42,11.96
2064-02-24,24.87,19.87,19.0,17.25,20.46,16.29,15.04,18.08,13.88,18.41,18.05,15.54
2064-02-25,15.83,14.12,14.88,11.42,14.04,10.41,11.08,12.58,11.29,15.29,17.5,18.66
2064-02-26,23.21,25.66,20.21,14.83,22.54,16.17,16.25,17.37,13.13,17.5,19.55,18.16
2064-02-27,21.34,18.08,17.79,13.7,17.67,12.42,13.79,16.25,11.75,17.96,20.25,19.12
2064-02-28,09.08,9.29,9.54,5.17,11.12,6.5,8.46,10.5,6.0,12.71,18.84,14.96
2064-02-29,8.83,12.17,08.04,5.13,12.5,6.92,5.88,11.38,5.58,11.38,19.95,15.21
2064-03-01,13.67,14.92,11.0,6.46,15.37,10.21,8.87,12.25,5.13,9.29,13.46,12.25
2064-03-02,10.63,9.92,7.87,03.08,10.0,2.5,06.04,6.46,3.37,6.29,7.21,6.25
2064-03-03,7.46,8.21,7.46,2.37,9.54,1.21,4.83,3.67,2.46,3.29,05.09,5.66
2064-03-04,8.12,05.09,10.29,03.04,8.79,3.33,7.83,05.04,3.25,5.96,07.08,10.0
2064-03-05,7.62,7.38,14.79,4.46,7.33,2.92,7.67,4.0,3.25,5.88,5.37,5.33
2064-03-06,8.71,6.87,13.13,3.88,8.33,2.5,5.88,5.79,3.5,6.29,5.46,8.17
2064-03-07,12.83,9.79,20.83,7.21,9.75,5.33,10.08,5.21,06.08,6.42,4.38,5.25
2064-03-08,11.58,9.25,22.46,6.87,9.38,3.67,9.5,08.08,5.83,6.79,7.41,8.75
2064-03-09,9.75,6.25,19.04,6.34,8.83,5.79,10.29,6.96,5.33,7.96,10.71,12.38
2064-03-10,16.66,9.54,16.0,6.54,12.58,8.38,10.67,10.25,7.83,10.08,12.42,17.25
2064-03-11,23.63,20.33,19.21,12.67,23.54,15.92,15.16,16.17,12.29,14.5,16.58,16.96
2064-03-12,17.71,15.16,20.5,10.21,21.34,15.5,15.37,18.79,14.42,18.29,19.55,25.21
2064-03-13,11.46,13.37,13.33,8.79,15.29,9.75,12.87,9.5,8.29,13.37,13.13,17.79
2064-03-14,18.88,18.58,15.75,10.21,18.12,13.5,13.21,17.62,10.5,17.46,23.38,22.34
2064-03-15,8.83,11.25,7.17,3.54,11.21,6.25,6.54,09.04,4.54,11.79,16.83,19.83
2064-03-16,21.25,20.12,19.95,11.5,23.16,12.33,17.41,16.75,11.67,16.0,18.0,22.21
2064-03-17,16.58,15.92,29.08,14.54,18.08,18.54,23.13,19.04,15.83,23.13,20.5,32.25
2064-03-18,16.88,13.83,25.8,14.12,19.41,19.12,22.54,18.91,13.42,18.63,21.34,32.88
2064-03-19,17.29,14.62,19.87,11.17,16.83,11.34,15.37,15.92,11.34,16.33,18.79,30.88
2064-03-20,10.17,10.25,12.46,07.08,9.17,5.63,11.34,6.75,6.5,11.38,7.67,13.96
2064-03-21,10.21,8.33,7.5,03.08,6.63,3.71,8.71,4.38,4.42,8.42,4.63,11.96
2064-03-22,5.21,4.29,4.71,0.71,4.33,0.13,06.08,2.67,4.58,5.83,5.88,10.04
2064-03-23,10.34,10.37,13.17,6.71,10.25,9.21,11.0,8.21,8.46,10.29,12.38,14.29
2064-03-24,13.79,13.37,10.63,7.29,12.17,6.63,7.58,7.92,6.75,9.46,13.33,14.92
2064-03-25,17.16,11.75,16.92,11.92,14.75,8.83,15.37,9.46,12.71,15.67,12.04,20.38
2064-03-26,07.08,9.42,7.21,3.42,8.71,4.25,6.0,7.54,3.25,6.71,16.71,9.54
2064-03-27,15.0,14.71,12.42,08.04,14.17,9.17,9.67,12.33,09.08,13.67,16.79,17.79
2064-03-28,9.5,8.33,10.75,5.37,12.71,8.21,8.92,9.71,6.29,10.29,7.92,15.12
2064-03-29,7.87,06.08,7.79,02.04,10.88,04.04,7.71,8.38,5.96,8.83,9.17,10.25
2064-03-30,15.04,15.25,8.25,5.21,16.5,10.08,7.71,12.83,07.08,9.62,16.21,13.13
2064-03-31,13.96,11.83,13.04,06.08,14.29,7.29,10.58,12.33,6.75,8.92,13.54,14.67
2064-04-01,11.38,11.21,23.0,8.25,12.71,7.71,12.04,11.34,07.04,10.34,12.21,12.96
2064-04-02,13.75,9.83,24.79,8.75,9.62,5.46,10.63,7.96,06.08,7.5,7.75,11.34
2064-04-03,13.17,12.38,24.75,9.92,10.34,8.29,11.83,9.62,7.71,11.92,13.42,15.75
2064-04-04,14.12,12.92,24.17,9.87,10.5,7.62,12.75,9.87,6.42,9.25,10.21,11.96
2064-04-05,9.62,6.58,10.58,7.25,09.04,3.17,6.58,6.75,4.71,6.87,6.92,10.37
2064-04-06,10.83,9.21,7.21,5.5,10.41,4.83,7.33,8.42,4.88,7.75,10.63,9.42
2064-04-07,6.71,04.08,7.17,3.17,6.75,2.71,7.29,6.58,4.0,7.17,11.58,11.54
2064-04-08,11.83,13.04,12.17,6.34,10.37,8.33,11.63,14.17,6.54,11.83,20.3,18.08
2064-04-09,18.75,12.92,16.83,13.04,19.21,13.59,18.05,15.29,13.25,16.88,19.17,19.92
2064-04-10,8.46,6.83,8.29,3.37,6.79,5.79,8.54,8.46,5.66,8.67,14.42,11.58
2064-04-11,10.08,7.83,11.38,4.5,10.13,7.96,10.04,12.42,7.29,11.21,14.21,14.0
2064-04-12,14.37,9.83,12.33,7.96,16.5,11.83,14.37,13.25,11.75,13.42,14.58,17.54
2064-04-13,14.88,15.79,13.13,11.12,18.71,10.25,15.96,14.0,11.46,15.04,20.5,19.75
2064-04-14,16.88,15.75,15.09,10.08,18.71,12.83,19.04,16.33,14.79,16.54,21.96,21.71
2064-04-15,17.12,12.71,17.58,9.71,12.62,7.92,10.71,11.08,6.75,12.08,17.25,14.46
2064-04-16,10.37,7.12,10.67,5.88,9.92,6.58,9.17,7.5,4.96,8.42,11.75,10.13
2064-04-17,15.0,11.58,14.25,9.87,14.09,10.79,12.79,11.75,8.79,11.25,13.25,11.0
2064-04-18,10.88,7.41,15.87,9.75,11.42,12.87,12.87,12.29,11.0,13.54,11.58,16.88
2064-04-19,7.71,4.54,4.83,2.33,6.58,2.42,4.75,3.88,1.38,5.83,7.87,11.58
2064-04-20,6.63,5.29,10.0,5.29,6.71,5.96,9.25,04.08,5.5,8.75,6.29,12.67
2064-04-21,7.71,6.5,7.21,3.88,8.38,3.13,5.41,5.63,3.25,6.63,9.0,15.63
2064-04-22,9.21,9.42,10.29,4.25,8.71,4.38,09.04,06.08,04.04,6.25,7.67,5.79
2064-04-23,11.92,8.0,7.54,7.96,12.21,7.41,9.79,7.17,6.34,7.29,9.17,6.54
2064-04-24,5.71,8.58,6.42,4.5,9.54,5.46,7.83,7.17,04.08,7.5,09.08,12.58
2064-04-25,12.87,15.71,13.83,9.96,14.71,12.42,12.29,15.21,8.75,14.75,20.21,18.54
2064-04-26,9.13,11.38,9.75,08.04,11.54,08.08,7.21,10.21,6.5,11.25,10.63,08.04
2064-04-27,16.5,15.25,15.83,10.25,15.09,12.71,11.42,14.37,9.96,14.46,16.75,17.16
2064-04-28,15.59,11.63,12.25,7.29,14.62,9.33,11.63,08.08,8.79,11.46,14.25,17.83
2064-04-29,14.37,14.96,11.12,9.71,17.04,12.0,15.09,14.62,11.87,14.67,17.67,19.92
2064-04-30,14.5,12.96,12.29,9.59,16.13,11.58,14.5,12.33,10.71,13.21,17.29,20.96
2064-05-01,10.96,10.71,10.5,6.67,10.41,6.54,11.08,9.87,6.92,11.34,13.46,18.38
2064-05-02,17.54,17.62,16.46,9.75,13.92,10.54,9.79,14.67,8.38,13.79,21.17,13.13
2064-05-03,22.17,21.84,20.54,12.67,25.66,17.04,20.08,21.12,15.67,20.25,28.33,25.66
2064-05-04,18.29,15.67,15.67,11.0,20.91,14.75,19.41,14.09,13.08,13.46,21.79,22.95
2064-05-05,17.75,15.34,14.83,9.33,17.96,12.46,15.54,17.88,11.25,17.62,24.58,23.16
2064-05-06,9.92,12.46,11.25,7.83,12.42,8.38,9.75,11.83,7.12,14.0,17.62,15.75
2064-05-07,19.5,15.25,20.04,13.33,17.25,13.7,16.66,12.12,12.5,15.75,14.96,11.96
2064-05-08,22.37,21.09,20.88,13.04,21.17,15.0,19.7,18.12,13.59,18.12,23.09,22.37
2064-05-09,23.29,20.96,21.34,13.42,19.67,15.59,15.96,18.21,12.21,17.41,29.0,22.46
2064-05-10,17.25,17.33,17.67,10.75,17.21,12.54,15.92,15.46,11.79,14.58,20.88,19.29
2064-05-11,18.91,16.92,20.46,10.34,14.0,12.33,15.04,15.34,10.21,16.13,20.62,12.58
2064-05-12,17.88,14.83,17.54,11.25,17.67,13.29,14.37,16.33,13.13,16.33,24.54,26.3
2064-05-13,7.83,6.54,8.0,6.29,11.96,8.92,11.54,10.92,8.38,10.88,16.54,20.41
2064-05-14,8.12,4.46,9.33,4.33,8.33,05.04,9.92,6.46,6.21,9.59,9.25,15.21
2064-05-15,5.33,9.46,7.29,5.37,9.71,5.71,5.25,6.54,4.42,7.21,9.38,7.5
2064-05-16,6.54,12.08,8.46,6.58,11.63,8.83,5.66,9.21,5.96,9.62,15.34,10.54
2064-05-17,12.12,11.83,7.54,6.54,11.67,8.5,07.08,9.29,06.04,8.54,7.54,9.75
2064-05-18,13.5,12.04,14.71,8.79,15.0,9.17,13.46,10.34,10.29,10.34,13.21,15.5
2064-05-19,8.96,9.71,9.33,4.96,11.04,7.46,7.33,8.79,6.46,7.17,13.46,14.58
2064-05-20,10.96,12.46,10.83,5.33,9.46,6.0,7.54,10.08,5.75,8.5,14.88,9.33
2064-05-21,14.75,13.75,14.58,6.96,13.08,8.87,6.96,12.5,7.79,12.42,20.33,12.29
2064-05-22,12.71,11.75,12.83,8.58,11.21,8.92,10.71,10.79,9.13,11.04,12.54,13.37
2064-05-23,10.67,10.92,17.75,8.17,10.29,7.5,10.92,10.63,8.12,9.67,12.79,4.46
2064-05-24,9.0,9.71,23.29,9.54,11.54,6.75,11.08,11.63,07.08,6.96,15.96,5.83
2064-05-25,10.21,06.08,24.0,9.25,8.42,5.54,11.29,8.46,6.63,7.0,13.88,4.71
2064-05-26,4.88,3.33,15.21,4.29,3.83,5.83,6.13,6.17,6.87,7.58,7.46,7.75
2064-05-27,12.17,16.42,6.67,5.79,13.83,6.46,8.87,10.34,8.75,10.54,11.92,17.58
2064-05-28,10.88,12.75,14.58,10.75,12.96,12.62,10.54,12.92,10.96,12.62,11.92,14.83
2064-05-29,10.83,12.54,6.96,5.75,12.58,06.08,8.17,7.75,6.42,8.12,8.38,8.29
2064-05-30,9.33,6.92,9.71,2.71,7.41,3.13,03.08,3.71,4.38,5.0,7.92,7.79
2064-05-31,12.29,8.75,19.33,7.92,12.62,11.0,13.54,13.37,12.17,13.7,16.21,18.12
2064-06-01,18.5,16.08,26.12,10.46,16.33,13.29,17.37,15.96,13.46,13.42,19.29,19.87
2064-06-02,10.75,11.67,22.29,7.38,10.54,6.79,10.67,11.96,8.87,11.58,15.75,16.79
2064-06-03,12.04,10.08,9.79,5.63,10.34,5.58,7.67,09.04,7.75,7.87,11.0,15.46
2064-06-04,19.04,16.71,15.75,13.37,17.62,11.38,15.5,12.62,13.0,15.25,13.0,19.12
2064-06-05,16.25,14.42,14.88,10.21,12.67,9.33,11.12,13.25,8.38,11.29,20.5,12.83
2064-06-06,11.0,5.91,13.33,5.0,8.29,4.12,8.25,6.0,5.58,7.0,8.75,11.12
2064-06-07,11.54,8.58,8.58,6.54,11.42,6.38,10.04,8.54,08.08,10.83,10.67,13.75
2064-06-08,12.46,12.83,10.34,7.92,12.46,8.75,10.71,9.54,9.13,10.71,14.04,11.29
2064-06-09,15.09,14.29,15.0,10.25,11.5,9.96,8.58,10.75,10.21,12.5,16.92,13.5
2064-06-10,20.41,17.25,15.92,9.33,16.21,10.21,9.62,13.79,10.5,14.29,22.75,14.67
2064-06-11,16.08,14.58,15.96,9.38,12.42,8.54,11.21,12.38,10.0,15.04,15.79,12.75
2064-06-12,10.54,8.75,9.71,6.21,9.71,5.41,6.75,8.63,6.67,7.83,9.29,8.87
2064-06-13,17.37,16.58,13.5,08.08,14.09,7.12,8.63,12.04,8.63,10.58,15.67,14.46
2064-06-14,15.21,13.92,12.54,8.92,17.88,9.92,13.25,13.21,11.58,12.96,19.08,20.04
2064-06-15,11.0,10.21,9.25,7.92,14.17,9.87,15.37,12.17,12.33,14.46,17.21,23.58
2064-06-16,10.63,8.42,11.17,6.54,13.79,8.29,13.21,10.21,10.46,11.25,15.34,15.21
2064-06-17,7.92,9.33,6.17,3.33,7.92,2.58,6.17,6.29,4.17,4.71,8.38,8.29
2064-06-18,8.63,10.34,10.0,4.92,9.5,3.63,5.91,8.71,5.21,8.25,11.5,10.88
2064-06-19,14.12,10.54,14.33,9.59,11.34,7.54,13.25,10.88,11.21,14.09,13.17,23.54
2064-06-20,11.5,06.04,11.58,6.63,10.13,06.08,10.25,7.38,9.17,11.63,8.75,15.96
2064-06-21,12.29,7.21,7.87,6.83,10.58,6.63,8.96,7.58,8.12,9.79,9.38,12.04
2064-06-22,08.08,7.33,5.5,5.66,11.12,5.29,3.67,6.17,4.79,4.46,8.87,6.25
2064-06-23,8.0,4.88,5.71,6.0,7.67,3.96,4.63,4.12,5.54,6.42,6.96,10.79
2064-06-24,3.54,3.17,5.46,2.79,4.71,2.92,4.29,3.58,4.29,5.25,9.96,12.54
2064-06-25,3.88,2.37,1.83,2.71,3.37,0.67,3.92,2.83,1.79,3.13,9.54,4.71
2064-06-26,6.21,7.5,6.17,3.29,8.58,5.41,8.0,12.08,7.92,11.5,19.62,15.46
2064-06-27,8.54,9.75,7.17,5.91,12.5,7.21,10.41,7.0,09.08,7.46,9.29,13.08
2064-06-28,7.38,7.62,5.83,5.25,10.75,4.92,5.21,4.67,5.75,08.08,7.33,14.71
2064-06-29,10.29,6.42,8.12,5.21,9.38,5.37,8.92,6.63,8.29,10.63,12.42,16.21
2064-06-30,13.08,7.5,7.12,6.63,13.17,8.21,14.88,11.38,11.04,13.17,12.0,16.66
2064-07-01,10.21,7.75,6.96,5.21,9.62,3.58,7.92,7.21,6.54,9.33,9.92,14.37
2064-07-02,12.0,9.67,6.0,6.17,10.34,6.38,9.87,10.17,9.0,10.34,13.0,16.5
2064-07-03,8.83,8.54,5.0,06.04,10.17,5.54,6.58,7.96,7.17,8.83,10.08,14.62
2064-07-04,8.21,10.08,7.62,6.71,08.04,4.17,5.21,7.0,7.33,8.29,9.46,13.46
2064-07-05,12.42,10.46,5.88,6.96,10.08,7.21,8.42,8.75,9.38,9.67,13.33,14.17
2064-07-06,9.5,7.62,6.87,5.25,9.17,5.91,6.42,7.41,6.63,7.75,10.75,14.67
2064-07-07,20.3,18.38,17.79,11.46,19.7,13.29,19.41,17.83,14.88,17.83,23.83,28.46
2064-07-08,17.0,13.67,12.38,10.04,16.96,11.54,16.21,13.0,13.54,14.79,18.05,27.25
2064-07-09,14.58,12.83,10.54,8.29,15.79,10.5,14.5,12.21,13.21,14.46,15.92,25.62
2064-07-10,14.12,12.71,11.63,7.58,14.37,9.25,12.25,10.04,10.41,11.42,16.42,16.29
2064-07-11,13.67,12.67,15.29,7.5,12.96,8.71,13.42,10.58,11.34,10.21,13.46,19.79
2064-07-12,8.25,5.5,7.79,3.63,07.08,4.92,6.54,06.08,6.38,5.37,8.71,12.12
2064-07-13,14.62,15.67,12.62,10.96,16.08,10.54,9.54,12.25,11.34,12.62,16.33,17.79
2064-07-14,15.09,15.21,18.05,10.58,14.67,11.34,13.54,14.79,11.5,15.79,23.58,17.41
2064-07-15,11.42,12.38,13.37,7.12,12.83,8.63,11.58,14.42,8.5,13.67,22.37,17.75
2064-07-16,6.79,9.46,7.0,5.46,9.96,06.08,4.29,6.21,4.75,6.42,13.88,7.96
2064-07-17,04.08,3.79,3.37,3.92,5.71,3.37,04.08,4.58,3.67,4.33,6.38,4.5
2064-07-18,11.54,9.5,4.12,04.08,10.21,4.92,4.63,9.87,5.29,5.33,10.79,8.5
2064-07-19,11.92,7.25,8.67,5.41,6.58,4.67,7.79,05.04,6.38,6.54,6.67,11.34
2064-07-20,6.46,7.96,6.17,03.04,5.91,2.96,2.5,3.46,3.58,3.67,8.87,6.83
2064-07-21,8.0,7.62,3.67,3.83,8.33,04.04,1.96,05.04,03.08,4.54,6.29,7.96
2064-07-22,6.42,3.21,2.5,3.79,4.42,2.83,4.63,3.71,5.21,5.66,6.46,09.04
2064-07-23,7.25,05.09,3.83,4.17,7.41,4.83,6.83,6.42,6.25,7.58,10.83,12.33
2064-07-24,9.13,11.29,11.21,5.58,10.92,9.25,9.96,14.33,9.38,12.46,16.21,14.92
2064-07-25,5.88,7.0,7.75,4.46,7.17,5.79,8.17,7.38,07.04,7.29,9.54,13.83
2064-07-26,7.46,4.21,8.58,4.63,4.25,2.92,3.96,5.17,05.09,6.21,14.12,15.37
2064-07-27,10.37,9.75,11.63,7.33,16.92,11.54,15.09,13.0,12.75,12.42,19.75,24.5
2064-07-28,10.71,9.33,7.67,7.21,13.83,12.0,11.96,10.17,9.67,8.5,12.04,17.16
2064-07-29,8.21,5.91,9.38,3.13,9.59,8.33,6.71,7.79,6.83,6.83,12.67,12.12
2064-07-30,6.92,6.21,10.5,4.92,10.63,07.08,10.13,9.67,8.46,9.75,13.75,16.58
2064-07-31,11.83,8.75,10.21,8.92,17.54,11.79,13.79,12.29,13.17,13.37,16.75,20.25
2064-08-01,16.88,10.34,13.04,11.54,17.75,13.5,16.54,15.04,14.21,14.42,15.41,17.04
2064-08-02,13.08,7.0,10.92,7.58,11.96,9.25,14.04,12.5,10.5,13.08,12.96,17.79
2064-08-03,7.92,07.08,5.96,4.21,8.5,5.5,8.71,7.46,6.71,8.75,9.25,16.66
2064-08-04,5.79,2.92,5.33,2.21,4.21,2.29,4.42,5.41,2.33,6.0,10.92,10.34
2064-08-05,08.04,07.08,11.04,4.75,8.33,5.91,7.67,8.5,7.12,10.79,14.5,14.46
2064-08-06,12.96,9.42,9.42,05.04,12.42,7.25,6.83,8.87,08.04,8.54,13.7,14.33
2064-08-07,16.17,14.71,8.46,7.67,15.96,9.62,9.21,10.21,8.33,9.5,14.67,9.5
2064-08-08,11.25,6.13,08.04,6.63,9.59,5.88,6.96,3.46,6.87,7.58,7.17,10.17
2064-08-09,7.0,4.96,6.83,3.46,4.42,4.63,4.88,3.75,3.5,6.0,6.63,9.96
2064-08-10,3.33,05.09,3.67,2.46,5.79,3.5,03.08,2.33,03.08,2.29,3.83,06.08
2064-08-11,6.0,2.58,7.0,1.79,7.21,1.29,3.63,2.21,4.42,4.67,4.63,7.33
2064-08-12,7.54,2.25,11.38,1.79,5.71,3.67,2.46,4.67,4.21,4.75,8.58,4.88
2064-08-13,4.92,3.13,16.71,04.04,4.75,5.71,05.09,4.58,04.04,5.21,10.34,5.54
2064-08-14,5.25,2.0,11.46,2.71,03.08,2.75,03.04,1.63,2.58,3.79,7.79,4.29
2064-08-15,4.21,6.13,4.67,2.79,5.54,2.58,2.79,2.37,2.25,4.83,5.33,5.63
2064-08-16,15.59,10.21,11.25,7.71,13.08,10.13,07.08,8.5,7.5,8.71,10.17,9.62
2064-08-17,12.54,7.79,15.79,7.33,9.67,7.58,13.42,7.5,7.92,11.29,11.5,16.38
2064-08-18,21.92,19.12,14.17,11.25,18.5,10.37,15.09,15.79,13.13,16.5,24.83,30.46
2064-08-19,12.54,7.71,11.46,7.83,10.79,6.67,10.67,7.92,9.25,12.21,10.34,15.83
2064-08-20,4.63,4.17,4.58,1.67,5.0,1.96,5.71,04.08,3.54,5.46,5.41,6.58
2064-08-21,6.87,4.96,6.58,2.88,6.17,2.46,4.25,5.58,3.25,5.21,12.04,11.42
2064-08-22,9.33,10.08,10.67,3.96,11.67,08.04,9.42,10.5,8.5,11.67,18.34,18.0
2064-08-23,19.55,17.54,18.88,9.71,14.75,12.25,13.62,15.12,10.41,15.59,21.92,20.46
2064-08-24,15.83,14.25,17.04,10.0,15.87,12.25,15.34,14.12,11.5,15.46,19.29,22.29
2064-08-25,15.09,16.38,15.37,10.88,14.0,12.42,13.0,13.46,11.71,14.92,20.62,16.62
2064-08-26,11.75,9.5,12.38,6.42,9.71,6.42,08.04,3.21,6.87,9.59,8.79,9.83
2064-08-27,8.67,8.29,10.5,4.96,7.46,5.0,7.12,04.04,4.67,5.66,07.04,5.46
2064-08-28,12.25,10.71,09.08,6.0,11.46,6.87,11.34,6.87,7.33,8.38,9.54,9.5
2064-08-29,7.12,6.71,7.83,5.13,4.29,4.58,9.25,4.88,07.04,9.54,07.04,16.13
2064-08-30,7.41,5.0,6.92,02.08,4.54,1.71,4.38,2.46,1.58,2.83,3.5,6.58
2064-08-31,14.12,14.09,11.54,5.21,12.87,8.54,7.21,8.96,6.96,8.75,9.17,10.34
2064-09-01,17.71,16.0,12.71,8.21,15.37,11.17,11.29,11.17,9.0,11.46,15.59,14.42
2064-09-02,8.75,10.67,9.96,5.54,10.88,8.0,10.0,8.46,6.67,7.96,10.54,12.71
2064-09-03,5.83,2.25,3.46,1.87,6.0,1.79,02.04,2.58,2.0,02.08,5.96,3.67
2064-09-04,6.71,3.21,4.29,2.42,5.25,1.17,2.46,2.17,2.37,04.08,4.5,4.71
2064-09-05,11.63,08.04,8.71,05.04,11.12,6.79,5.63,8.87,6.71,6.75,11.17,10.34
2064-09-06,10.58,4.63,5.83,06.04,10.29,6.75,8.58,7.54,7.87,9.42,11.08,14.54
2064-09-07,10.88,09.04,9.62,6.5,13.0,9.67,10.37,12.33,10.34,11.17,15.71,18.12
2064-09-08,9.42,7.67,11.25,5.75,10.88,08.04,12.33,10.21,9.96,9.38,16.42,17.58
2064-09-09,8.46,10.29,10.88,06.04,10.0,8.42,13.29,12.79,9.0,10.21,16.5,16.42
2064-09-10,14.09,13.96,14.5,8.71,11.58,10.04,14.58,10.5,10.37,11.92,17.33,15.37
2064-09-11,10.21,5.66,9.42,6.87,8.96,7.5,10.75,9.33,9.54,12.12,12.67,18.5
2064-09-12,9.42,9.33,7.38,3.67,8.83,4.29,4.5,6.87,4.88,06.08,8.54,9.79
2064-09-13,12.75,11.75,13.17,8.29,9.62,6.96,9.17,9.33,7.5,10.46,16.66,14.21
2064-09-14,17.67,13.46,14.04,8.29,15.12,9.96,9.42,11.21,11.71,13.54,17.96,18.63
2064-09-15,16.04,14.12,16.04,8.71,15.96,10.92,10.13,11.46,10.58,13.79,19.5,17.41
2064-09-16,16.79,12.79,12.25,7.41,13.37,9.29,08.08,7.96,8.83,9.5,12.87,15.87
2064-09-17,12.0,10.41,7.96,6.42,12.62,7.75,9.29,7.21,8.38,9.67,12.42,17.58
2064-09-18,9.29,9.96,9.62,5.66,11.67,7.75,10.75,7.46,7.62,7.87,14.75,15.87
2064-09-19,11.12,12.5,9.21,7.17,13.92,9.71,15.12,10.34,10.71,11.46,17.04,22.42
2064-09-20,11.38,6.21,9.87,5.0,8.75,6.21,10.17,5.37,8.87,7.38,11.17,12.67
2064-09-21,14.54,15.04,11.42,6.79,11.87,8.87,8.33,10.67,7.54,8.67,18.41,14.12
2064-09-22,18.12,18.38,17.54,10.0,16.04,12.54,14.21,16.42,11.34,18.54,18.5,14.58
2064-09-23,9.62,9.83,10.88,7.54,12.25,7.38,6.83,09.08,9.0,12.04,10.46,11.87
2064-09-24,22.67,15.75,20.12,12.67,18.5,13.21,15.04,14.88,13.04,14.62,15.34,15.09
2064-09-25,14.96,10.92,15.29,7.96,12.92,7.58,10.58,14.21,9.33,14.33,25.0,21.29
2064-09-26,10.58,6.46,10.92,5.88,11.17,7.33,09.08,8.54,8.33,9.79,12.5,14.92
2064-09-27,04.08,2.88,6.46,0.87,5.0,2.21,6.25,2.21,3.83,4.5,8.83,15.59
2064-09-28,3.21,7.58,7.0,3.33,7.58,5.13,6.87,09.04,4.67,8.12,15.83,15.29
2064-09-29,04.04,3.13,5.37,02.08,4.79,2.29,5.88,4.63,4.67,7.71,6.75,9.62
2064-09-30,9.21,1.75,15.29,1.58,3.67,0.92,3.67,2.25,3.63,03.08,04.08,3.88
2064-10-01,5.83,2.58,13.13,1.79,2.58,1.29,03.08,3.58,2.13,1.96,4.42,3.58
2064-10-02,8.67,4.21,10.96,2.75,5.17,03.08,6.96,5.54,6.21,8.12,6.13,8.12
2064-10-03,10.75,10.54,8.58,3.58,10.67,6.46,7.67,7.12,5.63,8.67,10.04,15.87
2064-10-04,12.21,15.92,12.08,6.83,15.83,8.58,6.87,12.79,7.79,10.17,15.5,14.5
2064-10-05,16.88,10.96,13.29,8.54,12.12,09.08,10.41,8.96,9.42,11.75,10.08,13.21
2064-10-06,22.92,20.71,18.71,10.92,18.08,14.17,16.46,14.21,12.33,15.21,16.25,14.17
2064-10-07,19.04,18.79,14.88,10.88,19.67,10.96,18.71,12.75,13.92,13.04,20.46,21.67
2064-10-08,17.71,16.83,10.41,8.67,15.5,10.17,14.83,10.79,12.46,10.41,20.04,22.34
2064-10-09,15.09,15.75,9.21,6.71,14.29,6.96,7.12,05.04,7.71,7.21,8.21,7.87
2064-10-10,13.59,9.62,12.12,8.5,8.79,7.62,15.37,3.63,10.83,13.54,09.08,10.92
2064-10-11,8.71,07.08,11.42,5.5,4.96,3.63,8.71,3.96,5.96,8.5,7.25,13.17
2064-10-12,5.75,5.37,7.83,3.54,4.88,03.04,6.75,3.21,3.13,4.63,7.83,8.46
2064-10-13,6.13,2.75,6.67,2.75,5.58,4.79,09.08,4.88,4.67,8.38,10.63,12.08
2064-10-14,14.5,12.08,9.71,6.42,10.21,7.54,9.13,7.33,7.12,8.79,16.46,13.42
2064-10-15,21.71,16.5,14.5,14.09,18.08,12.58,12.04,12.62,12.67,10.08,21.5,14.5
2064-10-16,10.21,9.59,9.62,07.04,8.33,6.96,10.13,6.71,8.25,8.58,10.13,16.79
2064-10-17,6.83,07.08,4.58,03.04,09.04,5.29,5.58,5.25,03.04,5.54,10.04,9.62
2064-10-18,7.67,11.38,9.83,3.21,6.25,5.96,4.17,9.54,4.21,9.0,12.21,11.54
2064-10-19,12.29,12.67,10.46,07.04,10.75,6.13,5.17,8.12,6.13,9.87,19.04,13.21
2064-10-20,7.54,8.38,7.79,1.96,4.0,3.42,5.75,5.33,3.67,7.92,11.0,10.0
2064-10-21,05.09,5.17,9.79,3.71,5.71,03.04,5.25,5.58,3.96,4.29,9.29,10.79
2064-10-22,14.0,11.96,8.17,6.75,13.25,9.0,12.0,9.5,11.21,12.29,20.58,24.71
2064-10-23,25.17,21.67,15.54,12.71,18.5,12.29,14.71,14.21,13.29,14.88,22.34,28.04
2064-10-24,9.67,8.54,8.75,04.08,9.13,6.5,10.37,6.25,8.0,09.08,11.54,16.96
2064-10-25,6.63,7.25,5.54,3.17,7.92,5.33,6.25,8.17,5.96,8.21,13.5,12.08
2064-10-26,13.67,11.08,11.75,05.09,7.67,6.63,6.25,9.96,5.83,11.12,15.37,14.37
2064-10-27,14.12,9.87,8.17,6.92,11.04,7.67,2.54,10.5,6.63,10.58,12.87,17.04
2064-10-28,8.42,11.54,4.96,2.54,9.71,5.25,2.46,8.67,4.5,7.87,11.96,12.87
2064-10-29,4.88,8.79,2.37,1.46,7.67,2.54,1.92,4.75,2.75,5.5,10.75,11.58
2064-10-30,6.58,10.04,07.04,1.54,8.38,3.33,1.75,06.04,2.62,04.04,7.54,9.79
2064-10-31,15.29,10.41,13.04,4.75,9.96,6.5,6.21,6.54,4.5,5.0,5.66,10.71
2064-11-01,12.87,11.92,10.5,3.37,11.12,3.63,2.46,4.63,3.54,3.63,7.5,7.83
2064-11-02,8.58,5.0,13.7,3.46,5.63,2.62,6.17,3.25,3.42,3.0,7.29,13.5
2064-11-03,10.21,6.58,21.59,6.5,6.29,4.71,8.54,5.54,5.96,5.0,6.17,12.25
2064-11-04,11.42,11.92,19.87,6.38,9.62,5.46,9.67,7.29,6.25,6.17,4.88,10.29
2064-11-05,9.46,6.71,18.46,6.54,9.42,03.04,8.0,5.88,4.88,3.88,1.5,3.63
2064-11-06,8.54,4.21,14.54,4.83,6.83,1.58,5.88,3.37,2.96,2.42,2.67,5.96
2064-11-07,10.75,8.54,12.33,2.96,6.63,3.75,9.21,6.63,3.25,5.79,7.38,8.71
2064-11-08,10.25,10.58,10.08,5.41,9.0,6.5,7.71,6.34,4.83,5.75,8.75,8.0
2064-11-09,5.5,6.17,6.13,1.25,7.96,01.08,3.46,04.04,2.13,4.71,8.33,11.67
2064-11-10,7.33,10.96,6.96,1.58,8.12,4.0,2.96,4.25,3.67,4.96,9.5,10.29
2064-11-11,13.83,14.79,13.08,06.08,12.46,9.42,8.96,12.71,7.87,11.67,16.21,17.29
2064-11-12,12.21,12.46,9.42,6.58,13.92,8.54,14.04,9.25,8.42,11.38,18.38,20.04
2064-11-13,20.54,19.92,18.12,10.34,15.87,12.04,16.13,15.21,11.71,15.92,24.04,22.83
2064-11-14,22.0,20.58,18.21,13.59,22.92,16.54,24.08,19.38,17.04,20.96,30.88,32.46
2064-11-15,19.62,19.95,16.08,11.75,17.5,13.5,17.88,13.83,13.96,13.37,23.63,23.87
2064-11-16,13.04,11.75,11.71,11.34,14.33,10.41,17.33,9.5,13.46,12.79,15.16,22.21
2064-11-17,15.5,16.54,11.75,5.17,11.54,7.67,9.62,8.17,6.58,6.5,10.5,09.08
2064-11-18,15.09,16.66,15.5,07.04,11.42,10.54,12.42,15.09,9.0,14.46,21.46,16.33
2064-11-19,7.83,8.42,8.67,4.0,7.12,5.66,11.29,8.67,6.13,9.79,16.38,15.12
2064-11-20,5.66,8.96,10.21,3.13,4.83,2.75,9.25,13.17,4.79,10.21,16.71,14.96
2064-11-21,3.25,9.21,6.13,0.75,5.33,2.5,6.46,7.29,3.54,7.33,14.96,12.96
2064-11-22,14.67,11.71,12.54,5.46,7.41,6.5,11.63,10.5,6.0,9.46,14.58,15.12
2064-11-23,10.13,9.25,8.87,5.46,10.54,8.54,13.54,11.12,10.34,12.79,19.0,18.88
2064-11-24,14.79,12.71,15.54,9.83,16.58,13.46,18.16,12.83,15.0,16.25,20.21,22.21
2064-11-25,9.87,7.79,8.79,4.5,7.62,5.13,8.5,6.17,5.79,7.67,10.46,15.12
2064-11-26,18.12,14.67,15.04,7.21,12.29,10.58,13.21,13.29,10.54,14.79,21.29,25.33
2064-11-27,11.21,12.87,9.42,6.34,13.59,08.08,16.08,9.71,10.75,12.42,20.21,22.75
2064-11-28,18.63,15.83,11.34,10.04,11.67,8.71,15.41,12.08,12.42,12.67,22.83,27.84
2064-11-29,24.54,17.54,19.7,11.04,15.37,7.38,14.71,12.0,10.13,13.92,18.34,22.63
2064-11-30,13.42,14.96,9.33,4.96,10.5,7.41,11.12,7.75,8.92,8.12,16.08,17.79
2064-12-01,23.87,18.46,14.33,9.59,12.87,8.87,12.42,11.63,9.25,11.42,18.54,19.58
2064-12-02,10.29,8.46,9.38,5.29,12.21,7.5,15.04,09.04,10.63,12.46,14.58,23.33
2064-12-03,19.5,13.33,13.7,11.42,14.83,11.58,15.79,11.58,13.04,14.09,16.75,28.62
2064-12-04,09.04,5.5,10.29,4.75,4.79,4.29,9.54,3.17,5.46,07.08,8.25,17.5
2064-12-05,9.25,10.67,9.54,5.29,12.25,8.96,16.42,9.83,10.37,10.63,17.25,16.04
2064-12-06,21.75,16.96,20.12,10.83,16.75,13.17,19.38,14.33,13.08,16.92,21.25,23.58
2064-12-07,25.84,14.54,23.96,14.71,13.62,11.25,16.75,9.87,11.5,9.92,12.62,15.63
2064-12-08,25.54,22.37,23.71,12.67,17.62,15.5,20.88,17.21,13.88,20.0,27.33,28.46
2064-12-09,12.96,12.42,12.58,5.29,11.92,8.38,13.54,7.17,09.08,8.92,14.67,16.83
2064-12-10,4.79,7.67,6.13,1.63,7.71,5.66,7.17,4.96,5.5,7.58,11.54,15.96
2064-12-11,17.58,17.71,17.04,8.71,15.75,12.87,14.0,15.0,11.08,14.21,25.37,22.95
2064-12-12,28.88,16.42,25.29,7.83,10.96,7.29,12.75,7.46,7.46,10.96,13.29,18.96
2064-12-13,17.54,14.88,13.79,9.67,15.54,10.41,15.71,10.25,12.12,11.79,18.38,19.0
2064-12-14,4.75,3.17,5.88,0.54,4.71,3.92,8.87,2.17,4.54,7.62,10.21,13.62
2064-12-15,16.0,12.08,11.34,5.58,11.71,10.54,7.83,12.54,8.38,13.33,18.0,19.08
2064-12-16,15.09,15.92,8.96,6.5,11.25,08.08,9.87,12.67,9.29,13.79,24.41,20.0
2064-12-17,18.34,13.04,16.17,9.5,11.34,07.08,8.21,8.33,7.75,9.92,13.13,17.12
2064-12-18,6.29,2.25,4.63,1.29,3.83,0.04,3.21,0.54,0.75,1.17,5.46,5.66
2064-12-19,7.17,4.54,7.41,2.17,03.08,0.96,6.29,2.88,02.08,4.5,9.79,12.67
2064-12-20,15.87,11.87,26.2,8.46,6.58,3.63,10.21,07.08,5.83,9.96,13.62,17.5
2064-12-21,13.29,13.21,27.5,8.12,12.25,5.79,14.37,7.75,8.0,10.88,12.38,17.37
2064-12-22,14.67,9.62,20.71,6.63,11.0,4.63,15.04,9.79,7.54,9.83,08.08,10.17
2064-12-23,11.17,7.87,12.04,5.88,7.79,4.0,10.34,4.46,5.5,8.75,03.04,5.25
2064-12-24,15.5,10.5,13.75,7.67,7.12,3.58,10.17,7.87,6.87,9.17,16.33,21.75
2064-12-25,13.08,7.58,14.12,6.71,6.58,4.96,10.79,4.38,7.0,7.83,12.0,17.75
2064-12-26,8.87,11.12,5.96,2.75,8.17,5.79,8.71,5.25,5.63,8.83,11.92,12.5
2064-12-27,21.67,16.17,20.88,8.71,8.87,5.79,10.37,7.17,06.08,8.12,11.96,12.54
2064-12-28,7.17,06.08,7.67,1.54,7.0,4.5,6.96,5.79,4.25,8.71,10.88,17.33
2064-12-29,17.71,18.29,15.63,7.92,17.33,12.71,17.88,11.17,12.08,15.29,22.75,22.08
2064-12-30,23.38,24.17,18.75,11.5,22.75,15.96,20.3,14.29,14.46,17.33,30.46,26.83
2064-12-31,16.33,19.25,13.37,10.08,17.04,12.54,19.83,13.79,12.67,15.04,21.37,23.58
2065-01-01,9.54,11.92,9.0,4.38,06.08,5.21,10.25,06.08,5.71,8.63,12.04,17.41
2065-01-02,11.75,9.83,10.13,4.71,7.62,4.29,7.79,5.13,5.25,5.91,12.12,14.96
2065-01-03,13.7,07.04,15.16,6.42,5.91,0.83,8.63,4.83,4.38,6.92,7.92,13.7
2065-01-04,04.04,4.21,6.46,1.21,2.75,02.08,7.71,3.13,02.04,6.0,12.08,15.67
2065-01-05,8.63,12.67,6.34,0.46,9.42,5.96,7.62,6.79,5.13,6.54,17.62,17.04
2065-01-06,16.79,16.62,14.88,5.33,11.83,9.13,14.79,13.33,7.41,14.42,21.92,19.58
2065-01-07,14.5,15.37,14.54,6.17,12.17,09.08,13.17,10.58,9.38,14.37,16.38,16.88
2065-01-08,13.04,15.29,8.79,7.17,13.62,09.04,13.21,11.5,9.75,12.87,20.21,22.67
2065-01-09,22.0,21.67,16.5,14.58,22.34,16.96,21.84,21.84,18.88,12.54,18.84,22.17
2065-01-10,28.88,23.38,24.92,15.59,15.96,16.13,19.62,17.37,13.0,20.25,21.71,19.67
2065-01-11,22.0,18.38,20.25,11.54,17.29,14.5,18.12,15.25,13.46,20.79,22.83,23.71
2065-01-12,15.29,18.88,12.79,10.34,17.62,12.75,17.21,13.75,12.5,15.83,23.87,23.04
2065-01-13,28.12,26.46,20.25,16.88,26.25,19.0,23.45,21.96,20.91,22.71,28.21,25.75
2065-01-14,16.92,22.67,15.41,11.5,21.46,12.62,20.12,12.38,14.29,16.66,24.71,28.58
2065-01-15,16.83,19.33,11.79,8.79,14.46,10.75,17.08,12.38,11.46,13.33,20.08,21.34
2065-01-16,25.75,27.25,19.55,13.88,25.66,16.29,18.84,17.21,17.54,15.25,27.58,22.88
2065-01-17,32.17,33.04,21.71,22.63,37.54,26.16,28.5,30.63,25.88,20.96,39.04,27.84
2065-01-18,17.08,15.5,11.75,11.0,14.37,10.29,16.96,11.17,13.37,10.92,18.34,14.09
2065-01-19,12.71,11.46,11.54,6.71,10.63,7.75,10.63,8.67,7.5,8.79,12.0,9.87
2065-01-20,16.54,15.59,19.87,9.0,12.42,11.79,20.12,13.7,12.29,14.33,15.5,20.83
2065-01-21,16.66,15.59,13.92,6.29,13.04,9.54,10.63,9.38,7.58,10.63,17.41,19.33
2065-01-22,12.38,12.79,9.0,5.75,11.67,08.08,11.34,8.38,8.17,8.12,15.5,16.0
2065-01-23,16.79,12.83,13.29,7.38,14.37,9.59,9.92,10.21,8.79,11.67,12.75,16.42
2065-01-24,3.71,1.75,7.21,1.0,3.54,0.79,5.58,0.54,01.04,03.08,3.33,7.83
2065-01-25,7.0,3.21,17.08,3.5,4.21,4.42,5.5,5.21,4.38,5.37,7.17,8.12
2065-01-26,10.08,8.5,15.96,5.71,7.58,05.04,8.87,7.79,6.0,8.42,7.17,16.92
2065-01-27,10.83,11.63,14.17,6.17,8.38,4.75,9.33,11.46,7.33,12.33,12.17,21.42
2065-01-28,13.37,15.63,19.0,7.67,10.75,4.63,10.29,8.58,7.17,7.96,5.75,11.79
2065-01-29,15.59,17.33,23.25,8.21,14.17,6.25,13.29,09.08,8.12,8.87,07.08,7.79
2065-01-30,18.88,21.25,27.12,8.92,13.83,8.17,15.09,9.96,9.13,08.08,9.79,16.96
2065-01-31,16.42,14.88,21.87,7.12,14.29,4.92,13.88,10.79,09.04,10.34,10.96,14.29
2065-02-01,15.83,9.71,15.29,5.0,9.29,6.96,8.63,7.96,6.79,5.17,9.5,6.34
2065-02-02,16.88,15.04,12.92,6.87,11.5,9.83,8.83,7.58,4.88,8.12,7.92,4.83
2065-02-03,8.67,3.17,12.38,2.46,6.21,2.71,4.21,4.5,3.88,5.83,5.13,7.12
2065-02-04,6.63,2.75,12.0,4.0,3.96,03.08,3.63,3.25,2.42,3.88,7.46,13.42
2065-02-05,7.92,4.88,7.71,02.08,2.5,0.29,5.66,1.46,2.17,2.75,5.21,12.08
2065-02-06,8.75,2.21,9.87,4.25,3.96,0.08,4.79,1.67,2.88,4.21,02.04,9.54
2065-02-07,9.21,7.21,13.67,7.29,7.17,3.33,9.38,6.83,06.08,8.38,7.92,14.92
2065-02-08,6.92,6.46,13.92,4.25,4.42,1.46,4.79,4.5,3.21,4.54,05.04,12.21
2065-02-09,5.79,04.08,5.79,3.75,4.75,0.92,6.0,2.33,4.42,5.58,4.17,12.42
2065-02-10,8.75,2.21,06.04,3.46,7.67,2.21,7.29,05.09,5.33,06.04,5.33,11.25
2065-02-11,7.62,5.96,6.87,4.71,9.62,6.87,12.87,8.75,8.92,11.34,15.21,17.29
2065-02-12,14.71,14.46,14.33,10.29,17.46,13.21,21.04,14.21,16.42,16.33,20.21,28.04
2065-02-13,18.75,14.42,17.71,12.75,14.67,11.75,18.63,13.37,14.54,19.04,19.25,32.63
2065-02-14,6.71,2.5,11.79,4.29,4.17,2.79,9.29,2.37,5.83,8.92,3.5,18.75
2065-02-15,2.92,2.79,8.38,3.63,1.92,1.58,8.33,1.17,5.17,06.08,4.42,10.71
2065-02-16,3.79,3.58,6.75,2.92,1.25,0.0,5.88,0.17,3.46,3.54,4.75,10.0
2065-02-17,7.92,6.83,12.96,5.66,5.79,2.42,9.42,4.75,5.29,6.17,4.33,7.96
2065-02-18,6.75,05.04,7.29,3.21,05.04,1.87,4.25,3.88,2.79,4.21,6.17,5.13
2065-02-19,9.5,6.87,19.33,8.33,08.04,7.83,13.46,8.79,8.29,11.92,10.58,16.25
2065-02-20,14.37,12.79,17.79,7.5,13.04,8.21,15.92,13.67,10.29,11.83,13.21,20.67
2065-02-21,12.38,10.88,17.58,7.0,10.17,5.88,11.83,8.83,7.58,9.59,7.71,12.79
2065-02-22,9.13,7.58,14.62,6.54,7.58,3.96,10.0,06.04,5.0,4.21,7.67,10.75
2065-02-23,6.87,4.88,8.79,3.71,5.5,2.29,7.41,4.88,3.71,7.54,8.54,14.21
2065-02-24,09.04,9.5,9.59,4.63,8.58,5.46,12.42,9.5,7.46,9.0,11.54,16.13
2065-02-25,11.17,8.71,10.83,4.12,7.0,1.63,4.79,2.79,3.29,1.87,4.21,9.75
2065-02-26,10.71,5.54,10.21,6.71,7.83,3.46,10.83,5.58,5.79,8.63,7.54,16.29
2065-02-27,04.04,2.0,06.08,1.96,3.79,1.17,8.46,2.25,3.5,3.58,3.67,8.92
2065-02-28,8.17,6.38,7.21,5.33,6.17,3.29,11.0,5.66,5.66,7.38,8.46,18.46
2065-03-01,15.41,18.5,18.75,7.54,14.5,9.42,17.33,14.29,10.83,15.04,18.66,24.17
2065-03-02,8.25,8.5,10.54,3.88,7.83,4.5,8.79,7.75,4.63,7.75,16.79,19.41
2065-03-03,17.67,12.92,15.5,08.08,14.79,8.42,14.83,10.13,9.54,14.17,13.08,23.87
2065-03-04,16.38,18.63,28.42,11.54,15.67,13.33,22.46,16.66,13.75,15.96,16.21,25.88
2065-03-05,12.21,7.5,13.42,6.71,4.96,4.29,11.54,4.25,4.17,8.63,6.34,12.58
2065-03-06,4.58,4.46,3.88,1.83,4.5,3.13,8.46,3.25,2.42,4.92,7.17,6.58
2065-03-07,3.92,10.29,08.04,3.13,7.71,5.41,10.63,7.92,6.17,8.63,13.5,16.17
2065-03-08,13.0,14.75,7.75,4.58,10.21,6.79,8.46,7.25,5.54,8.83,11.29,10.25
2065-03-09,17.0,20.75,14.88,10.58,18.38,11.34,9.33,12.79,9.54,13.29,13.75,14.62
2065-03-10,20.58,24.5,20.83,12.08,22.58,16.46,18.34,13.25,12.92,12.38,19.83,19.0
2065-03-11,18.96,14.83,19.12,9.83,17.67,13.75,12.42,12.38,10.5,11.34,17.71,17.41
2065-03-12,14.46,13.46,15.5,9.38,14.88,12.17,13.17,12.75,11.71,11.87,12.54,20.75
2065-03-13,6.21,5.5,10.79,4.38,4.29,2.96,8.58,4.12,4.92,08.04,8.21,9.79
2065-03-14,9.92,12.25,11.54,7.5,10.83,8.79,9.21,10.63,6.13,11.08,15.46,12.96
2065-03-15,18.58,20.71,16.62,10.37,19.7,13.54,15.92,14.62,13.13,15.83,22.13,20.91
2065-03-16,18.84,16.38,16.58,11.12,20.79,14.75,20.3,15.34,15.83,19.04,23.71,28.12
2065-03-17,13.25,10.88,12.96,4.21,09.04,3.63,6.63,5.0,4.12,6.75,7.67,14.5
2065-03-18,9.62,4.21,7.12,5.54,11.63,7.67,12.96,8.29,9.67,10.13,11.29,12.42
2065-03-19,7.5,7.58,6.79,3.54,7.0,2.79,7.12,3.75,4.96,7.92,6.46,9.54
2065-03-20,9.59,10.96,11.75,6.71,13.75,6.0,12.58,15.63,10.58,13.21,19.12,28.42
2065-03-21,6.17,8.79,7.38,2.67,6.42,3.13,12.08,10.83,7.5,12.5,14.12,29.58
2065-03-22,11.58,9.29,12.58,05.09,10.41,6.54,8.38,9.75,4.29,11.75,14.46,25.41
2065-03-23,6.38,7.87,9.46,4.12,7.0,5.88,10.5,7.29,7.83,11.29,12.12,23.0
2065-03-24,13.37,15.0,11.17,8.33,16.17,9.46,14.04,13.67,10.88,12.58,16.08,14.04
2065-03-25,21.04,19.46,15.29,11.0,20.0,12.54,17.12,12.62,13.04,14.09,14.79,14.75
2065-03-26,14.75,17.0,13.75,7.75,16.62,10.37,14.04,12.5,9.96,11.67,16.46,12.96
2065-03-27,15.83,19.21,17.62,11.46,14.71,12.62,16.66,15.21,12.25,16.42,25.17,18.66
2065-03-28,07.08,17.54,10.75,6.34,11.29,9.13,7.41,9.92,7.92,9.38,20.17,17.04
2065-03-29,12.08,14.58,3.75,6.0,10.13,9.13,5.71,7.92,6.54,7.12,13.29,14.21
2065-03-30,20.71,17.37,11.25,7.87,14.88,12.38,10.83,12.25,9.79,14.5,14.12,16.38
2065-03-31,18.38,21.71,11.08,9.54,20.54,14.21,10.67,15.75,10.34,13.7,17.33,14.09
2065-04-01,4.5,6.67,07.04,4.79,7.33,4.96,8.67,5.58,5.25,7.17,13.08,8.71
2065-04-02,4.83,4.88,3.71,2.37,03.08,1.79,8.12,6.75,3.88,4.54,13.21,6.79
2065-04-03,8.46,15.09,8.46,6.0,13.42,8.67,8.71,10.92,5.83,11.71,17.79,13.75
2065-04-04,14.25,14.21,13.04,08.04,12.96,8.29,11.34,10.88,6.75,11.34,15.83,12.25
2065-04-05,9.62,10.25,6.46,3.29,7.21,2.62,4.88,2.75,2.88,4.75,04.08,4.75
2065-04-06,7.12,7.46,8.83,04.04,09.08,5.88,9.17,7.83,5.17,6.87,12.75,12.33
2065-04-07,09.04,6.34,8.63,3.5,7.62,5.21,08.08,7.96,6.67,8.63,12.08,11.12
2065-04-08,5.54,5.29,7.54,4.83,8.92,6.71,9.92,7.29,6.58,7.58,09.04,12.96
2065-04-09,15.09,17.46,14.54,7.21,14.25,11.0,12.17,12.87,10.08,12.62,19.04,17.92
2065-04-10,16.58,15.41,13.59,11.25,17.83,12.38,18.0,14.71,13.33,13.04,18.05,21.17
2065-04-11,16.42,18.21,13.92,10.67,21.71,13.5,19.55,13.96,12.96,15.75,21.34,23.75
2065-04-12,18.91,14.88,14.12,13.83,20.21,13.37,18.66,14.42,16.13,16.62,18.08,20.38
2065-04-13,10.37,7.5,10.67,5.71,10.5,7.25,10.37,7.67,8.33,8.5,12.38,11.92
2065-04-14,10.34,10.96,10.96,7.54,15.83,10.08,12.46,10.75,10.79,11.12,15.71,16.66
2065-04-15,12.79,9.42,10.83,9.25,17.16,13.54,15.34,13.59,13.79,11.92,13.62,17.21
2065-04-16,15.96,10.54,11.79,8.87,15.09,11.71,16.21,13.59,13.04,13.88,14.96,18.34
2065-04-17,23.54,19.38,20.58,18.34,25.37,19.55,27.08,21.25,23.58,20.91,24.08,26.46
2065-04-18,23.42,16.04,11.83,14.58,21.12,15.37,21.87,17.33,19.5,20.33,20.62,29.46
2065-04-19,23.54,18.21,19.7,14.92,17.16,13.17,20.38,14.12,13.92,20.41,16.88,28.67
2065-04-20,11.54,4.92,16.42,5.71,6.83,4.42,08.04,3.17,4.63,08.08,4.83,10.54
2065-04-21,10.75,9.62,5.63,4.79,10.92,7.12,7.5,7.58,5.79,8.21,12.25,13.62
2065-04-22,8.25,10.75,7.54,4.54,8.83,6.5,4.79,7.62,4.38,5.71,9.83,13.25
2065-04-23,10.34,7.92,9.13,5.46,9.17,5.58,8.67,6.83,7.0,7.62,10.92,12.96
2065-04-24,14.71,13.13,10.46,7.21,14.62,7.5,08.08,5.25,5.37,08.08,10.67,11.54
2065-04-25,18.5,13.08,11.0,09.04,17.54,11.5,10.88,13.67,10.5,9.59,16.0,15.37
2065-04-26,26.63,18.08,18.46,16.25,23.25,16.21,21.5,17.08,17.83,19.62,23.5,25.8
2065-04-27,17.46,16.04,12.67,10.13,13.96,9.59,12.21,12.08,11.0,13.62,14.12,22.04
2065-04-28,6.83,7.41,8.33,4.79,6.46,4.83,8.33,4.92,5.79,7.58,8.38,18.21
2065-04-29,13.17,12.42,6.92,5.25,11.96,6.92,6.92,9.59,6.96,8.79,10.54,18.46
2065-04-30,12.5,10.67,9.79,7.33,14.09,11.29,10.25,12.08,6.83,10.08,14.67,15.0
2065-05-01,7.71,4.25,10.17,5.71,9.75,7.87,12.12,8.79,8.0,11.87,10.67,15.79
2065-05-02,9.96,11.0,13.08,7.5,10.67,8.5,14.0,9.13,8.75,13.0,12.5,17.29
2065-05-03,9.54,11.17,11.38,4.92,9.79,7.17,7.46,5.13,4.21,6.42,8.67,10.13
2065-05-04,14.29,12.67,10.25,6.92,14.09,10.21,11.0,9.71,9.25,9.29,12.04,10.79
2065-05-05,11.42,9.25,10.08,8.42,12.92,11.0,15.25,10.29,12.08,14.42,12.87,21.29
2065-05-06,10.92,12.04,12.71,6.71,11.17,8.29,07.08,8.25,5.75,7.92,12.46,10.63
2065-05-07,14.96,17.41,15.04,7.75,14.54,11.17,11.58,12.67,10.21,12.25,19.79,14.46
2065-05-08,18.63,16.58,20.5,12.58,18.91,15.0,17.46,15.83,15.87,18.16,24.46,27.12
2065-05-09,10.79,8.92,11.87,10.08,13.29,11.08,15.25,11.71,12.38,15.41,13.59,20.54
2065-05-10,6.79,11.79,6.96,5.88,9.96,6.75,4.79,5.58,5.0,7.71,10.41,10.46
2065-05-11,7.58,8.25,6.83,4.83,7.96,5.46,3.79,5.0,3.29,8.12,10.21,6.87
2065-05-12,12.46,21.54,11.12,8.71,13.7,11.17,8.46,11.12,8.58,10.54,12.62,14.75
2065-05-13,8.17,13.92,11.34,8.33,10.79,8.67,7.41,9.79,7.21,9.79,12.25,14.46
2065-05-14,6.58,7.83,6.71,2.62,4.79,1.96,3.37,3.54,2.0,3.5,9.38,6.29
2065-05-15,10.41,11.08,10.67,5.79,7.62,05.09,3.25,5.13,2.46,05.09,9.83,8.75
2065-05-16,9.38,6.42,11.71,5.5,8.54,5.25,5.88,7.38,4.42,6.34,11.46,12.92
2065-05-17,12.04,13.92,8.29,5.83,12.21,7.71,6.83,10.63,6.75,8.42,19.0,19.38
2065-05-18,16.0,9.96,13.42,8.71,9.92,6.58,9.87,07.04,7.41,12.17,10.21,14.37
2065-05-19,6.83,5.25,8.42,2.58,7.12,3.33,04.08,4.79,03.04,4.58,10.0,7.58
2065-05-20,10.58,13.67,9.67,8.17,13.04,10.04,7.17,9.75,6.75,9.96,20.41,12.38
2065-05-21,19.87,16.13,18.79,12.79,17.33,11.96,12.62,13.88,12.54,16.62,21.12,21.5
2065-05-22,15.12,12.08,12.58,9.92,13.37,11.29,10.21,09.04,9.38,11.87,12.46,14.04
2065-05-23,6.83,4.42,10.5,5.17,4.96,6.79,12.83,08.08,6.25,10.54,9.21,15.34
2065-05-24,10.71,10.08,10.34,5.0,12.0,6.25,8.96,3.54,3.96,6.75,5.17,12.75
2065-05-25,9.13,6.87,10.37,4.38,8.58,4.29,7.87,05.09,04.04,6.34,9.29,4.54
2065-05-26,10.37,7.83,6.25,4.29,9.83,5.54,9.54,4.17,4.71,8.25,7.21,11.67
2065-05-27,16.17,11.96,11.46,08.08,9.38,7.92,12.38,8.54,7.58,13.59,10.5,13.79
2065-05-28,7.5,9.17,19.12,6.71,8.38,5.63,9.13,9.25,4.25,7.5,16.04,15.12
2065-05-29,8.21,6.67,20.79,5.79,7.58,5.37,8.5,8.12,4.17,8.33,14.37,11.0
2065-05-30,12.25,9.92,8.75,6.67,9.5,7.17,9.17,10.29,6.79,11.54,15.12,17.67
2065-05-31,14.0,10.92,16.08,6.96,12.62,9.42,7.33,10.79,7.79,12.58,13.42,14.04
2065-06-01,5.66,4.17,16.08,4.0,4.38,3.83,4.17,2.96,3.0,3.42,6.79,05.04
2065-06-02,6.38,2.75,6.0,1.67,3.42,1.71,1.83,3.17,1.0,3.5,3.42,7.17
2065-06-03,8.46,6.21,5.91,2.17,4.75,3.71,3.79,5.58,2.79,4.38,12.79,5.5
2065-06-04,10.58,9.46,11.67,04.08,7.75,5.29,6.5,9.33,4.12,8.46,16.38,13.83
2065-06-05,9.75,08.08,9.25,3.88,6.71,3.29,3.46,6.58,3.75,6.21,10.96,9.59
2065-06-06,4.75,3.54,6.5,2.75,1.83,1.67,4.58,2.13,1.79,2.42,7.17,6.83
2065-06-07,5.0,3.13,4.46,02.04,3.17,1.5,2.5,4.33,2.46,3.83,10.46,3.37
2065-06-08,8.54,7.83,7.12,05.09,6.96,3.54,4.42,5.71,5.41,5.46,6.5,5.29
2065-06-09,7.25,4.29,7.83,3.21,4.54,1.96,3.54,2.29,4.46,4.12,7.33,6.42
2065-06-10,9.87,14.54,6.5,5.37,12.25,7.41,4.42,08.04,5.13,7.71,9.62,4.58
2065-06-11,11.71,9.83,11.5,07.08,7.92,5.83,6.29,6.54,07.04,7.92,8.92,10.0
2065-06-12,10.92,9.71,9.54,4.75,10.34,7.67,5.46,6.67,6.54,6.38,10.46,8.33
2065-06-13,5.21,10.71,6.83,2.83,3.46,3.75,8.5,7.92,3.71,4.63,14.83,8.33
2065-06-14,12.38,10.41,11.92,6.87,10.17,8.83,7.17,7.54,7.5,7.33,15.5,10.63
2065-06-15,18.63,15.79,18.58,12.12,18.79,13.42,15.67,12.21,13.54,15.54,9.54,13.59
2065-06-16,11.12,8.79,9.13,5.88,13.17,8.0,11.17,09.08,7.58,9.87,12.42,20.75
2065-06-17,16.66,17.37,15.25,9.96,14.67,11.04,13.42,12.0,10.71,11.71,16.71,14.83
2065-06-18,21.59,19.33,19.62,13.08,23.16,13.96,24.21,14.0,17.54,16.04,18.96,18.5
2065-06-19,15.79,14.09,12.96,7.5,14.54,10.08,13.83,11.96,9.96,10.67,18.46,17.83
2065-06-20,9.5,12.29,14.29,7.54,10.34,8.71,13.46,13.83,9.62,15.25,17.41,15.71
2065-06-21,07.08,9.46,10.67,5.33,5.96,3.29,5.17,4.29,3.63,5.41,9.0,9.25
2065-06-22,16.79,14.17,14.5,9.25,12.92,8.67,10.92,10.25,9.25,10.13,17.21,9.46
2065-06-23,22.42,19.41,20.75,14.54,24.33,17.12,21.04,16.33,18.25,20.04,24.58,28.08
2065-06-24,18.84,17.41,19.41,10.34,17.21,11.87,16.92,12.92,11.38,13.59,14.5,15.5
2065-06-25,17.58,15.29,15.54,11.42,17.71,13.08,15.12,13.62,13.17,14.33,19.55,21.09
2065-06-26,13.79,11.96,11.71,9.62,16.71,11.0,17.0,13.42,12.96,14.21,16.29,23.63
2065-06-27,8.12,06.08,5.79,4.21,8.5,06.08,8.83,6.79,7.29,8.58,13.0,16.66
2065-06-28,5.79,3.25,6.42,3.13,8.96,6.42,11.63,8.75,7.75,9.83,12.38,17.04
2065-06-29,5.63,6.38,9.38,4.17,6.17,3.29,4.12,04.08,3.79,5.88,6.0,13.17
2065-06-30,11.96,9.0,10.25,8.5,8.25,4.79,8.5,7.62,7.12,9.62,8.42,13.79
2065-07-01,9.59,10.08,9.59,5.96,6.96,4.96,8.54,6.92,6.96,9.42,8.42,15.54
2065-07-02,14.71,11.04,8.75,7.38,9.25,6.29,10.17,7.71,8.63,11.54,10.37,16.21
2065-07-03,9.33,9.67,14.37,08.08,7.41,5.54,9.38,8.67,6.96,10.34,11.0,16.33
2065-07-04,9.67,8.58,7.58,6.83,8.83,04.08,7.79,5.13,7.33,9.38,7.46,14.42
2065-07-05,8.42,5.63,8.33,4.71,8.58,4.79,9.92,3.96,7.29,7.75,7.62,13.17
2065-07-06,5.13,6.92,5.88,2.21,3.63,2.33,4.88,2.46,5.37,4.92,4.83,10.92
2065-07-07,9.46,9.87,05.09,6.0,7.75,4.71,7.75,7.29,6.5,10.58,10.34,15.83
2065-07-08,11.58,7.54,9.17,6.92,9.79,5.83,9.42,06.08,7.83,9.75,9.5,13.21
2065-07-09,7.62,6.0,8.67,5.13,9.38,6.58,07.04,6.58,7.29,7.46,7.87,9.25
2065-07-10,12.38,11.63,10.41,5.66,10.79,7.21,08.04,10.13,07.08,07.08,17.37,12.38
2065-07-11,12.87,8.58,13.37,6.38,10.5,7.25,10.08,9.29,8.71,9.59,14.04,13.83
2065-07-12,7.41,6.63,9.87,2.83,6.46,1.96,5.71,5.83,4.83,5.0,7.54,11.25
2065-07-13,9.42,5.88,10.21,3.88,5.83,3.92,4.5,7.67,5.33,7.25,11.29,16.04
2065-07-14,2.96,8.17,5.79,5.21,7.92,05.09,5.96,7.71,5.46,9.25,13.96,14.96
2065-07-15,5.21,2.62,16.92,3.33,5.88,5.54,08.04,6.79,6.83,6.21,05.04,13.42
2065-07-16,5.29,6.79,6.96,2.33,5.13,1.29,5.41,4.12,4.21,6.21,8.17,12.46
2065-07-17,6.0,10.67,3.5,3.83,7.54,03.04,4.88,4.33,3.71,6.34,13.21,9.29
2065-07-18,13.59,10.13,12.42,8.29,11.17,7.25,10.46,8.87,9.59,11.38,12.54,16.42
2065-07-19,4.54,3.71,12.0,5.83,4.33,7.33,8.83,7.0,7.58,8.71,7.33,15.34
2065-07-20,7.38,5.71,6.83,4.5,7.87,2.62,4.79,4.0,3.37,5.21,05.09,6.87
2065-07-21,10.92,08.08,6.21,4.63,10.04,3.92,7.21,6.79,5.71,6.42,9.17,8.83
2065-07-22,5.33,2.79,4.67,2.0,2.79,0.83,4.79,2.37,2.17,2.75,6.0,8.29
2065-07-23,8.0,4.83,8.87,3.79,5.54,3.33,6.96,7.21,4.42,4.96,10.79,12.21
2065-07-24,7.54,7.21,7.38,5.0,8.58,5.29,10.96,6.63,7.21,7.75,9.71,9.67
2065-07-25,13.79,11.21,09.04,7.21,9.92,7.29,7.79,9.83,8.5,9.13,12.33,16.54
2065-07-26,10.58,7.5,8.67,6.75,9.96,6.63,10.67,7.5,7.29,9.62,10.13,15.92
2065-07-27,15.37,13.17,11.12,7.17,12.12,8.71,12.96,10.04,8.87,9.87,12.5,10.0
2065-07-28,16.21,14.17,14.12,8.5,17.08,9.46,14.09,13.42,11.34,12.79,16.0,16.88
2065-07-29,15.67,10.92,13.46,12.0,19.08,12.75,18.71,14.29,15.04,14.0,16.71,18.58
2065-07-30,8.92,8.92,10.37,4.88,6.46,3.75,5.33,7.29,5.75,7.21,10.29,15.16
2065-07-31,11.08,07.04,9.67,6.54,11.58,9.13,13.29,11.92,9.5,12.0,13.96,18.79
2065-08-01,11.87,10.67,10.67,05.09,10.54,5.66,9.92,7.0,5.79,7.0,9.59,11.96
2065-08-02,11.29,7.92,11.75,4.58,8.38,5.17,7.71,5.75,4.58,6.92,11.46,14.17
2065-08-03,7.46,5.58,5.83,3.13,3.33,1.5,5.63,1.92,2.17,04.08,9.87,7.41
2065-08-04,18.71,16.83,16.25,12.04,14.67,9.54,11.92,12.08,9.46,11.46,17.46,18.63
2065-08-05,13.67,10.79,15.25,8.0,17.96,14.92,17.54,17.0,15.71,17.96,21.34,24.83
2065-08-06,9.46,9.33,9.75,6.83,13.96,8.79,12.33,10.04,9.75,11.75,14.46,18.63
2065-08-07,7.62,04.08,6.71,4.29,9.38,4.79,8.63,6.38,7.96,9.75,8.54,14.83
2065-08-08,5.0,3.37,7.21,03.04,5.46,2.58,3.58,02.08,2.17,2.25,5.96,6.96
2065-08-09,10.75,9.71,8.12,5.58,11.21,7.12,6.54,7.96,4.71,8.63,8.5,12.87
2065-08-10,11.42,10.83,10.88,09.04,13.54,9.96,9.75,11.87,9.42,11.58,14.21,17.79
2065-08-11,10.83,15.0,11.63,10.54,13.29,09.08,11.08,11.08,9.79,12.38,16.92,17.88
2065-08-12,10.58,10.46,10.92,7.62,9.79,10.5,11.17,8.71,10.25,12.42,9.59,13.21
2065-08-13,5.58,3.83,5.83,4.54,2.46,4.88,6.5,3.21,5.54,8.38,3.29,14.46
2065-08-14,10.41,7.33,9.5,5.46,8.46,5.41,7.12,5.63,5.58,7.5,8.63,11.54
2065-08-15,7.41,05.04,06.08,3.75,07.08,3.83,7.21,4.54,4.83,6.38,7.75,8.17
2065-08-16,7.87,04.08,6.92,02.04,3.17,2.0,4.21,2.5,2.33,3.0,8.5,5.21
2065-08-17,7.75,11.17,8.83,4.58,9.21,6.46,7.87,10.34,5.5,10.17,17.41,13.46
2065-08-18,12.79,11.0,12.58,6.79,12.75,9.5,12.67,11.79,10.0,12.38,16.54,17.16
2065-08-19,8.87,8.25,7.54,04.08,11.04,7.67,10.96,09.04,7.62,9.29,16.17,17.12
2065-08-20,17.41,15.21,13.42,8.21,15.12,10.29,14.17,12.75,10.37,13.96,19.29,19.87
2065-08-21,20.58,15.75,12.67,9.25,18.75,10.21,14.88,12.38,11.12,12.79,17.0,19.79
2065-08-22,26.2,23.42,16.71,15.67,20.17,13.59,16.83,16.0,14.04,16.71,22.5,26.67
2065-08-23,10.71,6.58,9.92,5.5,8.96,6.13,11.87,5.66,6.87,9.87,10.37,13.42
2065-08-24,16.96,15.21,12.12,7.71,16.96,10.75,16.42,12.38,12.67,13.5,17.25,20.0
2065-08-25,12.67,11.63,9.25,8.12,16.13,11.63,15.71,12.54,12.0,11.0,16.38,22.5
2065-08-26,8.33,8.21,8.21,3.54,5.58,4.29,7.79,4.58,04.04,5.37,7.62,12.92
2065-08-27,8.54,9.67,12.67,6.29,10.29,7.21,8.58,7.92,06.08,8.42,14.71,14.33
2065-08-28,12.29,10.63,10.75,08.04,16.25,10.83,16.92,12.87,12.46,12.0,18.05,21.29
2065-08-29,11.92,8.0,9.46,8.42,13.7,10.92,15.25,14.33,10.75,11.75,15.29,22.17
2065-08-30,8.67,5.96,8.33,5.17,10.25,6.87,11.87,8.87,08.08,9.33,13.25,20.67
2065-08-31,14.96,10.58,11.46,8.29,10.46,8.79,9.87,7.67,08.04,10.17,10.54,16.54
2065-09-01,9.54,2.92,12.96,5.79,2.62,2.92,7.75,2.21,4.67,5.83,5.75,8.25
2065-09-02,3.37,1.38,7.92,02.04,3.92,0.71,3.29,2.33,0.87,1.17,7.25,4.42
2065-09-03,13.08,11.92,12.0,8.12,10.96,6.29,10.63,8.29,7.12,8.5,11.12,15.96
2065-09-04,21.0,18.54,14.09,11.87,17.29,10.37,13.54,14.25,11.5,14.83,22.17,28.84
2065-09-05,20.62,11.58,13.13,10.63,13.54,8.58,11.29,9.67,10.04,12.42,12.0,19.38
2065-09-06,5.75,05.04,2.79,1.25,5.33,0.92,3.96,2.62,1.0,3.21,6.67,8.63
2065-09-07,6.96,4.58,5.0,2.88,3.54,2.29,5.33,4.46,3.5,4.12,7.67,9.5
2065-09-08,12.25,9.71,9.38,5.83,10.17,5.37,7.29,7.33,5.96,8.58,13.62,20.83
2065-09-09,15.54,9.62,9.87,10.0,13.04,10.04,16.33,11.54,13.29,13.59,16.5,27.04
2065-09-10,18.0,12.38,10.21,10.17,16.13,10.04,14.21,12.92,12.38,13.46,17.25,22.95
2065-09-11,14.42,7.38,12.08,7.41,9.75,6.75,10.92,7.41,8.96,10.29,8.79,16.5
2065-09-12,6.63,7.5,8.75,3.42,7.5,4.29,3.42,4.88,3.5,3.96,8.17,6.29
2065-09-13,2.79,5.63,6.75,2.83,3.71,1.96,2.71,2.0,1.42,1.42,5.25,8.21
2065-09-14,10.04,13.17,12.0,6.83,11.21,7.58,4.25,9.59,7.29,11.42,13.0,14.67
2065-09-15,7.83,5.29,11.96,4.17,06.04,4.38,6.42,7.92,05.09,8.96,12.12,11.5
2065-09-16,9.54,8.12,9.83,04.04,11.58,6.58,9.54,8.71,7.41,11.21,14.96,18.05
2065-09-17,24.87,19.25,19.08,12.21,19.5,12.92,12.71,13.25,12.42,13.29,13.79,15.87
2065-09-18,14.25,9.17,10.75,8.5,12.04,9.13,13.04,8.67,9.92,11.75,11.54,18.21
2065-09-19,13.96,15.83,11.46,7.21,12.71,9.38,9.25,12.0,7.5,11.0,24.71,16.62
2065-09-20,13.37,14.12,12.79,7.75,9.96,8.71,9.54,12.96,6.58,14.29,21.71,19.75
2065-09-21,12.83,17.0,14.54,8.58,12.71,10.92,12.21,14.37,9.59,17.12,19.87,19.7
2065-09-22,10.13,7.92,12.12,4.67,8.79,6.54,8.25,7.5,5.91,8.46,13.5,09.04
2065-09-23,9.54,4.67,10.92,4.58,6.5,3.63,4.21,4.75,3.67,7.38,9.59,11.25
2065-09-24,6.17,4.33,9.38,4.67,6.29,3.63,5.96,4.33,3.46,5.79,7.67,11.38
2065-09-25,9.54,7.29,5.75,4.5,8.67,5.41,4.29,9.38,3.58,5.63,12.62,12.87
2065-09-26,8.83,10.34,3.58,2.58,8.12,4.17,3.42,5.63,2.83,4.5,12.17,8.71
2065-09-27,12.42,11.87,7.96,5.17,11.34,6.79,5.37,7.96,06.04,8.63,11.34,14.0
2065-09-28,10.83,10.88,5.66,2.71,9.71,3.54,2.5,6.87,2.83,6.17,9.92,11.08
2065-09-29,13.29,7.83,10.5,9.13,10.67,6.63,11.63,12.29,9.46,13.75,15.09,25.17
2065-09-30,16.79,12.38,22.04,11.17,10.96,7.75,15.63,9.21,7.75,10.0,13.96,13.46
2065-10-01,10.08,4.29,9.54,6.5,6.71,3.25,8.0,4.38,4.63,5.71,8.38,9.0
2065-10-02,9.59,9.13,8.67,3.92,7.92,5.91,4.67,05.09,5.41,7.92,8.21,11.04
2065-10-03,17.16,13.83,14.58,8.75,14.46,10.0,9.79,11.04,7.25,10.83,13.08,12.25
2065-10-04,7.25,4.63,8.12,5.17,5.88,3.58,6.79,4.58,3.46,7.17,6.79,10.63
2065-10-05,7.17,0.75,4.75,1.79,2.25,0.87,2.13,0.13,1.38,1.71,2.42,02.04
2065-10-06,5.96,4.96,2.54,2.21,3.67,1.83,0.42,2.17,1.42,1.87,2.79,6.25
2065-10-07,8.92,4.67,8.0,3.17,2.13,2.33,4.96,3.75,3.71,05.04,4.71,18.96
2065-10-08,16.5,8.96,14.62,06.04,7.62,8.0,10.71,9.96,11.17,9.33,11.04,14.92
2065-10-09,13.5,7.41,15.12,5.58,8.5,7.38,11.79,8.71,11.71,9.17,12.08,11.54
2065-10-10,13.96,7.83,14.67,4.96,6.75,5.63,09.04,7.17,08.04,7.0,9.92,8.71
2065-10-11,9.62,5.58,7.58,1.5,2.83,01.08,4.0,3.58,4.38,6.87,4.42,10.79
2065-10-12,7.79,5.91,5.58,2.29,4.88,1.83,3.0,2.29,1.71,2.21,4.92,8.42
2065-10-13,7.33,7.96,6.75,3.58,6.13,05.09,3.29,3.92,3.21,7.33,14.37,13.25
2065-10-14,10.58,10.29,6.13,2.88,8.38,5.29,6.75,6.46,5.54,6.54,12.92,14.5
2065-10-15,12.67,08.08,8.21,5.0,9.5,5.5,10.08,7.87,7.62,9.17,12.46,18.96
2065-10-16,4.54,6.92,5.66,1.46,4.25,3.71,5.29,6.96,2.46,7.17,15.12,13.54
2065-10-17,3.67,7.12,3.58,0.75,3.42,3.37,4.96,4.46,4.17,6.42,6.71,9.92
2065-10-18,8.38,5.46,9.29,2.83,3.83,1.46,5.33,2.83,4.42,4.88,05.04,07.04
2065-10-19,14.33,11.71,13.29,5.75,9.87,7.58,9.21,6.83,5.91,8.58,12.17,14.29
2065-10-20,16.88,15.41,15.96,8.12,15.25,12.38,10.46,9.25,5.58,7.67,14.79,16.75
2065-10-21,17.25,14.88,16.04,10.34,16.38,12.33,11.87,12.75,9.59,11.38,14.54,18.54
2065-10-22,10.25,12.25,12.04,7.87,12.33,8.83,8.96,10.0,8.87,9.29,12.5,15.75
2065-10-23,12.04,12.33,10.34,6.0,10.41,7.83,7.87,7.21,4.71,8.29,11.17,13.04
2065-10-24,14.54,15.25,10.08,5.41,13.13,9.87,6.83,9.29,5.25,7.58,11.63,12.08
2065-10-25,11.29,10.21,9.62,6.5,9.46,8.42,7.17,6.75,5.37,6.96,10.29,12.96
2065-10-26,10.21,11.42,11.34,6.38,10.08,8.42,06.08,9.79,7.33,12.58,18.84,17.33
2065-10-27,22.5,19.83,21.25,12.46,16.13,13.33,17.0,18.54,12.46,19.55,25.17,20.67
2065-10-28,18.05,19.21,13.96,12.33,19.21,13.62,20.0,16.92,15.83,18.21,27.37,33.12
2065-10-29,18.25,18.54,14.79,9.5,15.54,11.58,15.12,15.59,11.0,16.17,23.21,24.5
2065-10-30,19.29,16.71,17.08,13.17,19.79,13.59,21.62,14.04,15.09,16.17,23.33,28.25
2065-10-31,25.46,22.0,20.54,12.71,19.95,13.25,19.21,16.92,14.5,17.08,23.16,23.38
2065-11-01,23.42,22.17,18.91,17.0,27.58,20.3,29.17,22.67,24.46,27.29,30.96,37.59
2065-11-02,11.71,11.71,12.67,6.96,9.42,6.54,12.04,5.21,8.33,9.13,12.71,21.79
2065-11-03,15.54,14.67,14.25,08.08,8.87,7.41,11.42,7.33,9.13,10.83,17.79,24.54
2065-11-04,8.17,5.79,11.42,3.17,2.92,1.29,06.04,2.0,2.54,3.5,8.33,9.96
2065-11-05,7.67,6.92,8.83,4.54,6.42,2.67,4.83,0.71,2.37,02.04,4.5,6.92
2065-11-06,21.12,12.29,22.42,10.41,13.08,10.54,16.0,12.38,12.58,12.17,12.71,14.37
2065-11-07,18.63,15.34,13.59,8.67,15.96,10.54,11.58,14.37,11.38,13.0,16.71,25.96
2065-11-08,16.13,8.54,15.12,10.29,12.62,8.12,9.59,08.08,8.75,12.87,12.83,14.92
2065-11-09,13.79,08.08,10.88,08.04,7.92,5.75,9.38,4.63,7.17,9.17,5.79,11.75
2065-11-10,9.83,11.08,11.34,4.29,10.08,5.33,6.96,6.38,5.46,6.54,10.25,8.21
2065-11-11,17.5,15.34,17.41,8.71,14.92,9.38,14.83,12.12,9.46,11.58,11.0,19.67
2065-11-12,8.58,6.17,11.04,2.71,06.04,3.37,6.75,6.29,4.29,7.41,6.96,13.33
2065-11-13,15.29,7.58,13.33,4.29,10.71,6.0,8.5,8.87,06.08,09.04,11.71,16.38
2065-11-14,22.54,13.83,19.7,8.0,17.0,12.0,11.63,14.5,9.29,9.29,15.37,13.59
2065-11-15,23.54,22.0,17.92,7.71,17.41,9.62,11.34,11.67,8.83,7.87,14.42,12.46
2065-11-16,27.21,16.79,33.25,14.92,23.42,18.58,27.58,23.5,19.75,19.7,22.83,33.5
2065-11-17,13.54,12.42,18.84,10.54,12.5,11.17,25.33,17.92,15.92,18.75,20.91,41.25
2065-11-18,04.04,8.75,1.83,1.71,9.33,04.08,15.92,12.96,11.5,14.75,18.54,35.5
2065-11-19,10.0,10.08,9.87,6.25,11.17,8.0,9.75,11.0,8.71,11.63,11.96,25.88
2065-11-20,10.29,9.83,18.96,7.29,9.54,7.71,15.75,10.63,8.67,12.0,10.54,27.92
2065-11-21,13.92,9.62,19.75,09.08,9.79,6.13,10.75,8.54,6.87,10.67,9.13,18.25
2065-11-22,12.04,3.29,14.42,6.17,04.08,03.04,10.67,4.58,6.67,09.08,8.42,15.79
2065-11-23,14.83,13.5,13.04,10.25,14.46,11.46,20.0,11.92,13.25,16.75,18.96,29.38
2065-11-24,8.87,7.5,6.96,1.75,6.25,3.96,7.46,2.5,2.62,4.88,6.38,13.59
2065-11-25,20.0,14.0,17.79,10.17,12.08,8.58,13.75,9.42,8.17,12.0,14.12,18.25
2065-11-26,11.5,11.5,9.54,3.63,10.25,6.83,9.33,6.0,5.25,6.87,11.75,14.29
2065-11-27,19.87,18.25,13.79,11.08,13.54,9.25,16.33,10.41,10.5,12.12,15.09,24.71
2065-11-28,9.38,10.54,7.33,3.33,9.75,4.79,9.5,2.54,5.17,6.29,6.25,12.75
2065-11-29,28.42,24.08,28.46,19.08,18.66,15.0,20.33,14.75,14.42,21.29,23.87,32.05
2065-11-30,14.5,13.33,18.38,12.46,10.5,9.67,19.38,9.5,12.75,15.0,16.33,26.92
2065-12-01,10.29,10.46,10.08,3.83,10.5,8.21,9.96,5.29,6.25,7.12,10.54,12.46
2065-12-02,18.5,23.13,13.79,12.67,21.84,13.37,19.25,15.71,12.58,13.88,24.54,20.04
2065-12-03,24.87,23.33,15.37,13.21,19.25,11.5,15.96,12.38,13.42,11.42,17.12,14.25
2065-12-04,15.63,12.67,10.54,6.58,12.04,7.17,6.46,06.04,5.79,6.46,13.79,12.33
2065-12-05,14.96,17.37,10.63,10.37,17.37,10.0,15.63,11.83,10.58,13.08,20.08,22.25
2065-12-06,21.62,21.29,12.87,14.96,17.58,12.83,18.63,16.62,16.25,15.25,26.08,25.66
2065-12-07,14.71,9.67,11.54,8.63,7.25,6.75,11.0,7.62,7.54,8.96,13.92,17.21
2065-12-08,16.79,16.0,15.0,7.12,15.04,10.54,13.46,11.54,10.67,13.42,16.38,16.46
2065-12-09,26.46,23.21,21.0,17.37,27.29,18.75,24.0,21.75,20.38,20.21,26.38,24.17
2065-12-10,21.87,21.34,11.38,11.21,16.17,8.63,14.29,8.71,10.71,9.0,12.04,17.58
2065-12-11,10.96,10.75,7.92,06.08,10.63,07.08,11.54,6.25,9.42,11.0,11.04,15.29
2065-12-12,18.05,16.13,11.79,6.17,13.04,8.87,8.92,9.96,7.96,7.54,9.96,7.54
2065-12-13,10.79,10.75,10.29,6.75,12.17,8.79,14.29,11.12,9.83,11.46,15.96,15.0
2065-12-14,24.41,21.0,19.0,12.75,18.91,15.16,11.63,14.62,12.58,17.37,18.25,19.29
2065-12-15,14.21,11.5,15.21,7.96,9.62,8.71,8.54,10.17,8.54,13.62,20.08,14.58
2065-12-16,15.67,14.92,11.67,5.83,14.0,09.04,8.21,9.75,7.38,10.71,15.5,13.88
2065-12-17,26.3,20.75,23.09,11.67,16.42,11.34,17.92,14.5,11.29,16.96,18.21,19.58
2065-12-18,5.29,2.83,5.5,1.83,06.04,4.75,7.5,5.63,5.0,08.08,13.04,14.37
2065-12-19,4.96,4.12,6.71,3.63,7.12,4.79,11.71,4.5,6.96,9.92,14.29,21.34
2065-12-20,8.46,2.46,10.63,2.83,2.25,1.75,8.96,1.92,3.33,6.34,7.83,10.29
2065-12-21,8.92,9.13,7.79,1.29,8.63,5.46,9.42,5.88,5.0,7.33,10.67,13.04
2065-12-22,17.12,13.0,16.58,7.12,13.88,9.13,9.38,8.79,7.58,8.67,9.13,10.58
2065-12-23,14.88,15.92,9.59,7.87,12.87,08.08,11.04,07.04,7.29,08.04,11.08,9.21
2065-12-24,8.5,11.04,13.42,4.75,08.08,05.09,7.12,07.04,5.21,7.5,7.92,13.04
2065-12-25,11.0,5.91,11.96,5.79,6.87,3.58,7.38,3.33,5.17,7.25,8.63,15.37
2065-12-26,7.96,06.04,11.17,2.71,05.09,1.13,5.79,1.17,1.29,4.25,4.46,11.21
2065-12-27,12.58,6.71,17.67,5.13,08.08,3.37,6.38,2.88,3.54,2.5,5.13,11.25
2065-12-28,10.08,9.71,8.25,2.58,9.96,5.54,6.58,5.58,2.96,4.67,10.21,8.42
2065-12-29,20.12,17.21,18.66,12.46,16.0,12.58,12.5,11.96,11.04,15.09,19.46,19.08
2065-12-30,14.42,20.67,11.63,10.29,18.08,10.96,17.41,14.04,12.83,14.33,22.63,19.17
2065-12-31,13.62,13.88,12.29,06.08,12.33,7.41,9.59,10.21,7.46,12.17,15.71,16.75
2066-01-01,22.04,21.5,17.08,12.75,22.17,15.59,21.79,18.12,16.66,17.83,28.33,23.79
2066-01-02,18.71,19.5,12.67,10.08,16.29,9.79,17.46,10.83,13.88,12.38,15.63,16.46
2066-01-03,6.83,09.04,6.0,2.33,7.12,4.67,7.83,3.58,3.46,3.79,7.92,7.71
2066-01-04,16.54,16.75,16.42,9.62,13.96,13.7,15.46,13.79,11.04,14.58,18.66,24.0
2066-01-05,20.5,16.88,18.79,13.17,14.17,12.38,12.83,14.29,11.63,15.92,23.91,20.08
2066-01-06,19.7,16.29,17.5,13.17,13.13,11.87,10.96,14.25,10.0,16.13,22.13,20.88
2066-01-07,18.88,16.5,13.5,11.71,14.83,10.37,10.5,13.04,10.34,15.29,21.04,21.17
2066-01-08,13.42,10.17,16.21,12.04,10.71,09.08,12.5,8.96,11.42,14.96,16.79,20.25
2066-01-09,13.42,17.46,16.46,10.58,13.7,10.83,13.37,12.12,9.5,13.25,15.21,16.66
2066-01-10,17.62,3.33,26.67,14.54,18.21,17.04,19.21,20.75,15.5,18.25,21.37,29.04
2066-01-11,18.34,15.29,21.67,10.21,17.25,12.54,19.55,14.96,12.17,14.88,19.67,21.92
2066-01-12,19.21,18.96,17.25,8.17,15.37,9.21,16.46,9.87,09.04,10.37,12.79,15.16
2066-01-13,21.0,17.54,16.79,8.0,20.21,9.83,12.29,9.71,7.54,8.54,12.29,10.29
2066-01-14,19.08,13.96,17.96,5.54,13.08,6.67,10.83,6.75,6.0,6.71,8.75,7.38
2066-01-15,11.92,8.87,15.21,5.91,07.08,2.21,6.29,03.08,04.08,4.38,4.42,7.29
2066-01-16,9.0,5.58,9.25,4.79,4.5,2.21,4.71,3.25,3.5,04.04,3.63,10.75
2066-01-17,11.21,9.59,8.75,1.92,6.21,2.17,2.79,4.12,1.71,3.0,7.71,4.63
2066-01-18,20.41,15.5,15.46,7.75,14.5,8.46,8.5,09.08,4.67,5.25,11.08,8.42
2066-01-19,22.42,17.08,20.91,10.41,18.88,12.08,14.33,13.83,10.13,8.75,14.96,15.63
2066-01-20,9.71,3.96,16.58,4.46,5.5,5.33,12.33,5.96,9.13,9.13,7.83,15.75
2066-01-21,9.25,7.29,9.42,2.62,05.09,3.54,4.75,4.17,2.88,3.46,7.58,6.96
2066-01-22,12.42,6.21,14.58,4.5,8.0,5.75,8.54,8.33,5.5,7.75,9.0,14.83
2066-01-23,6.96,2.79,4.96,0.67,3.88,0.25,1.13,2.29,1.54,04.04,5.13,4.88
2066-01-24,7.96,7.67,7.71,5.33,9.0,7.17,08.08,11.04,8.83,8.21,10.79,7.54
2066-01-25,24.08,22.58,22.67,15.83,24.0,18.12,20.46,21.92,14.92,18.12,20.91,28.54
2066-01-26,18.84,15.71,15.96,11.58,16.46,11.96,19.08,10.79,9.46,14.88,10.96,22.83
2066-01-27,12.87,14.29,11.92,9.42,13.0,10.58,12.25,10.08,8.12,6.21,12.08,9.5
2066-01-28,23.58,23.58,20.08,15.92,19.17,14.71,17.46,16.29,12.75,18.12,21.87,21.34
2066-01-29,23.67,19.04,22.13,15.46,15.16,13.42,16.79,15.79,12.79,16.08,20.67,19.0
2066-01-30,11.79,11.08,14.5,8.38,13.92,9.79,14.33,09.04,10.37,15.59,15.37,21.96
2066-01-31,9.5,7.79,4.17,1.58,7.46,2.75,3.79,4.67,2.71,03.04,7.83,7.54
2066-02-01,17.21,22.83,14.17,9.38,19.17,12.21,13.75,15.04,10.75,11.08,18.0,16.71
2066-02-02,16.42,14.83,15.46,10.58,15.21,11.34,13.54,12.62,10.54,15.71,21.04,19.55
2066-02-03,21.21,18.88,17.29,13.92,16.46,12.5,10.96,14.29,11.08,14.42,20.33,18.16
2066-02-04,20.04,15.29,17.21,10.5,14.33,9.59,10.96,10.75,10.25,12.5,18.12,16.54
2066-02-05,23.45,18.34,20.75,12.79,16.66,13.0,19.33,15.21,13.25,16.66,22.0,20.33
2066-02-06,11.42,9.42,10.21,3.83,9.21,6.0,10.63,8.92,6.96,10.79,14.5,15.37
2066-02-07,14.04,12.83,12.04,5.63,11.96,7.0,08.04,8.17,6.13,8.63,12.29,16.33
2066-02-08,17.16,12.0,15.0,6.83,10.34,3.33,4.58,2.54,2.96,10.13,7.12,33.04
2066-02-09,3.37,3.17,05.09,2.54,6.25,4.0,6.13,5.75,6.13,8.5,8.79,21.96
2066-02-10,9.17,5.21,11.63,3.96,8.63,7.67,13.29,10.29,9.71,9.5,13.25,16.88
2066-02-11,12.58,11.79,11.5,05.09,15.71,8.67,11.42,14.25,9.96,10.25,17.75,16.04
2066-02-12,11.25,6.25,14.5,6.13,10.79,8.58,12.67,10.67,9.25,14.37,15.59,22.29
2066-02-13,14.58,16.21,11.0,4.71,14.5,6.79,11.63,9.67,7.0,10.54,14.37,17.62
2066-02-14,21.67,20.41,16.88,10.67,22.29,13.37,12.42,17.29,11.0,13.0,20.96,18.41
2066-02-15,19.08,15.75,23.16,12.12,22.34,15.12,16.46,19.21,13.08,16.13,21.79,25.04
2066-02-16,19.08,21.62,16.75,10.46,21.37,12.29,10.96,17.04,10.92,15.41,19.25,21.62
2066-02-17,21.96,24.21,17.62,11.29,24.0,14.25,13.7,18.25,11.87,15.63,22.25,22.04
2066-02-18,15.87,15.29,21.46,9.96,18.79,13.5,13.59,17.83,11.12,13.7,19.29,21.79
2066-02-19,15.12,13.62,13.54,8.17,12.75,7.96,10.04,9.83,7.25,9.13,13.54,18.58
2066-02-20,15.21,13.17,15.04,9.79,12.33,8.67,11.92,9.83,7.87,11.75,12.46,21.79
2066-02-21,10.08,7.58,12.42,5.79,9.38,5.71,8.71,7.87,5.79,8.96,8.12,13.62
2066-02-22,21.17,19.46,12.96,11.29,19.83,8.63,13.59,7.38,9.46,8.75,12.96,12.87
2066-02-23,12.33,11.67,11.67,9.33,15.25,10.17,17.79,11.5,12.67,15.71,18.71,18.25
2066-02-24,20.08,16.58,17.12,11.12,15.25,10.5,12.0,11.5,9.13,14.42,16.75,16.54
2066-02-25,32.38,29.33,25.0,21.59,25.41,19.5,21.84,24.37,16.66,24.25,35.08,29.46
2066-02-26,27.63,19.29,24.21,15.37,19.46,16.04,22.95,18.66,16.04,22.5,24.67,26.71
2066-02-27,21.34,17.79,19.92,14.17,21.09,14.88,23.63,16.96,17.96,21.87,24.25,27.96
2066-02-28,14.21,11.71,11.92,9.67,14.12,9.67,14.79,10.37,13.67,12.71,14.92,17.75
2066-03-01,23.13,21.46,17.62,9.21,16.38,12.08,9.38,14.09,9.83,14.88,22.13,18.12
2066-03-02,18.05,14.42,16.58,10.79,15.79,10.67,13.92,13.62,9.75,14.54,21.62,19.08
2066-03-03,11.25,10.08,10.75,5.96,12.62,8.71,10.46,10.17,8.33,12.96,17.08,18.46
2066-03-04,11.87,6.71,7.92,4.96,10.79,6.21,9.71,7.0,8.63,10.25,11.54,15.67
2066-03-05,9.0,11.67,10.34,3.96,11.21,6.71,10.29,13.42,7.92,14.29,21.59,20.5
2066-03-06,18.34,17.96,15.96,09.04,13.13,12.42,12.17,17.46,10.46,16.04,25.46,20.62
2066-03-07,18.54,13.37,17.79,9.96,14.09,12.08,16.04,11.34,10.29,14.29,19.29,16.96
2066-03-08,7.17,3.46,6.21,4.71,7.75,5.0,09.04,5.91,6.42,8.83,9.71,14.42
2066-03-09,11.63,8.54,8.63,5.88,14.83,8.87,16.13,8.79,10.41,11.92,15.29,17.58
2066-03-10,18.71,16.0,14.54,11.79,20.88,14.0,22.29,17.79,18.29,19.46,23.04,26.38
2066-03-11,23.71,16.42,15.63,14.88,21.34,13.67,20.62,16.79,15.87,17.29,24.08,31.17
2066-03-12,13.46,8.38,10.58,9.92,11.38,7.87,11.25,7.0,9.0,11.92,11.79,15.67
2066-03-13,10.83,6.21,7.5,7.0,10.54,5.41,11.21,4.92,7.62,8.12,08.08,10.75
2066-03-14,6.13,1.58,5.79,3.63,5.79,2.58,8.63,03.04,5.17,6.79,5.5,11.54
2066-03-15,1.79,02.04,4.17,2.0,3.79,1.5,8.21,0.67,3.63,4.5,7.17,11.79
2066-03-16,3.21,10.21,4.96,3.42,9.42,5.33,6.87,7.33,4.0,8.21,17.08,12.83
2066-03-17,11.38,8.54,9.5,6.17,10.83,8.87,14.83,10.88,9.83,12.92,14.62,19.12
2066-03-18,4.33,4.33,3.46,2.54,3.25,2.17,7.21,03.04,1.87,4.38,10.96,7.12
2066-03-19,04.04,9.33,5.88,3.21,6.13,4.42,5.25,5.71,3.42,3.58,17.12,11.96
2066-03-20,5.75,7.33,06.08,2.67,09.08,6.29,8.87,8.33,7.5,10.34,16.71,18.16
2066-03-21,7.54,09.04,5.21,3.5,10.83,6.83,9.96,6.17,7.38,9.71,11.58,14.67
2066-03-22,9.67,4.58,5.63,7.5,11.17,9.67,13.17,9.54,10.34,11.79,15.92,21.96
2066-03-23,19.46,13.17,13.42,14.09,19.87,12.71,20.54,13.59,16.5,16.75,21.59,27.84
2066-03-24,25.08,19.12,19.21,17.41,21.12,16.54,20.83,16.13,16.79,19.79,25.75,27.12
2066-03-25,14.04,11.29,13.37,8.71,10.17,8.79,10.92,08.04,8.38,9.5,15.63,16.33
2066-03-26,20.83,19.87,15.75,14.96,24.37,17.88,21.29,17.79,17.75,18.08,24.87,25.75
2066-03-27,32.13,23.29,21.87,24.17,30.09,23.0,28.62,23.79,24.87,24.58,31.71,34.0
2066-03-28,15.09,11.79,12.5,10.67,13.88,9.79,14.54,8.83,11.04,12.96,15.0,18.84
2066-03-29,10.17,6.54,7.96,07.08,10.21,7.54,10.92,5.79,8.42,9.67,11.42,16.66
2066-03-30,8.71,6.42,9.17,7.38,11.42,8.46,13.59,6.75,9.42,9.62,13.0,16.17
2066-03-31,9.87,7.58,10.34,6.5,10.04,8.12,12.08,6.79,9.87,9.96,13.17,14.5
2066-04-01,19.08,12.67,18.88,10.63,13.62,13.04,14.42,12.79,10.92,9.62,17.58,18.08
2066-04-02,12.83,11.12,23.5,09.04,9.21,6.38,11.25,3.5,5.29,8.75,7.71,9.0
2066-04-03,15.63,15.63,11.29,6.21,14.75,7.87,10.58,9.29,8.75,6.96,12.79,11.25
2066-04-04,28.29,27.58,25.62,14.79,27.29,17.88,21.25,20.04,16.88,14.54,21.71,24.71
2066-04-05,13.92,12.42,20.0,10.88,16.21,13.42,17.37,15.63,12.54,16.08,17.41,32.0
2066-04-06,05.04,4.67,8.33,2.54,4.96,2.42,4.88,3.5,3.79,6.5,5.29,15.79
2066-04-07,11.25,7.87,08.04,4.67,09.08,5.17,9.33,10.46,9.87,09.08,12.12,16.33
2066-04-08,15.37,15.71,10.92,7.58,16.66,10.88,11.42,11.92,11.12,10.54,17.62,24.87
2066-04-09,11.38,6.79,14.42,7.87,10.5,9.21,18.63,9.33,12.5,13.17,12.08,32.55
2066-04-10,9.79,11.42,9.54,6.46,11.0,6.25,10.41,8.63,7.21,9.33,11.21,24.96
2066-04-11,12.21,9.96,10.21,7.25,15.09,9.83,14.21,15.25,10.71,11.25,16.88,23.87
2066-04-12,14.96,12.38,14.71,9.71,15.96,12.75,17.71,16.66,13.62,10.92,17.08,29.92
2066-04-13,23.13,22.17,20.3,13.62,20.88,13.59,24.71,21.71,17.5,15.25,23.16,28.25
2066-04-14,28.25,26.96,23.13,14.42,22.54,15.46,21.79,22.37,16.17,18.12,25.84,33.55
2066-04-15,16.33,16.0,16.54,12.08,16.04,11.0,20.62,20.25,15.12,14.5,25.37,33.95
2066-04-16,7.29,9.29,8.79,3.46,6.96,6.67,10.41,13.54,12.12,11.38,19.0,29.33
2066-04-17,15.71,14.29,12.58,5.54,11.58,9.5,10.71,13.67,11.0,10.0,16.92,21.04
2066-04-18,20.46,14.62,15.29,10.13,13.0,9.5,16.66,14.58,12.25,11.34,16.88,26.12
2066-04-19,18.41,14.46,10.5,8.83,12.08,9.21,11.71,10.75,9.67,9.5,15.12,15.09
2066-04-20,12.87,11.38,11.71,9.0,11.75,8.29,11.96,7.62,9.17,10.34,12.08,14.29
2066-04-21,14.33,14.75,10.88,7.29,11.0,09.04,7.87,7.0,7.41,8.75,12.33,15.96
2066-04-22,22.08,21.62,18.41,12.42,15.63,12.75,15.29,16.25,11.63,16.0,23.96,16.38
2066-04-23,19.33,16.5,18.58,12.54,14.29,10.54,12.96,10.75,09.08,12.58,13.21,12.54
2066-04-24,13.62,11.21,10.41,7.41,13.79,7.75,11.08,8.42,9.0,9.42,11.83,9.62
2066-04-25,10.46,12.46,10.0,5.91,9.17,7.17,9.21,10.29,6.21,9.87,15.0,12.79
2066-04-26,23.33,21.84,18.88,16.08,20.5,15.71,13.75,15.09,13.33,17.33,17.5,18.46
2066-04-27,21.71,20.67,16.62,16.21,23.67,18.21,20.88,19.33,17.75,18.96,23.0,26.92
2066-04-28,12.67,15.63,11.75,7.33,12.33,10.5,13.54,14.5,9.5,13.37,23.54,19.29
2066-04-29,14.17,16.54,15.37,11.17,14.33,12.42,13.29,13.17,8.33,15.09,26.12,21.54
2066-04-30,10.34,14.25,7.21,8.54,13.7,8.87,4.75,10.5,8.21,10.58,17.88,16.17
2066-05-01,04.04,5.5,4.75,3.79,6.25,3.75,4.54,5.13,3.29,6.38,11.38,7.87
2066-05-02,7.12,5.91,7.25,02.08,5.71,1.5,1.96,3.46,1.75,4.0,9.62,5.0
2066-05-03,13.25,10.71,11.08,7.12,9.5,6.29,7.38,5.54,5.25,6.17,8.67,06.04
2066-05-04,18.34,14.62,14.79,11.42,18.38,12.92,15.34,15.09,13.54,14.54,19.58,21.84
2066-05-05,20.5,18.91,15.09,10.25,18.84,10.21,11.34,10.0,8.75,8.42,15.29,13.04
2066-05-06,27.25,19.7,19.12,15.75,20.79,13.75,16.0,14.42,12.92,15.92,19.7,22.54
2066-05-07,15.71,12.08,14.21,8.71,10.75,7.58,9.38,7.58,8.67,10.41,14.37,13.7
2066-05-08,16.88,13.67,10.17,5.91,9.33,05.04,5.96,5.54,4.46,6.13,9.46,8.54
2066-05-09,14.54,9.79,12.08,9.59,9.13,9.46,12.62,6.58,10.88,13.88,11.79,20.3
2066-05-10,16.29,15.09,14.67,11.42,13.21,11.87,10.5,13.25,11.75,14.42,23.16,21.29
2066-05-11,10.13,7.87,10.37,05.04,5.88,4.75,6.34,5.17,5.37,8.46,10.08,09.08
2066-05-12,7.29,6.46,5.63,2.5,6.67,3.46,5.79,1.96,04.04,4.83,7.62,6.34
2066-05-13,15.71,16.83,16.08,8.54,16.46,9.46,11.54,14.33,9.87,14.67,24.71,18.21
2066-05-14,13.59,13.46,12.17,7.46,15.21,9.79,11.79,11.08,9.71,12.21,18.84,18.29
2066-05-15,6.21,9.29,05.09,2.92,6.96,4.29,6.25,8.21,4.42,8.12,17.33,13.29
2066-05-16,10.37,14.25,10.29,6.42,12.0,8.33,6.75,9.62,07.08,10.21,21.12,16.71
2066-05-17,8.96,7.71,09.08,6.54,11.38,8.25,9.87,7.5,8.83,8.58,13.75,15.87
2066-05-18,10.0,11.54,10.41,5.21,12.83,8.42,9.17,8.71,7.79,6.92,16.46,15.83
2066-05-19,17.46,14.09,13.42,9.54,15.04,11.38,12.0,10.17,11.25,12.75,17.58,18.63
2066-05-20,8.71,11.79,10.96,6.67,9.13,7.29,9.25,6.46,7.33,8.29,13.83,16.71
2066-05-21,18.08,19.38,18.16,12.04,14.5,12.62,15.96,13.75,10.71,12.67,20.75,12.0
2066-05-22,23.13,19.12,18.08,17.16,22.04,17.5,24.41,19.08,20.25,21.37,25.88,27.04
2066-05-23,14.5,13.33,11.29,9.13,12.75,11.29,15.04,10.79,12.71,13.21,15.87,20.12
2066-05-24,14.92,14.58,12.71,07.08,12.12,9.96,10.75,8.79,9.92,10.29,16.58,10.17
2066-05-25,17.0,15.37,13.37,10.92,18.25,13.0,14.96,13.67,13.33,12.71,18.96,18.0
2066-05-26,13.13,9.17,7.54,08.08,8.67,7.87,11.38,7.41,9.38,11.58,11.54,12.08
2066-05-27,11.67,05.09,10.67,4.58,4.83,4.63,8.17,5.25,7.25,6.71,7.0,12.0
2066-05-28,13.46,13.92,12.08,4.67,8.54,7.54,6.54,6.71,7.87,7.29,9.33,15.09
2066-05-29,15.12,14.46,12.42,5.46,9.38,8.33,5.66,7.67,7.25,8.46,09.08,8.92
2066-05-30,10.92,9.21,7.96,3.37,6.29,4.92,2.62,3.92,4.75,4.79,5.37,4.25
2066-05-31,5.33,3.5,4.12,1.38,2.46,1.58,0.83,2.54,1.79,1.92,5.29,2.54
2066-06-01,7.67,6.25,3.79,4.71,6.0,3.88,4.54,5.37,6.0,8.0,7.25,12.83
2066-06-02,5.66,2.67,7.21,03.04,1.87,3.17,4.79,2.96,05.09,5.71,8.96,14.25
2066-06-03,6.67,10.58,10.83,5.33,4.71,6.63,8.58,8.21,5.75,8.58,13.83,12.62
2066-06-04,21.21,18.29,19.79,11.08,17.21,12.67,16.54,15.75,13.08,16.88,22.21,16.71
2066-06-05,10.63,9.79,9.17,7.58,9.96,8.58,10.41,6.96,8.75,9.71,11.12,15.41
2066-06-06,12.58,10.04,11.58,05.04,6.96,6.0,5.33,2.37,4.88,4.29,6.67,8.25
2066-06-07,07.04,5.13,8.17,2.42,3.25,1.33,2.5,1.54,02.04,4.0,6.92,04.08
2066-06-08,4.79,10.08,7.0,4.46,5.58,5.58,05.04,4.0,5.71,7.71,13.5,9.59
2066-06-09,15.83,18.12,14.62,8.17,11.67,5.88,7.96,10.29,6.54,7.83,16.29,8.25
2066-06-10,20.67,16.08,20.46,11.17,11.5,8.29,12.08,11.0,8.87,9.54,14.54,10.92
2066-06-11,10.92,6.54,16.33,3.96,4.46,7.29,07.04,4.83,7.0,8.5,10.41,6.58
2066-06-12,6.79,1.83,8.75,3.88,0.5,1.38,2.5,1.33,04.04,5.58,5.0,11.71
2066-06-13,8.46,4.71,10.41,3.58,2.58,3.29,2.29,0.75,2.58,2.37,4.92,10.29
2066-06-14,12.29,10.92,10.46,7.33,7.92,6.21,5.17,4.38,6.38,7.87,10.25,09.04
2066-06-15,16.96,17.25,11.87,11.17,13.75,9.33,8.67,10.25,10.04,12.71,12.92,15.37
2066-06-16,16.17,13.54,12.38,10.25,14.21,10.67,10.34,10.41,10.92,12.96,12.79,18.21
2066-06-17,12.79,10.71,11.58,7.29,6.83,07.04,8.63,8.54,7.38,10.34,16.0,14.12
2066-06-18,9.17,8.75,11.42,4.83,8.0,6.5,5.58,07.08,6.46,9.0,13.29,08.04
2066-06-19,8.63,08.04,8.87,05.04,6.5,5.66,6.34,3.88,4.75,7.41,8.42,7.17
2066-06-20,7.5,9.42,7.17,2.58,5.66,3.46,4.21,2.37,3.79,5.25,8.21,8.25
2066-06-21,6.5,6.38,9.33,2.46,4.63,2.46,4.71,2.0,4.29,3.25,09.08,4.5
2066-06-22,7.75,5.75,5.79,3.58,3.46,3.42,3.63,1.58,3.46,2.92,5.66,6.5
2066-06-23,6.71,6.83,10.17,05.09,9.0,5.88,8.92,4.38,6.83,6.54,7.54,8.12
2066-06-24,15.12,11.67,11.34,9.38,13.83,11.0,14.42,10.21,12.08,11.87,13.25,15.67
2066-06-25,10.83,9.67,9.87,5.37,11.5,8.5,9.71,7.87,9.42,9.59,13.75,12.38
2066-06-26,12.33,13.67,13.37,7.41,14.79,9.75,10.75,8.12,9.25,11.08,16.88,13.5
2066-06-27,20.5,14.25,15.21,10.63,16.92,11.87,17.0,11.25,13.59,15.67,16.66,21.62
2066-06-28,9.21,5.41,9.33,06.08,8.29,6.46,11.12,04.04,9.42,11.29,9.17,13.5
2066-06-29,7.75,4.0,7.41,2.58,6.21,2.67,4.46,2.21,4.58,3.25,11.29,6.96
2066-06-30,5.83,05.04,6.21,04.04,8.25,5.37,6.42,4.54,6.63,6.54,11.87,14.67
2066-07-01,9.42,5.91,7.41,3.54,7.12,4.17,3.71,5.29,5.33,6.87,13.33,15.87
2066-07-02,9.25,7.25,8.12,4.12,6.83,4.29,4.83,3.29,6.42,7.21,9.0,13.33
2066-07-03,8.21,3.71,6.0,3.54,3.17,0.58,2.88,1.0,02.04,2.83,8.63,6.25
2066-07-04,2.58,04.08,6.25,1.42,4.12,01.08,1.46,0.96,3.37,3.0,7.67,10.63
2066-07-05,14.83,11.21,4.42,5.0,11.75,5.0,1.63,4.25,5.91,5.75,10.96,11.92
2066-07-06,10.08,10.92,9.46,6.54,7.71,5.66,6.96,04.08,7.33,9.17,9.33,12.0
2066-07-07,8.33,4.21,8.21,4.75,8.33,5.13,6.79,4.29,7.21,6.83,8.38,12.92
2066-07-08,7.92,8.5,7.79,3.79,8.0,4.63,5.83,5.63,6.5,7.33,11.5,12.58
2066-07-09,6.71,6.92,6.96,05.09,10.21,06.08,7.67,6.29,7.21,7.12,14.5,15.75
2066-07-10,15.54,13.7,11.04,7.62,13.42,9.87,7.5,11.38,8.67,11.08,16.0,15.37
2066-07-11,11.42,7.5,12.04,6.54,8.79,5.83,7.58,6.58,7.92,6.54,12.04,13.29
2066-07-12,10.25,10.17,10.34,8.87,16.04,10.29,13.79,10.63,12.29,10.83,17.21,20.58
2066-07-13,18.91,15.0,12.21,10.88,17.83,11.63,14.83,12.58,13.75,14.58,18.25,21.34
2066-07-14,14.25,9.46,10.54,8.46,12.62,8.54,10.08,08.08,10.13,9.92,13.79,15.54
2066-07-15,18.75,13.29,11.34,9.54,15.79,10.46,10.25,10.92,10.37,10.96,15.37,12.83
2066-07-16,18.08,12.83,8.96,8.83,13.17,09.04,6.17,08.08,8.33,7.75,12.42,10.83
2066-07-17,12.71,10.08,09.04,6.29,7.5,4.75,4.75,6.38,6.29,7.38,9.62,10.67
2066-07-18,6.29,4.21,7.29,2.21,05.04,1.0,1.38,1.67,02.08,1.83,5.33,2.96
2066-07-19,10.17,7.33,13.88,5.54,9.54,3.83,5.46,5.75,5.5,5.88,6.92,5.63
2066-07-20,13.5,9.46,23.0,9.71,11.83,6.58,9.38,9.13,8.67,8.58,13.59,12.29
2066-07-21,10.96,8.17,17.33,08.08,8.38,6.38,7.17,8.75,7.41,8.96,13.25,9.0
2066-07-22,12.17,6.54,7.21,07.04,10.92,6.42,7.79,7.71,7.92,7.75,11.38,17.16
2066-07-23,9.5,9.79,10.37,7.96,16.42,9.59,13.21,8.54,12.21,10.46,14.71,18.71
2066-07-24,22.34,14.12,14.25,10.46,18.66,10.04,12.46,9.79,11.5,11.92,14.83,16.46
2066-07-25,12.17,10.5,9.83,6.96,13.29,7.62,9.42,8.46,9.46,8.33,14.21,12.0
2066-07-26,16.92,14.5,11.17,8.79,15.41,7.83,10.04,12.0,10.08,11.0,16.25,18.29
2066-07-27,9.29,6.96,8.63,4.88,7.5,4.17,5.46,6.34,6.42,6.0,10.54,14.04
2066-07-28,14.0,10.79,10.13,7.79,16.04,10.25,11.21,12.75,10.92,11.71,14.33,17.58
2066-07-29,17.92,12.29,9.13,9.46,15.67,10.71,10.71,11.46,13.25,10.88,15.67,16.71
2066-07-30,18.66,12.04,9.96,11.38,16.66,10.37,13.17,9.83,11.96,11.79,12.79,21.75
2066-07-31,8.54,7.25,5.88,3.13,6.25,1.75,3.33,1.42,3.63,2.21,4.33,6.87
2066-08-01,6.54,7.29,8.33,3.83,4.79,2.17,5.41,1.67,4.88,5.96,05.09,10.37
2066-08-02,15.46,11.5,13.29,06.04,10.79,6.0,5.41,6.42,5.66,4.96,10.25,10.08
2066-08-03,10.0,8.42,9.46,6.46,8.38,4.29,07.08,07.04,7.25,7.67,7.96,9.46
2066-08-04,14.46,7.5,09.04,7.96,11.79,7.12,10.63,9.21,10.63,09.04,11.54,14.17
2066-08-05,8.5,6.5,9.13,5.96,9.46,6.92,9.5,8.33,8.0,7.29,9.54,12.12
2066-08-06,6.13,6.0,6.96,1.71,5.63,1.79,3.17,1.83,2.17,2.71,05.09,5.91
2066-08-07,10.29,6.5,6.54,5.71,7.96,3.92,5.83,4.17,5.71,2.54,9.33,4.17
2066-08-08,9.96,10.71,9.54,3.88,12.29,6.83,8.25,8.58,8.29,7.54,13.21,10.34
2066-08-09,20.08,17.46,16.38,9.79,18.79,12.92,12.79,14.88,12.29,13.13,18.12,20.0
2066-08-10,14.42,10.25,15.12,7.92,15.29,9.33,17.46,11.42,13.46,13.21,17.67,27.54
2066-08-11,13.21,9.75,12.25,7.41,10.13,6.34,8.58,4.79,5.46,3.54,7.75,9.46
2066-08-12,6.46,3.54,4.42,3.46,6.75,2.42,6.54,3.75,3.83,2.67,6.63,07.08
2066-08-13,12.87,5.33,9.96,6.79,8.58,03.04,9.67,5.29,6.21,05.09,11.42,10.83
2066-08-14,12.25,8.17,06.04,2.96,10.92,2.46,2.88,5.66,3.29,1.92,8.63,8.79
2066-08-15,6.75,6.29,7.5,2.79,4.21,1.87,4.17,3.5,2.96,02.08,11.21,05.09
2066-08-16,09.04,14.96,12.42,5.25,9.92,6.96,8.87,11.83,7.25,9.29,21.46,19.5
2066-08-17,8.38,9.92,10.79,4.71,6.34,4.29,7.0,3.67,5.21,4.0,09.08,7.83
2066-08-18,4.75,04.08,3.58,2.42,3.21,0.37,03.08,1.58,0.96,1.29,9.96,8.29
2066-08-19,04.08,7.41,5.5,04.04,4.54,3.29,4.63,4.33,5.0,06.08,8.0,9.25
2066-08-20,7.29,8.0,08.04,3.21,8.25,3.88,3.46,5.88,4.38,6.46,11.83,10.83
2066-08-21,9.87,10.08,17.37,6.58,9.25,5.91,8.46,8.79,6.46,8.63,14.58,11.21
2066-08-22,9.83,6.46,18.41,4.92,6.96,4.38,6.58,3.79,5.75,6.71,10.67,7.29
2066-08-23,4.96,4.25,8.71,1.87,4.75,0.71,3.21,2.0,1.67,3.67,04.08,5.21
2066-08-24,4.0,10.46,3.58,2.58,7.67,3.13,05.09,1.79,02.08,4.38,8.54,9.38
2066-08-25,10.58,12.96,7.33,4.12,10.21,3.79,6.38,7.29,7.21,8.0,12.92,12.21
2066-08-26,13.29,12.17,11.0,5.96,14.0,6.54,9.17,10.17,8.83,10.17,12.75,17.46
2066-08-27,16.13,15.09,11.12,7.33,15.34,9.0,8.17,11.5,8.75,9.33,13.67,18.0
2066-08-28,15.46,12.12,11.08,6.79,13.96,8.96,8.96,9.62,9.46,10.34,12.0,17.92
2066-08-29,11.42,7.83,11.71,8.29,11.96,09.04,10.25,12.25,9.38,10.13,14.04,18.66
2066-08-30,16.92,12.46,11.25,7.75,11.83,5.5,6.58,8.33,5.79,7.0,12.25,10.04
2066-08-31,14.33,8.25,8.63,7.54,9.67,5.25,6.13,5.29,06.04,6.0,8.79,10.25
2066-09-01,17.41,16.54,15.04,7.83,11.83,7.62,7.62,10.96,6.67,7.0,13.54,11.12
2066-09-02,14.71,11.83,12.96,10.88,16.66,9.96,12.5,10.08,10.88,8.54,11.75,12.29
2066-09-03,19.0,18.84,15.12,10.46,15.96,11.38,14.37,12.21,10.25,14.21,19.41,18.91
2066-09-04,16.46,13.42,15.79,10.29,17.0,11.08,14.67,12.21,11.87,13.5,18.66,24.08
2066-09-05,17.04,16.66,16.38,9.75,16.54,11.63,15.67,15.46,12.83,15.5,24.17,24.83
2066-09-06,10.04,8.96,9.71,7.71,15.75,10.34,16.38,11.63,14.0,13.17,20.25,30.34
2066-09-07,5.63,4.42,2.29,1.96,6.42,3.71,6.75,4.17,4.92,6.75,9.59,16.96
2066-09-08,6.17,6.71,6.75,3.17,4.83,1.29,3.83,0.92,2.54,04.08,7.62,9.42
2066-09-09,10.96,12.62,10.04,6.63,12.25,8.58,7.96,10.71,7.58,10.29,17.83,14.42
2066-09-10,16.88,12.04,14.88,07.04,11.17,8.25,11.96,9.79,7.79,12.21,15.41,11.54
2066-09-11,10.34,5.41,12.58,05.04,6.0,3.54,3.96,6.21,3.54,4.17,15.16,11.63
2066-09-12,15.63,17.04,14.62,8.96,18.29,11.0,13.04,11.34,11.83,12.17,17.79,16.96
2066-09-13,16.5,13.13,9.83,9.0,16.46,10.5,15.41,11.71,11.75,11.25,16.42,19.12
2066-09-14,18.16,16.58,17.5,10.04,20.62,12.33,18.21,16.08,14.04,15.96,22.92,26.92
2066-09-15,17.96,14.96,13.13,11.17,13.88,9.75,16.29,11.67,11.17,15.04,16.25,24.96
2066-09-16,7.75,07.08,6.38,2.62,5.83,4.46,6.13,8.58,5.0,8.38,15.83,16.42
2066-09-17,6.13,7.38,07.08,3.33,08.04,4.92,02.04,5.71,3.71,6.46,10.83,10.34
2066-09-18,8.63,6.21,8.42,1.79,4.67,1.5,1.71,0.63,1.29,1.75,4.92,4.58
2066-09-19,8.0,5.25,05.09,1.63,05.04,1.83,1.21,1.67,0.75,2.25,6.38,8.58
2066-09-20,05.09,3.0,4.0,0.46,3.46,0.58,1.71,0.37,0.79,2.42,6.25,09.04
2066-09-21,5.71,1.83,11.17,0.75,3.37,1.21,1.83,1.17,02.08,03.08,5.25,6.25
2066-09-22,13.0,4.96,13.0,1.5,4.54,1.92,2.71,5.54,06.04,4.38,9.62,4.83
2066-09-23,8.54,9.92,5.91,1.42,7.5,2.33,3.63,3.71,4.5,5.25,7.79,6.34
2066-09-24,6.5,9.54,4.79,2.54,8.12,1.92,2.33,2.92,2.5,1.92,4.5,07.08
2066-09-25,10.96,9.83,5.71,1.83,7.87,2.96,3.88,4.71,4.29,5.13,6.67,7.83
2066-09-26,10.0,09.04,08.04,1.75,8.79,3.17,1.87,05.04,4.0,3.17,6.29,6.46
2066-09-27,12.04,8.38,7.96,2.58,8.75,2.37,4.79,3.75,3.42,4.38,6.17,7.67
2066-09-28,7.83,1.38,8.12,1.17,7.62,2.83,3.88,0.67,1.13,2.92,5.54,07.04
2066-09-29,3.37,3.29,4.38,0.96,5.91,2.25,0.42,1.87,1.5,3.67,7.87,7.5
2066-09-30,5.13,4.92,2.25,2.17,06.08,02.04,2.33,3.0,02.08,5.5,8.83,9.38
2066-10-01,8.0,3.63,9.17,04.04,7.29,2.33,4.25,0.42,2.17,2.0,05.04,6.71
2066-10-02,6.75,6.83,6.13,2.25,7.46,1.75,4.33,2.21,1.54,3.83,6.67,7.62
2066-10-03,16.96,24.17,12.33,12.46,23.38,13.13,21.29,15.79,14.62,17.41,25.25,26.34
2066-10-04,20.17,17.33,29.54,12.87,14.37,11.0,17.79,11.79,11.38,13.67,18.5,22.58
2066-10-05,11.79,9.25,11.12,4.12,9.33,4.83,7.58,7.58,06.04,10.0,12.96,16.25
2066-10-06,13.33,9.13,13.96,6.67,09.04,6.38,9.71,5.25,6.83,8.25,10.0,11.29
2066-10-07,8.92,07.04,7.87,1.79,7.5,03.04,2.0,2.21,2.71,2.75,6.58,7.83
2066-10-08,9.0,5.66,7.62,3.83,6.17,2.13,4.42,02.04,3.29,3.58,6.67,09.04
2066-10-09,11.25,10.46,8.5,3.71,10.71,5.83,3.79,5.71,4.21,6.42,12.08,11.71
2066-10-10,12.87,8.96,10.04,3.96,9.13,4.25,2.83,3.83,3.71,06.04,13.08,11.92
2066-10-11,7.71,10.79,8.83,4.25,10.54,6.21,7.12,07.08,5.5,7.87,14.12,15.12
2066-10-12,22.54,18.91,15.59,11.63,18.96,12.42,13.17,13.17,11.58,13.92,17.46,22.75
2066-10-13,13.67,9.5,9.54,05.04,9.75,5.5,4.75,6.75,05.09,5.0,10.25,12.92
2066-10-14,12.54,8.29,12.17,4.67,8.46,4.5,2.83,03.08,4.0,03.04,5.29,04.08
2066-10-15,11.79,6.38,15.04,7.17,08.04,2.58,5.79,5.17,4.96,6.21,8.79,12.83
2066-10-16,11.67,9.5,7.87,3.67,11.08,5.75,5.63,5.46,4.42,5.5,8.75,10.25
2066-10-17,17.67,12.29,16.42,07.08,14.92,9.33,11.96,10.96,8.29,9.96,15.0,14.37
2066-10-18,11.83,7.92,13.37,6.17,7.96,3.71,10.13,3.88,7.25,10.83,09.04,25.04
2066-10-19,13.79,9.83,8.75,8.0,8.38,6.17,5.88,5.21,5.5,8.17,9.42,15.92
2066-10-20,5.41,6.63,4.21,1.25,6.42,2.75,8.5,3.33,3.88,5.79,7.79,12.96
2066-10-21,8.75,5.88,6.5,3.79,7.75,5.58,9.67,5.33,7.29,7.29,12.96,19.38
2066-10-22,4.75,3.0,3.96,0.71,4.88,2.62,5.91,0.67,1.96,06.04,8.12,13.79
2066-10-23,09.04,6.58,7.58,3.58,5.79,2.79,8.12,2.83,5.58,7.79,10.25,19.79
2066-10-24,12.67,11.5,18.63,07.04,06.04,1.71,7.62,4.75,4.38,6.96,13.37,16.25
2066-10-25,12.29,6.87,14.33,5.83,07.08,1.96,6.0,2.46,3.92,3.75,8.83,13.75
2066-10-26,14.54,13.59,11.21,6.29,9.59,5.54,11.08,7.71,9.46,10.13,18.54,26.12
2066-10-27,19.75,17.16,22.54,12.62,12.87,9.29,14.79,9.67,9.79,14.21,19.62,25.96
2066-10-28,12.38,9.21,18.54,8.17,6.58,2.33,7.75,2.58,4.29,05.09,6.71,13.08
2066-10-29,09.08,2.96,10.46,4.75,5.63,01.08,5.88,01.08,4.0,5.46,3.83,10.34
2066-10-30,6.71,3.79,7.46,1.67,4.5,1.0,5.46,1.5,2.62,3.79,8.42,13.25
2066-10-31,9.71,8.38,8.38,4.42,9.67,6.5,9.92,7.79,7.38,8.63,15.41,23.21
2066-11-01,22.71,21.25,25.75,15.34,18.0,11.92,18.58,15.34,12.75,16.13,27.04,33.12
2066-11-02,16.38,13.75,27.37,10.96,11.38,7.38,13.79,7.79,6.63,8.79,10.37,13.42
2066-11-03,10.67,4.83,7.25,2.42,6.63,3.17,5.17,5.46,3.58,5.58,7.96,16.13
2066-11-04,7.75,11.17,10.75,1.96,9.17,05.04,5.63,06.04,4.75,8.54,8.33,21.5
2066-11-05,13.08,17.67,18.12,9.67,14.88,10.79,17.67,16.29,11.54,14.33,25.08,33.79
2066-11-06,21.09,19.41,26.83,14.0,13.42,13.46,19.87,14.67,10.79,15.75,25.25,30.84
2066-11-07,13.7,10.0,10.37,5.79,7.71,4.96,6.17,5.71,4.46,8.25,11.75,12.12
2066-11-08,7.83,4.21,5.91,2.5,6.5,3.29,7.38,2.79,4.29,5.58,10.58,14.79
2066-11-09,9.0,7.67,6.96,3.17,7.79,4.33,8.71,3.71,7.83,7.38,12.04,21.42
2066-11-10,4.29,05.09,4.42,0.63,5.54,3.54,6.75,1.54,3.33,4.71,6.83,13.59
2066-11-11,13.5,11.46,10.75,3.75,9.79,7.62,7.96,11.17,6.63,10.96,18.91,19.95
2066-11-12,14.58,8.21,12.12,5.17,6.67,6.96,11.17,8.38,6.87,10.17,8.54,10.79
2066-11-13,11.5,8.58,11.96,5.63,7.92,7.5,11.42,7.83,7.33,11.67,16.33,20.12
2066-11-14,12.08,13.08,7.96,6.13,13.88,8.38,12.12,8.71,9.92,10.63,17.62,22.54
2066-11-15,25.62,21.67,17.46,18.12,27.58,18.12,23.09,21.29,20.33,22.88,31.96,36.71
2066-11-16,28.33,24.41,27.04,19.04,23.0,18.12,21.87,19.21,20.46,23.83,27.12,40.41
2066-11-17,22.92,16.83,20.75,12.17,13.04,9.71,13.92,9.59,12.46,15.37,18.75,30.29
2066-11-18,12.96,8.75,16.62,08.08,6.5,0.79,8.42,2.92,5.25,6.38,7.17,11.58
2066-11-19,7.46,4.33,9.54,2.29,4.46,0.17,2.92,1.21,2.79,04.08,6.54,10.0
2066-11-20,10.21,12.75,09.08,3.67,7.62,2.42,3.54,4.92,03.04,4.46,9.5,11.12
2066-11-21,12.0,7.96,12.5,4.46,6.46,1.87,6.71,5.41,5.83,6.87,14.25,21.04
2066-11-22,11.58,3.92,13.46,5.88,06.08,0.67,8.17,1.13,4.21,3.13,5.83,9.59
2066-11-23,4.79,6.92,5.83,0.25,7.83,0.0,5.33,0.96,0.71,01.04,12.0,10.79
2066-11-24,8.75,6.54,7.33,2.67,6.96,1.46,7.96,3.33,5.13,06.08,12.04,14.5
2066-11-25,10.37,10.41,7.17,5.41,10.46,7.25,12.12,8.0,8.25,8.92,14.17,17.33
2066-11-26,8.83,9.59,8.71,6.25,11.17,8.67,14.79,9.42,11.46,10.75,16.42,20.04
2066-11-27,17.33,15.92,12.46,8.42,14.12,10.5,16.75,11.42,12.17,14.09,20.38,26.71
2066-11-28,17.25,13.29,11.96,10.54,11.12,9.25,15.37,08.04,13.08,13.33,19.92,31.71
2066-11-29,16.58,14.12,14.09,7.92,14.33,11.08,19.38,11.04,13.13,14.21,22.04,22.71
2066-11-30,21.29,19.58,13.75,14.54,18.71,13.13,21.75,13.25,15.5,14.88,22.29,29.5
2066-12-01,34.37,33.37,24.04,23.54,33.63,26.04,30.37,31.08,25.62,24.41,42.38,31.08
2066-12-02,28.21,27.37,22.54,20.62,22.08,16.13,28.16,17.29,22.5,23.16,25.88,42.54
2066-12-03,14.29,12.25,12.08,8.75,11.29,7.29,14.5,6.17,10.08,7.75,14.29,24.54
2066-12-04,8.0,5.58,6.96,1.38,8.63,4.92,11.75,4.5,6.21,6.34,15.46,17.41
2066-12-05,10.37,11.38,11.96,5.66,13.04,09.04,14.96,11.58,9.62,12.5,18.91,19.92
2066-12-06,11.29,9.54,5.91,5.37,10.83,5.75,12.21,5.66,7.87,7.29,15.71,20.54
2066-12-07,10.46,11.25,10.5,5.33,12.29,9.79,15.09,11.79,9.87,11.75,20.21,20.58
2066-12-08,22.54,21.42,14.12,13.42,21.84,16.38,25.12,17.08,19.62,18.25,28.16,31.49
2066-12-09,21.25,21.0,14.62,17.37,23.91,17.33,23.75,21.0,19.33,11.92,25.33,23.67
2066-12-10,20.75,17.5,13.62,13.59,18.46,12.12,14.58,11.83,13.25,9.13,16.71,19.75
2066-12-11,11.67,15.12,10.13,5.5,13.96,9.5,11.21,9.17,8.38,8.96,16.13,15.25
2066-12-12,26.75,22.21,16.42,17.62,24.79,17.75,20.04,19.7,18.63,10.79,26.08,11.46
2066-12-13,15.79,12.5,15.12,11.08,11.83,9.13,13.33,8.29,11.79,5.54,15.67,10.75
2066-12-14,07.08,11.46,6.63,01.04,10.08,5.46,9.87,5.63,4.83,4.67,13.33,12.92
2066-12-15,20.83,16.88,14.62,9.92,14.58,10.63,11.29,12.58,11.17,12.92,19.55,21.34
2066-12-16,10.79,10.75,6.79,4.0,10.67,7.33,14.25,7.96,8.29,10.08,17.88,19.87
2066-12-17,18.29,18.88,19.5,11.87,20.67,17.75,26.0,19.7,19.83,21.75,29.17,34.92
2066-12-18,14.83,11.67,12.71,9.83,13.04,10.08,18.5,9.29,12.75,13.0,15.92,25.12
2066-12-19,15.59,16.38,15.29,12.04,22.58,15.59,23.04,13.7,19.0,13.5,23.25,21.87
2066-12-20,14.29,11.38,13.29,8.87,9.46,7.96,12.58,7.12,8.96,8.71,12.92,22.5
2066-12-21,16.38,11.25,8.17,7.21,15.0,8.29,17.16,12.25,12.83,11.08,17.54,21.62
2066-12-22,18.66,14.79,10.67,11.83,17.96,12.42,17.37,15.92,14.46,12.75,17.71,20.21
2066-12-23,15.75,16.71,10.5,10.41,18.0,11.83,16.88,12.54,14.09,14.17,15.5,26.96
2066-12-24,15.92,13.54,11.67,10.17,15.75,9.67,10.67,8.87,10.92,7.38,11.63,18.08
2066-12-25,10.67,7.21,8.42,4.21,10.79,5.63,4.96,6.13,5.17,6.21,14.33,15.16
2066-12-26,19.92,16.0,17.25,13.54,15.59,11.58,10.41,13.08,12.83,16.13,21.09,25.08
2066-12-27,11.17,10.88,7.54,4.38,10.5,6.63,9.67,5.17,6.67,6.87,13.46,12.33
2066-12-28,15.25,12.71,11.79,4.58,12.0,8.54,9.62,7.5,8.38,11.63,12.75,17.21
2066-12-29,19.79,17.62,16.33,10.79,18.5,10.75,16.5,7.83,11.12,7.75,10.79,13.25
2066-12-30,5.25,4.25,8.21,1.25,6.42,3.37,5.25,3.67,4.29,3.79,11.67,16.71
2066-12-31,13.0,11.46,10.13,6.34,11.87,7.5,13.5,8.46,11.0,10.04,17.29,22.46
2067-01-01,6.46,4.46,6.5,3.21,6.67,3.79,11.38,3.83,7.71,09.08,10.67,20.91
2067-01-02,8.29,6.34,8.54,1.75,3.33,0.33,8.29,0.58,3.92,05.04,2.75,17.46
2067-01-03,05.09,4.29,8.71,0.46,3.21,0.5,5.66,0.25,2.5,05.09,2.54,15.96
2067-01-04,10.75,13.29,8.21,1.33,8.63,0.79,5.63,0.71,1.87,2.88,3.37,11.92
2067-01-05,10.92,4.33,12.67,5.41,6.25,2.62,6.87,1.67,4.88,6.5,4.54,11.67
2067-01-06,11.08,8.67,7.33,3.63,8.92,6.25,10.63,4.42,7.75,8.0,9.92,12.92
2067-01-07,12.12,13.54,12.87,6.13,9.87,6.13,8.63,7.71,7.75,8.25,15.79,17.75
2067-01-08,9.79,6.42,10.25,4.29,6.96,2.54,6.34,3.92,3.96,3.37,9.0,12.04
2067-01-09,8.33,3.33,7.21,2.17,4.17,1.42,7.33,0.37,2.75,2.75,04.04,7.96
2067-01-10,11.34,05.09,7.29,3.33,6.0,4.96,11.0,7.29,7.87,7.79,12.33,14.58
2067-01-11,17.33,9.38,9.62,8.46,6.34,5.63,9.59,6.83,7.71,11.79,10.21,15.54
2067-01-12,8.38,4.17,5.83,5.66,7.41,4.29,9.54,4.58,7.96,7.41,8.96,15.71
2067-01-13,4.58,3.79,5.17,2.21,5.41,2.88,9.96,1.25,5.41,6.0,10.21,16.21
2067-01-14,10.13,10.13,5.13,3.21,8.17,4.21,6.21,6.63,3.96,7.46,14.62,11.75
2067-01-15,18.84,16.58,11.63,10.75,14.62,9.0,3.92,11.5,8.63,11.67,22.63,17.16
2067-01-16,21.29,18.41,15.83,14.04,16.29,10.41,7.75,12.67,9.38,14.67,17.96,20.88
2067-01-17,18.29,13.04,17.25,11.12,12.21,10.37,14.79,11.92,12.0,15.5,13.62,20.71
2067-01-18,13.79,11.5,12.08,6.42,12.33,8.96,9.0,7.67,07.08,7.54,11.54,19.87
2067-01-19,16.33,12.5,18.29,10.34,11.79,8.17,13.67,7.96,8.46,11.63,12.71,17.54
2067-01-20,10.96,8.75,14.42,7.21,9.92,6.46,10.21,7.17,6.63,10.04,10.37,15.79
2067-01-21,12.46,12.0,09.08,6.67,13.92,7.62,13.54,6.63,8.92,10.0,18.08,17.41
2067-01-22,18.38,13.92,14.04,8.12,14.33,10.08,13.29,10.21,9.33,11.25,15.12,17.54
2067-01-23,22.88,19.79,15.25,10.25,17.83,10.21,10.08,11.92,9.54,13.0,15.67,23.67
2067-01-24,16.92,13.59,10.54,6.13,11.29,5.66,6.71,5.41,4.67,9.33,9.42,14.67
2067-01-25,15.54,13.75,14.58,9.29,13.46,8.92,11.79,10.0,9.67,12.25,17.25,17.16
2067-01-26,07.08,10.13,8.0,3.29,9.59,07.08,7.75,6.5,5.71,08.04,12.67,14.29
2067-01-27,24.3,23.75,19.38,16.25,20.25,13.83,12.38,17.62,13.29,19.58,28.75,27.21
2067-01-28,20.33,19.7,14.29,10.88,15.41,8.83,9.25,11.79,8.38,15.16,22.58,19.29
2067-01-29,26.54,23.79,20.71,17.92,21.59,15.04,13.13,18.38,15.54,20.54,25.92,22.95
2067-01-30,15.92,15.25,14.17,8.67,14.96,11.25,12.92,14.58,11.17,17.46,25.37,21.34
2067-01-31,11.38,11.92,12.79,6.17,14.71,10.41,16.17,9.75,12.04,16.17,18.58,21.0
2067-02-01,13.59,13.54,12.58,7.62,12.17,9.5,14.67,10.96,11.54,13.88,17.5,16.54
2067-02-02,16.38,17.08,17.21,10.37,18.84,14.12,16.88,16.21,14.29,18.91,24.04,23.54
2067-02-03,12.54,11.42,11.21,9.33,13.67,11.5,20.12,14.25,14.54,15.04,21.17,26.79
2067-02-04,6.38,4.42,5.96,3.33,8.54,5.0,10.0,5.37,6.71,8.46,11.58,16.04
2067-02-05,5.58,7.0,6.54,2.71,8.58,6.13,9.96,7.67,6.75,11.12,16.88,21.71
2067-02-06,08.08,10.08,7.12,4.33,8.92,5.58,10.41,5.46,6.46,9.21,14.5,17.21
2067-02-07,7.12,8.5,16.71,5.71,9.17,4.75,7.96,5.17,4.75,8.58,9.46,12.62
2067-02-08,8.29,05.09,10.13,3.29,4.46,0.13,6.25,0.67,3.21,5.83,02.04,10.25
2067-02-09,2.79,4.12,4.79,1.71,6.79,1.79,5.66,3.79,4.12,6.67,10.79,14.29
2067-02-10,7.92,10.88,4.21,2.83,8.96,4.5,4.5,6.63,4.33,6.87,17.08,13.17
2067-02-11,17.71,15.75,15.75,8.67,13.29,6.71,9.38,10.17,8.5,12.0,14.54,14.42
2067-02-12,15.96,12.33,16.58,07.08,13.88,08.04,11.0,8.83,7.21,8.83,10.71,12.46
2067-02-13,15.54,14.42,15.54,7.62,13.62,09.08,12.54,10.21,8.29,11.92,15.54,14.04
2067-02-14,18.46,17.58,16.96,08.08,20.58,11.87,14.62,11.79,9.38,13.21,17.54,23.04
2067-02-15,26.08,21.54,27.0,16.71,21.46,20.25,26.54,20.46,16.83,22.42,23.75,34.62
2067-02-16,10.13,11.17,10.08,4.12,10.83,5.46,7.17,9.25,6.21,11.92,16.25,19.04
2067-02-17,3.13,7.12,4.67,1.58,7.38,2.88,4.54,4.38,2.5,3.25,11.12,08.08
2067-02-18,18.79,17.46,16.92,8.67,15.67,10.13,10.5,10.04,9.79,13.92,16.17,20.0
2067-02-19,23.63,24.21,18.75,13.5,21.29,14.25,19.08,14.17,13.92,17.67,24.21,24.58
2067-02-20,13.92,12.12,13.0,9.29,15.21,9.59,14.83,13.5,11.83,14.62,24.04,30.13
2067-02-21,15.46,17.04,13.96,13.62,19.08,12.12,16.17,13.25,13.5,16.96,24.33,28.67
2067-02-22,18.58,11.83,16.04,6.5,13.92,9.25,11.34,6.71,9.33,10.79,9.5,11.29
2067-02-23,18.16,13.96,13.13,10.71,14.17,9.46,16.33,11.04,11.21,14.79,19.0,23.63
2067-02-24,24.41,19.17,20.96,14.79,18.63,13.54,15.09,14.67,13.83,18.84,21.71,26.0
2067-02-25,18.25,13.33,17.96,12.29,14.17,11.87,12.04,12.62,11.96,17.29,14.71,19.33
2067-02-26,11.25,12.96,8.71,7.33,13.88,8.46,13.75,9.87,9.87,11.38,14.75,16.54
2067-02-27,28.91,25.17,23.91,18.21,24.83,18.29,22.08,19.62,18.29,22.75,31.13,31.66
2067-02-28,19.25,22.54,14.71,16.17,24.37,16.75,23.04,17.16,18.16,18.46,27.29,29.79
2067-03-01,14.67,17.16,13.29,12.33,19.08,12.92,20.88,16.04,16.62,16.38,24.41,28.16
2067-03-02,13.42,12.87,11.0,10.29,16.5,15.21,21.92,15.37,16.96,16.79,23.29,30.63
2067-03-03,13.59,13.21,13.96,8.42,11.17,10.67,18.71,14.29,12.17,14.25,21.34,24.3
2067-03-04,15.92,13.21,14.96,11.38,10.79,11.79,14.71,14.88,11.79,16.17,21.04,21.12
2067-03-05,19.55,19.58,15.79,12.75,17.33,13.08,15.46,21.62,12.75,18.21,29.38,26.54
2067-03-06,20.41,18.58,19.38,13.29,16.83,14.79,19.17,15.96,16.0,18.05,26.46,28.42
2067-03-07,24.92,16.54,21.87,17.75,17.75,14.37,16.75,15.79,15.87,20.62,24.92,28.04
2067-03-08,9.0,8.58,11.12,4.67,8.63,6.17,9.25,7.33,8.42,9.87,8.33,16.42
2067-03-09,19.12,12.46,19.0,9.25,11.25,6.67,13.5,5.17,8.96,8.42,8.33,18.66
2067-03-10,19.58,23.25,17.46,13.0,23.09,15.25,22.83,16.25,15.37,17.92,28.21,27.04
2067-03-11,21.09,24.62,15.16,16.75,24.67,16.75,26.54,20.38,20.5,20.5,28.84,37.59
2067-03-12,5.88,09.08,5.88,2.42,9.0,5.0,11.92,6.96,07.04,09.08,16.33,17.0
2067-03-13,17.58,16.33,11.83,10.67,17.21,9.92,16.71,12.71,13.54,12.33,22.21,22.83
2067-03-14,22.34,20.0,20.08,14.12,21.09,16.0,22.29,21.54,17.5,21.0,30.75,31.96
2067-03-15,15.09,11.12,10.88,9.87,13.79,10.58,17.92,12.42,15.09,13.46,19.67,25.84
2067-03-16,11.42,10.13,10.08,6.21,10.71,8.17,14.71,13.17,9.62,12.83,20.5,21.12
2067-03-17,19.79,12.87,17.33,12.92,19.25,16.42,25.25,19.33,21.12,20.46,23.58,31.88
2067-03-18,21.21,8.75,10.54,11.63,13.42,11.58,17.08,12.67,13.29,11.71,15.71,20.91
2067-03-19,17.83,7.83,13.0,11.34,12.33,9.33,19.95,11.71,14.96,16.13,16.21,22.42
2067-03-20,8.5,8.25,9.42,6.46,13.37,9.87,17.21,10.46,14.25,12.5,19.0,24.17
2067-03-21,9.71,08.04,9.5,6.13,10.21,10.25,20.38,12.25,14.83,13.04,19.41,23.13
2067-03-22,13.83,10.92,9.46,7.83,13.59,11.83,17.04,12.46,14.37,12.0,16.62,19.12
2067-03-23,12.46,9.59,8.17,7.92,12.38,8.83,15.04,9.83,10.96,11.92,17.37,21.04
2067-03-24,17.83,16.29,16.46,10.96,14.09,10.96,16.29,14.29,12.33,15.09,22.25,23.67
2067-03-25,20.79,15.37,17.75,12.71,15.16,12.67,17.12,14.25,13.59,14.92,20.5,23.91
2067-03-26,18.29,15.46,12.62,11.38,18.38,11.75,20.38,12.92,14.54,13.83,24.17,27.79
2067-03-27,16.08,15.34,11.17,10.75,17.46,12.08,19.62,11.04,15.16,13.7,19.46,22.13
2067-03-28,15.16,10.13,11.17,12.29,14.0,11.0,18.16,9.5,13.75,11.38,17.71,27.84
2067-03-29,12.79,5.29,09.08,08.08,9.67,5.96,15.09,6.79,11.42,10.34,12.79,22.58
2067-03-30,12.38,05.04,7.75,7.21,7.79,4.67,11.5,3.71,8.12,7.21,10.79,12.75
2067-03-31,9.79,7.29,8.25,4.5,5.75,1.38,6.96,2.13,3.79,5.88,5.83,9.29
2067-04-01,22.25,17.92,16.54,11.42,16.96,12.71,11.87,11.87,12.75,14.5,21.04,25.88
2067-04-02,13.08,12.46,9.59,9.71,14.96,9.96,15.09,11.25,12.46,9.87,16.42,18.41
2067-04-03,12.62,11.21,09.04,9.62,14.37,9.87,13.54,10.34,11.21,10.92,15.46,17.96
2067-04-04,10.08,9.83,7.87,7.92,12.62,9.0,15.83,10.58,12.62,13.59,17.92,23.5
2067-04-05,20.5,12.54,13.62,13.67,15.83,11.46,19.67,13.08,15.92,18.25,16.79,27.71
2067-04-06,20.12,15.54,22.0,14.04,14.54,11.92,18.54,13.83,13.92,16.38,21.04,31.13
2067-04-07,14.37,14.42,25.54,11.42,11.42,8.21,15.92,10.63,9.71,13.88,21.92,26.08
2067-04-08,13.5,11.67,23.79,11.46,11.87,6.38,15.16,9.13,9.17,10.88,11.42,16.29
2067-04-09,13.79,13.88,26.34,11.58,13.75,10.58,18.05,11.63,11.5,14.42,18.0,14.92
2067-04-10,14.42,12.67,30.54,12.17,10.25,09.04,17.12,9.21,10.13,11.46,15.0,12.38
2067-04-11,11.67,13.96,19.67,9.67,10.58,7.25,11.83,7.92,7.5,10.54,12.33,15.67
2067-04-12,7.71,7.5,15.21,6.13,08.08,2.42,7.79,4.96,4.38,6.17,10.92,11.96
2067-04-13,6.29,5.54,15.79,6.42,8.42,2.62,8.71,3.37,3.83,4.21,5.46,8.63
2067-04-14,6.83,5.71,14.83,4.33,7.21,02.08,4.54,1.25,2.29,1.75,4.88,06.08
2067-04-15,10.37,5.91,5.21,4.54,8.46,2.75,9.38,4.33,6.13,6.38,8.87,12.04
2067-04-16,8.71,6.67,4.71,4.21,8.79,3.25,6.29,4.0,06.08,9.25,7.33,15.16
2067-04-17,11.12,7.58,6.38,06.04,8.87,4.42,12.79,4.63,8.46,10.41,8.75,17.75
2067-04-18,09.08,6.71,10.54,5.37,5.46,4.29,07.08,3.96,4.92,07.04,8.71,11.42
2067-04-19,12.58,10.88,14.17,9.67,14.83,11.17,17.71,12.83,14.58,14.71,20.5,26.34
2067-04-20,19.92,16.08,12.17,13.54,20.67,14.12,18.12,15.41,16.38,15.54,22.58,22.5
2067-04-21,18.05,12.25,14.29,10.13,13.92,8.75,12.33,7.71,11.5,12.0,12.96,19.83
2067-04-22,11.54,11.29,9.59,6.87,12.54,8.38,10.88,9.59,09.08,10.83,15.0,15.41
2067-04-23,9.83,06.04,6.17,4.38,6.13,3.17,7.5,4.46,4.29,4.83,10.75,11.21
2067-04-24,14.09,13.0,11.38,8.54,12.0,10.37,10.71,10.83,10.5,11.63,17.04,16.42
2067-04-25,8.71,6.17,6.71,4.75,6.54,3.88,6.83,2.17,5.88,4.92,10.21,7.83
2067-04-26,8.54,10.08,7.87,4.67,9.62,6.42,9.38,9.54,7.87,09.08,15.83,15.25
2067-04-27,8.25,6.83,13.59,6.54,6.96,4.29,7.38,5.96,5.13,6.13,5.88,8.54
2067-04-28,5.66,5.29,8.87,6.92,7.87,5.37,6.46,5.75,5.71,5.71,05.04,11.54
2067-04-29,7.58,6.38,9.25,7.96,8.67,3.79,5.58,2.88,6.75,6.17,6.5,12.58
2067-04-30,18.88,12.46,9.46,8.92,14.54,8.75,13.13,11.08,12.04,11.46,17.12,22.0
2067-05-01,20.46,15.71,13.92,11.42,16.75,12.0,13.83,13.08,12.46,12.08,19.5,22.13
2067-05-02,16.58,9.54,10.0,7.17,11.67,7.54,8.75,7.0,6.71,8.12,11.21,13.96
2067-05-03,16.88,14.42,15.75,10.0,16.21,12.38,16.46,12.38,11.34,13.62,18.38,25.12
2067-05-04,13.21,11.46,19.0,11.08,12.54,10.88,17.58,10.58,12.54,14.29,12.33,27.33
2067-05-05,13.21,15.25,16.04,12.0,15.29,11.46,15.29,12.71,14.17,16.5,18.63,26.79
2067-05-06,14.42,12.5,10.04,8.75,12.25,8.17,9.21,09.04,6.71,7.87,12.33,16.79
2067-05-07,17.96,15.87,14.12,9.21,12.04,8.29,9.29,7.92,9.67,08.08,10.54,15.25
2067-05-08,15.12,11.67,15.96,8.46,12.62,8.87,10.71,6.25,8.21,5.83,6.96,7.62
2067-05-09,05.09,4.75,7.17,4.42,4.75,3.63,6.46,2.88,4.38,4.38,6.38,8.5
2067-05-10,4.17,4.38,8.12,2.17,2.83,0.13,2.29,1.38,1.13,2.37,7.0,4.79
2067-05-11,10.0,13.59,22.83,8.12,10.96,6.58,9.5,10.08,6.71,6.58,12.83,11.29
2067-05-12,14.67,16.79,22.42,10.25,11.42,7.75,12.71,10.13,9.0,08.08,16.38,15.46
2067-05-13,10.79,14.04,18.05,6.42,11.46,09.08,12.67,9.38,8.25,6.63,17.04,11.0
2067-05-14,9.17,10.46,17.54,6.38,7.92,6.25,9.83,06.08,6.25,6.83,11.87,15.04
2067-05-15,11.87,11.42,23.25,9.67,9.0,8.25,15.09,11.63,8.79,8.83,18.05,17.71
2067-05-16,11.46,11.34,11.87,5.88,9.79,3.71,7.79,10.0,5.13,06.04,15.34,12.46
2067-05-17,11.63,10.25,11.5,5.37,11.71,6.17,8.5,9.38,6.92,8.79,16.5,20.46
2067-05-18,11.08,10.13,10.63,5.58,7.87,5.21,9.5,07.08,5.37,06.04,15.54,13.46
2067-05-19,22.75,18.91,15.92,11.25,18.54,12.08,15.09,11.96,12.46,11.38,18.08,17.88
2067-05-20,22.08,18.38,19.46,11.67,21.87,13.67,18.58,14.83,16.54,17.41,21.75,25.25
2067-05-21,24.62,19.21,19.92,13.62,17.58,11.75,14.62,13.08,11.92,15.96,19.7,19.5
2067-05-22,24.83,20.96,21.54,15.41,21.17,13.62,16.83,11.29,14.96,15.46,15.87,16.62
2067-05-23,17.58,16.29,14.12,8.83,17.16,09.04,11.34,9.71,9.25,10.63,13.37,13.33
2067-05-24,15.63,12.54,15.16,9.92,17.0,10.96,12.79,11.21,10.67,9.96,10.08,10.79
2067-05-25,06.08,08.08,08.08,5.41,12.46,7.0,8.83,11.0,07.04,7.92,13.0,14.33
2067-05-26,12.5,12.04,12.71,6.29,13.62,6.67,9.0,14.54,6.71,12.75,19.41,13.92
2067-05-27,5.63,5.96,4.29,02.08,7.38,3.58,3.63,8.63,3.21,6.67,12.75,11.96
2067-05-28,10.17,06.08,7.83,3.88,5.96,2.42,4.25,5.41,2.62,2.75,5.83,6.0
2067-05-29,5.96,8.21,8.79,4.75,6.38,2.88,6.29,8.12,3.67,5.58,8.92,6.83
2067-05-30,3.96,4.42,04.08,02.08,5.71,1.21,2.83,6.5,2.46,5.29,6.17,6.34
2067-05-31,7.12,8.58,5.91,2.62,6.34,1.87,4.79,5.41,1.92,03.08,10.17,7.54
2067-06-01,10.88,9.5,8.92,5.79,10.92,5.58,3.88,9.21,06.04,6.13,11.08,6.75
2067-06-02,5.5,6.42,08.04,4.67,5.66,4.0,05.09,11.34,5.17,8.29,14.42,11.63
2067-06-03,7.92,9.17,13.08,4.33,7.96,6.25,10.0,15.0,9.38,12.38,18.63,16.5
2067-06-04,3.13,5.63,7.25,4.42,8.87,6.17,8.75,9.79,7.87,8.92,10.41,15.79
2067-06-05,8.38,12.58,11.17,7.0,13.75,8.71,10.88,11.75,10.13,8.42,17.79,17.16
2067-06-06,14.96,11.42,15.92,9.42,17.37,11.34,16.38,13.29,12.87,13.25,17.54,22.67
2067-06-07,14.25,9.54,08.04,6.71,13.75,6.34,8.67,10.25,09.08,10.92,12.71,15.63
2067-06-08,7.17,6.0,07.04,4.21,7.29,3.54,6.13,6.54,4.92,6.29,6.96,10.71
2067-06-09,7.79,4.25,6.54,2.83,6.0,3.21,8.17,3.79,05.09,3.92,9.21,12.79
2067-06-10,04.08,2.67,3.88,2.0,5.58,0.0,3.92,1.67,1.54,3.83,04.04,3.83
2067-06-11,4.21,3.63,4.58,02.08,5.0,0.92,5.0,1.58,3.29,3.29,5.21,07.08
2067-06-12,5.29,05.09,5.88,2.96,6.5,03.08,4.96,6.25,4.29,5.37,5.37,11.92
2067-06-13,4.75,8.25,2.37,1.5,7.29,3.75,2.75,5.46,3.17,3.25,6.42,6.5
2067-06-14,6.13,3.75,4.96,2.29,4.29,02.04,4.67,2.92,1.71,1.46,7.87,5.21
2067-06-15,6.13,3.0,6.29,2.71,4.63,1.75,1.79,05.09,2.71,2.37,9.17,4.67
2067-06-16,6.25,4.54,9.29,3.29,4.12,1.5,2.46,4.42,2.96,4.42,5.88,6.34
2067-06-17,5.41,5.96,7.29,2.42,6.5,2.13,03.04,5.17,1.79,03.04,6.0,5.54
2067-06-18,11.5,9.21,5.0,4.42,8.79,3.79,2.79,6.79,4.25,5.71,8.67,8.17
2067-06-19,9.67,10.04,8.96,4.38,12.08,6.5,8.63,10.13,7.87,8.29,16.0,13.59
2067-06-20,18.34,12.25,13.21,11.5,18.46,13.59,15.16,16.25,13.21,13.5,18.46,23.87
2067-06-21,13.04,12.62,13.25,8.67,14.67,8.67,11.34,10.63,9.46,10.41,14.67,17.5
2067-06-22,12.62,9.38,11.46,6.38,9.33,4.0,8.33,6.25,5.83,7.38,11.21,15.09
2067-06-23,11.46,7.38,11.71,3.75,8.38,2.83,06.08,06.08,4.63,4.83,8.17,11.63
2067-06-24,14.37,17.75,10.5,7.92,16.83,09.04,7.92,12.5,9.0,8.58,10.0,14.83
2067-06-25,13.04,6.54,14.46,6.79,13.08,8.58,6.21,9.59,5.66,6.71,13.62,8.96
2067-06-26,14.83,6.92,14.96,5.83,11.63,3.46,3.54,09.04,4.33,3.88,8.87,8.83
2067-06-27,9.46,5.5,6.92,3.58,9.0,3.29,5.37,7.54,5.37,5.63,12.33,9.79
2067-06-28,14.71,11.34,16.13,8.58,13.83,11.17,14.42,15.34,12.79,14.12,21.79,25.17
2067-06-29,10.17,6.21,08.08,7.12,13.0,9.17,12.17,12.12,9.38,10.46,15.41,23.16
2067-06-30,4.42,4.54,5.25,1.92,5.37,2.33,6.5,6.21,3.42,4.0,11.79,11.42
2067-07-01,8.79,9.46,9.96,4.71,10.75,07.04,6.0,8.79,6.79,7.46,15.92,14.67
2067-07-02,11.75,11.29,9.62,6.75,14.46,8.58,11.58,11.21,10.5,9.87,18.63,19.08
2067-07-03,12.62,10.34,9.62,9.46,16.04,10.88,13.29,13.08,12.71,10.92,15.92,22.25
2067-07-04,6.79,4.96,8.12,2.71,7.92,3.92,4.96,4.38,4.96,4.25,9.13,13.33
2067-07-05,5.96,08.04,8.33,5.37,7.83,5.0,5.83,10.46,05.09,7.12,17.96,10.79
2067-07-06,10.71,12.87,11.67,6.96,10.5,08.08,8.46,11.34,7.79,8.92,15.59,15.67
2067-07-07,15.75,11.92,11.79,8.33,12.38,9.21,9.25,11.38,10.13,10.37,12.33,14.5
2067-07-08,16.13,12.71,11.04,9.29,16.17,10.54,12.58,14.09,11.21,10.92,16.33,22.75
2067-07-09,11.38,10.79,10.88,5.41,13.0,7.38,10.0,14.75,9.13,10.17,22.0,19.75
2067-07-10,09.08,8.25,11.87,3.54,10.88,7.21,8.25,12.54,9.75,10.08,15.96,17.37
2067-07-11,4.79,3.75,3.96,1.87,6.21,2.21,4.25,3.0,03.04,01.08,5.58,9.83
2067-07-12,3.13,3.29,8.12,2.71,5.17,1.46,3.46,4.88,5.79,6.63,5.58,8.42
2067-07-13,5.33,5.75,5.33,2.17,6.96,2.0,5.5,7.17,5.37,10.0,8.71,21.04
2067-07-14,12.29,10.37,10.58,4.42,11.12,3.79,5.0,5.37,4.0,6.17,5.17,24.46
2067-07-15,8.83,12.96,8.29,4.67,10.58,4.42,5.5,7.87,4.71,7.87,12.0,13.96
2067-07-16,16.38,17.79,15.12,11.42,16.42,10.29,07.04,14.33,11.79,15.92,20.75,18.0
2067-07-17,10.29,13.83,9.17,7.25,12.83,08.08,4.71,14.33,8.54,13.25,20.0,18.38
2067-07-18,11.5,9.13,12.62,7.38,10.34,6.87,7.12,7.79,6.79,10.63,12.04,8.83
2067-07-19,7.17,5.88,10.17,3.96,10.37,6.63,6.63,7.75,7.33,9.71,12.33,16.46
2067-07-20,5.41,4.29,6.96,2.79,7.38,04.04,6.25,4.42,05.04,5.46,8.0,12.75
2067-07-21,4.63,4.5,4.46,1.96,4.29,0.25,04.04,1.25,2.37,03.08,04.08,7.0
2067-07-22,6.0,7.54,15.04,2.67,5.71,2.67,3.21,5.25,3.33,4.46,7.21,4.83
2067-07-23,12.17,9.92,9.13,3.67,10.29,05.04,3.54,11.12,05.09,7.71,14.17,12.12
2067-07-24,13.04,10.37,13.37,6.0,12.96,8.79,11.29,10.29,8.33,11.34,12.87,19.55
2067-07-25,11.34,11.17,10.63,4.71,11.17,6.42,7.12,10.54,7.33,9.25,16.25,16.25
2067-07-26,12.46,11.42,14.0,7.96,13.33,9.54,10.71,15.41,10.96,14.54,18.05,19.62
2067-07-27,05.04,5.33,5.66,3.83,8.87,5.25,6.25,6.42,5.66,5.88,11.63,14.58
2067-07-28,9.54,8.58,7.83,4.38,10.0,5.66,7.58,08.08,7.67,8.12,13.83,15.71
2067-07-29,14.04,12.83,14.88,6.34,9.5,7.46,08.08,11.5,7.79,9.29,17.54,14.5
2067-07-30,13.25,9.38,12.62,06.04,9.96,7.83,8.12,12.21,8.42,11.75,18.96,15.71
2067-07-31,07.04,4.46,6.58,4.33,5.88,4.83,3.83,08.04,6.0,7.54,15.83,14.46
2067-08-01,10.34,6.92,8.54,4.63,9.42,5.33,7.62,8.54,7.21,06.08,17.75,13.54
2067-08-02,4.63,10.29,5.37,4.12,10.67,7.12,5.5,8.5,7.12,6.87,15.16,16.54
2067-08-03,14.71,12.54,07.08,6.13,12.54,7.87,11.46,10.67,10.58,10.92,17.37,22.5
2067-08-04,13.13,10.21,08.04,7.71,10.37,7.67,11.71,9.29,10.5,11.38,12.5,19.08
2067-08-05,7.58,10.58,9.87,4.79,10.29,7.38,6.71,7.58,6.75,8.42,13.04,13.67
2067-08-06,18.34,15.04,12.46,9.59,12.87,9.25,6.42,10.63,8.21,10.96,10.29,9.59
2067-08-07,16.25,9.54,12.96,9.29,15.75,14.71,11.63,14.25,11.58,10.37,12.96,17.71
2067-08-08,10.63,6.5,11.04,7.46,11.63,9.71,7.38,12.5,10.17,8.71,15.71,21.84
2067-08-09,10.25,9.0,8.38,5.54,9.67,6.42,4.5,8.79,7.54,5.79,12.04,12.75
2067-08-10,8.29,5.41,7.71,4.33,9.5,4.83,4.88,2.46,3.71,2.21,5.58,6.71
2067-08-11,15.25,10.41,7.75,8.71,15.16,8.96,11.5,11.0,10.17,8.58,13.75,16.92
2067-08-12,18.71,11.67,10.46,10.41,15.87,11.08,15.71,12.54,13.29,16.13,15.0,24.96
2067-08-13,10.79,10.04,9.29,5.96,9.46,6.5,9.21,6.67,5.96,6.29,7.54,10.34
2067-08-14,15.29,10.54,11.12,9.42,16.46,10.5,15.5,13.33,11.87,11.25,13.67,16.21
2067-08-15,9.87,8.42,9.46,5.71,11.38,6.96,11.54,9.5,5.88,8.46,13.17,10.17
2067-08-16,14.42,11.79,12.75,7.96,17.29,09.08,10.96,8.75,9.17,8.38,10.67,11.04
2067-08-17,13.88,10.71,12.29,6.79,11.96,06.08,8.75,07.04,5.96,6.5,10.25,7.21
2067-08-18,13.88,9.83,13.96,8.29,12.25,7.83,9.83,8.67,08.04,5.37,12.71,14.37
2067-08-19,4.42,5.96,13.62,3.92,6.34,2.83,4.33,6.71,4.21,3.92,6.58,8.17
2067-08-20,8.67,03.08,9.46,2.42,06.08,2.46,3.37,2.5,1.92,1.13,4.38,6.75
2067-08-21,8.12,8.67,4.96,2.96,10.88,4.88,5.17,6.29,4.54,5.5,5.54,8.67
2067-08-22,3.83,6.79,5.46,2.37,6.29,3.17,3.54,3.75,2.71,3.29,7.75,08.04
2067-08-23,4.33,5.21,4.25,1.42,04.04,1.33,3.92,4.75,1.87,1.25,10.08,4.12
2067-08-24,8.54,11.34,07.08,4.71,9.13,4.33,2.83,7.67,3.21,3.54,10.08,6.38
2067-08-25,11.21,9.87,10.13,08.08,10.37,08.08,3.79,9.71,8.0,8.79,15.75,12.29
2067-08-26,8.0,6.71,7.5,02.04,7.41,2.62,4.54,5.79,4.25,5.75,07.08,9.54
2067-08-27,4.17,2.5,6.0,2.13,4.12,1.13,4.71,3.13,3.92,3.13,4.54,09.04
2067-08-28,8.33,07.04,5.33,2.29,08.04,4.17,5.71,9.0,4.58,4.79,14.42,12.33
2067-08-29,10.83,7.33,7.17,5.0,11.46,7.17,10.54,8.29,8.46,8.79,14.37,16.54
2067-08-30,10.37,8.75,9.25,5.88,14.79,8.21,12.96,10.92,10.37,10.25,16.92,22.04
2067-08-31,6.21,6.17,9.46,3.5,7.25,4.25,3.96,04.04,3.63,4.42,6.71,12.46
2067-09-01,10.71,9.33,9.92,6.29,11.0,7.5,8.87,09.04,7.79,6.71,12.92,15.59
2067-09-02,14.04,12.92,12.17,9.17,17.21,12.12,15.0,14.62,11.87,10.83,19.62,25.58
2067-09-03,23.38,23.54,17.96,14.67,25.04,16.46,19.67,17.0,16.62,14.79,26.46,24.04
2067-09-04,22.58,19.92,16.46,12.08,16.62,12.38,14.54,13.7,12.38,13.21,19.25,18.38
2067-09-05,27.63,22.79,20.04,16.46,23.71,17.33,22.34,18.16,19.12,18.71,23.79,25.54
2067-09-06,12.79,11.34,8.12,7.71,11.17,8.54,12.75,9.25,11.12,8.96,16.17,18.54
2067-09-07,5.66,4.63,4.54,2.75,05.09,2.96,5.41,3.71,4.67,3.58,8.0,6.67
2067-09-08,3.92,5.21,4.71,1.58,1.29,0.54,4.54,3.42,2.29,1.87,11.04,8.75
2067-09-09,4.67,11.75,7.0,2.54,3.58,3.79,5.79,6.21,3.33,4.17,16.13,9.46
2067-09-10,8.75,3.0,7.29,3.5,6.21,4.5,3.5,6.17,5.29,5.79,6.17,10.96
2067-09-11,20.3,10.75,10.5,8.79,13.17,8.71,9.46,11.5,10.54,10.29,13.5,18.41
2067-09-12,15.0,10.21,18.46,8.12,10.34,6.67,8.58,10.04,6.46,7.46,10.88,10.41
2067-09-13,4.25,2.17,9.87,1.87,2.21,0.96,3.67,1.5,2.33,1.54,2.54,3.54
2067-09-14,3.71,5.17,7.33,1.29,3.37,1.13,1.83,2.54,2.54,3.17,6.71,8.58
2067-09-15,4.63,07.04,4.88,0.58,2.58,0.21,2.96,2.58,0.87,1.46,13.08,4.83
2067-09-16,7.71,4.12,6.96,3.0,8.12,6.29,4.25,4.88,3.71,04.08,6.29,10.37
2067-09-17,16.38,7.67,10.37,6.75,9.13,6.21,9.62,5.66,8.5,7.33,10.04,11.87
2067-09-18,16.17,13.88,13.46,8.12,12.42,9.17,10.08,10.37,9.59,10.34,18.71,15.0
2067-09-19,13.04,14.62,10.0,5.79,15.21,7.83,11.46,9.21,8.29,7.17,17.25,13.08
2067-09-20,09.08,8.33,08.08,5.91,09.04,5.17,9.33,6.75,8.21,6.25,10.34,7.67
2067-09-21,11.67,4.0,8.75,4.25,5.66,2.37,7.83,6.54,4.38,5.37,8.87,12.67
2067-09-22,7.17,7.96,6.25,03.04,8.0,3.46,4.92,3.88,1.92,1.71,5.46,6.38
2067-09-23,14.79,12.67,13.25,6.92,13.21,8.5,10.08,11.58,7.46,7.25,13.29,14.09
2067-09-24,18.66,16.54,14.71,9.71,14.54,10.92,11.0,15.04,10.79,12.42,20.33,18.84
2067-09-25,16.92,13.67,15.21,9.75,11.58,9.46,11.75,10.83,10.29,12.58,15.21,16.08
2067-09-26,21.04,15.92,14.88,9.87,15.25,10.21,9.54,14.62,10.25,9.79,20.71,17.21
2067-09-27,18.63,15.54,15.67,11.04,12.38,9.46,9.33,12.71,9.92,11.63,16.54,15.29
2067-09-28,18.12,18.41,15.79,10.17,14.12,9.75,11.21,12.96,8.71,10.21,19.04,19.55
2067-09-29,16.54,15.0,13.75,7.62,12.17,9.0,7.21,12.62,8.38,10.75,21.59,16.62
2067-09-30,16.54,16.17,14.83,9.33,18.16,11.25,17.83,14.62,14.29,12.67,23.67,25.54
2067-10-01,20.08,18.05,18.63,9.38,14.37,11.71,15.34,14.37,11.75,15.92,22.79,20.83
2067-10-02,15.21,15.21,11.71,7.96,16.33,9.54,15.92,12.08,12.0,13.7,22.29,24.58
2067-10-03,19.79,20.54,17.21,11.58,18.38,12.46,18.0,16.17,14.0,14.12,24.3,22.25
2067-10-04,20.91,13.96,15.21,11.54,16.04,11.04,15.09,14.25,14.0,13.83,18.21,23.33
2067-10-05,8.54,11.67,10.37,4.67,9.38,6.71,6.83,7.75,7.38,08.04,12.71,12.46
2067-10-06,16.62,19.62,16.13,7.5,12.5,10.13,13.46,16.46,11.0,14.09,24.08,20.04
2067-10-07,16.75,18.84,16.04,8.96,17.5,10.79,15.5,12.79,12.29,13.59,22.17,22.83
2067-10-08,14.71,14.75,15.71,5.54,9.92,7.29,11.38,8.96,7.0,9.67,15.25,14.75
2067-10-09,18.58,16.13,18.66,9.59,13.25,9.87,14.58,13.04,11.46,13.17,18.05,18.5
2067-10-10,7.71,8.58,7.62,2.71,7.41,2.75,4.42,5.5,2.92,5.37,14.0,11.54
2067-10-11,10.21,12.33,10.21,4.38,14.37,7.71,10.0,11.12,8.63,11.83,21.92,19.7
2067-10-12,16.13,12.25,12.21,5.29,13.33,7.87,8.38,9.83,7.54,11.87,16.17,19.25
2067-10-13,20.62,19.92,18.41,10.75,18.54,12.5,15.67,14.17,12.79,13.96,24.83,23.38
2067-10-14,24.5,21.62,22.08,12.12,22.04,14.17,19.33,15.87,15.21,16.79,26.42,26.3
2067-10-15,13.7,13.17,12.25,06.08,12.79,6.92,13.25,8.67,8.42,9.62,14.79,17.67
2067-10-16,10.54,15.29,10.13,4.71,12.87,07.08,9.42,6.83,6.71,06.08,6.96,13.79
2067-10-17,19.75,13.5,13.96,11.25,15.46,11.58,16.21,12.42,14.75,11.96,19.67,27.08
2067-10-18,18.0,17.0,13.46,7.38,14.58,9.0,10.04,9.13,7.87,08.04,15.41,16.58
2067-10-19,22.13,20.75,22.42,14.54,20.62,14.33,14.29,20.79,15.21,18.34,31.42,25.7
2067-10-20,16.5,11.96,15.16,8.79,15.46,10.83,14.42,14.33,11.25,14.67,24.33,25.66
2067-10-21,4.38,2.71,3.79,1.67,7.21,3.13,7.38,4.67,04.04,05.09,8.87,14.58
2067-10-22,7.67,6.5,6.63,2.92,7.21,3.96,7.25,7.71,4.21,7.67,14.54,14.21
2067-10-23,13.25,9.33,11.42,6.13,12.83,8.79,11.71,8.92,9.13,10.46,20.58,21.75
2067-10-24,13.7,13.29,10.41,6.87,11.5,8.71,10.34,11.25,8.83,10.25,21.54,19.5
2067-10-25,29.08,26.71,24.87,18.25,25.92,19.08,21.29,26.08,17.08,23.75,38.96,34.54
2067-10-26,19.87,16.25,19.38,12.33,19.92,12.87,22.0,14.46,15.96,16.08,23.96,28.88
2067-10-27,18.0,18.25,12.83,07.04,14.67,7.12,7.75,7.83,7.79,08.08,11.46,13.88
2067-10-28,16.88,15.71,10.96,8.79,11.08,6.42,11.79,7.54,8.25,8.75,15.87,21.79
2067-10-29,14.21,11.34,8.67,7.67,11.96,7.58,10.04,8.21,9.21,6.96,14.75,19.79
2067-10-30,16.25,15.25,9.75,4.25,14.09,7.92,8.29,9.87,7.54,08.08,15.16,13.37
2067-10-31,21.59,14.21,18.71,13.5,16.62,11.04,14.46,09.08,12.42,11.54,15.29,18.63
2067-11-01,23.42,22.79,15.34,8.79,17.0,12.33,11.29,10.96,10.17,8.87,15.46,26.16
2067-11-02,30.09,21.09,19.67,18.63,21.21,14.79,19.12,16.66,16.79,19.58,25.33,35.41
2067-11-03,5.58,4.17,5.75,05.09,5.96,4.0,10.67,3.13,06.04,7.71,8.21,20.91
2067-11-04,11.96,8.67,14.58,4.79,5.79,1.58,7.17,3.88,3.75,3.29,9.5,13.08
2067-11-05,20.21,12.5,16.92,10.5,12.5,7.12,12.79,9.33,11.38,10.71,18.34,25.5
2067-11-06,13.33,8.17,10.41,7.79,10.37,6.5,10.34,7.25,8.25,5.5,12.25,19.87
2067-11-07,12.21,14.17,16.54,8.29,10.92,5.33,5.91,7.87,4.21,1.96,20.91,15.25
2067-11-08,6.58,5.21,9.0,3.67,4.67,1.71,4.46,5.46,3.33,3.46,11.75,12.62
2067-11-09,8.38,7.38,8.42,4.83,8.42,5.79,10.83,8.17,8.71,8.54,13.67,20.0
2067-11-10,8.75,10.58,10.92,5.96,11.63,09.04,12.54,10.92,9.0,11.34,20.41,21.87
2067-11-11,13.96,11.79,12.25,8.42,14.71,10.83,17.62,14.96,14.09,14.17,20.88,28.04
2067-11-12,7.54,10.08,8.67,5.17,7.96,5.54,5.5,7.71,5.75,7.87,15.63,16.5
2067-11-13,13.88,13.83,15.71,10.37,13.5,10.54,12.38,12.38,9.67,14.04,21.09,21.5
2067-11-14,10.63,13.92,9.46,6.29,12.75,07.08,14.92,10.79,9.5,12.08,22.37,28.21
2067-11-15,18.84,13.08,12.96,10.21,12.5,8.63,14.58,14.42,12.33,12.46,21.79,32.5
2067-11-16,10.34,3.96,13.13,04.08,5.75,2.42,6.54,3.54,4.29,6.71,09.08,15.83
2067-11-17,5.37,2.71,8.46,0.79,4.38,0.83,2.17,3.96,1.42,2.88,11.92,14.96
2067-11-18,10.41,2.25,14.75,3.17,3.71,0.83,03.04,4.63,5.33,04.08,7.12,7.71
2067-11-19,09.08,2.96,6.58,1.29,4.25,1.67,2.71,3.58,3.75,3.83,3.75,7.79
2067-11-20,2.92,1.63,6.34,1.5,5.83,1.21,0.58,2.67,01.08,1.29,5.91,8.33
2067-11-21,8.0,4.42,15.5,4.88,5.91,2.88,3.83,4.54,4.71,5.25,5.66,5.58
2067-11-22,9.21,7.0,9.83,2.88,7.83,3.37,4.25,7.12,5.13,4.0,7.0,8.71
2067-11-23,2.75,3.25,5.41,0.75,06.04,1.29,0.54,3.21,0.29,1.21,9.59,9.21
2067-11-24,8.96,11.5,6.58,4.54,9.54,4.75,3.42,8.25,6.17,7.96,15.34,18.29
2067-11-25,13.37,10.71,11.0,6.42,8.96,4.42,8.87,4.25,8.42,5.75,13.67,17.88
2067-11-26,9.62,8.54,8.38,4.42,7.25,3.71,9.29,5.21,7.62,6.34,12.87,15.41
2067-11-27,9.42,12.17,9.79,6.63,14.79,8.17,11.08,9.83,12.33,9.71,16.38,17.08
2067-11-28,17.62,20.25,13.7,11.58,21.25,12.62,17.88,14.79,16.29,12.08,22.29,22.71
2067-11-29,11.83,14.04,10.96,7.46,14.29,07.04,13.88,9.13,9.54,8.46,17.16,17.29
2067-11-30,10.37,5.63,6.29,5.66,10.58,5.21,11.29,9.79,8.5,5.75,12.83,17.83
2067-12-01,5.21,1.46,6.46,1.83,3.83,0.87,5.88,1.87,2.33,2.75,6.79,7.92
2067-12-02,8.67,8.63,5.91,3.67,7.58,5.0,4.83,8.58,5.17,7.12,16.13,16.17
2067-12-03,5.25,2.33,5.58,3.13,6.71,3.33,10.17,3.92,7.5,6.34,12.54,22.54
2067-12-04,4.12,7.0,07.04,3.29,10.0,07.04,16.62,8.38,11.42,12.67,20.04,27.12
2067-12-05,12.08,11.54,10.79,10.54,17.62,13.08,19.75,13.17,16.5,11.0,18.66,16.0
2067-12-06,18.25,14.88,13.67,10.79,14.09,7.21,12.25,10.41,10.25,7.29,18.46,26.5
2067-12-07,11.63,8.12,08.04,8.0,8.33,06.04,12.62,7.92,9.92,5.37,17.29,25.25
2067-12-08,21.25,15.12,18.63,12.29,13.5,9.17,15.79,11.42,13.0,7.58,21.75,25.46
2067-12-09,17.83,13.75,19.04,8.42,9.25,05.04,12.29,9.54,8.92,5.83,19.75,23.45
2067-12-10,10.17,4.67,14.46,4.42,5.46,0.5,8.83,3.13,4.58,3.21,10.96,15.75
2067-12-11,12.62,7.38,8.83,4.38,8.71,4.75,12.83,6.92,9.33,7.75,13.7,19.87
2067-12-12,12.58,5.33,9.33,06.04,6.34,2.75,10.29,4.67,7.38,4.83,8.79,13.96
2067-12-13,3.13,0.75,5.29,2.25,4.71,0.75,6.67,1.83,03.04,3.33,9.54,12.42
2067-12-14,3.29,6.67,2.83,2.29,7.17,4.54,9.21,9.13,6.71,8.46,17.92,18.71
2067-12-15,7.5,6.63,9.54,5.63,9.62,08.08,16.21,9.5,11.71,11.04,15.67,21.75
2067-12-16,6.63,1.92,09.08,3.13,5.46,0.75,6.13,2.33,1.87,2.13,5.79,14.21
2067-12-17,3.71,6.67,3.63,0.42,8.54,1.29,1.63,03.04,0.63,0.71,5.5,9.67
2067-12-18,8.33,8.92,7.79,02.08,9.21,5.5,08.04,6.34,4.96,4.0,6.54,10.41
2067-12-19,8.17,04.08,17.46,2.96,8.38,6.34,10.34,8.0,7.41,5.54,10.46,14.0
2067-12-20,17.92,16.62,17.58,11.04,16.46,11.58,10.58,11.21,11.54,10.58,17.08,22.75
2067-12-21,16.54,15.41,16.25,8.67,13.54,8.54,14.88,14.92,10.08,10.71,23.13,20.62
2067-12-22,20.21,20.0,17.75,10.79,17.0,11.87,18.41,16.54,12.21,14.67,25.37,20.75
2067-12-23,18.12,16.54,16.58,11.34,18.96,11.42,18.88,13.0,16.38,14.12,20.79,22.0
2067-12-24,19.25,16.96,11.46,10.83,17.83,8.75,14.17,12.04,12.17,10.46,17.33,16.66
2067-12-25,26.5,18.96,18.96,16.0,21.21,13.7,19.25,17.96,18.79,17.79,23.13,33.45
2067-12-26,9.71,4.92,8.54,6.0,8.46,4.67,10.08,5.46,7.75,7.83,9.59,15.79
2067-12-27,12.67,9.17,9.5,8.92,14.33,8.63,16.13,11.87,12.87,12.96,17.37,21.87
2067-12-28,19.25,14.29,13.17,9.46,15.16,7.87,16.25,12.71,15.09,15.34,22.88,33.84
2067-12-29,18.29,12.58,15.96,8.92,10.71,5.17,10.63,8.67,10.08,10.13,15.29,22.71
2067-12-30,13.62,13.83,9.92,8.0,12.67,7.12,14.58,11.29,13.33,9.62,17.79,24.3
2067-12-31,16.88,13.75,11.34,09.08,13.54,7.71,11.75,11.83,11.83,11.75,17.25,22.63
2068-01-01,30.04,17.88,16.25,16.25,21.79,12.54,18.16,16.62,18.75,17.62,22.25,27.29
2068-01-02,12.92,12.75,13.21,10.54,13.83,8.63,12.67,10.21,11.04,9.59,15.25,22.04
2068-01-03,18.91,13.37,13.46,12.5,14.83,10.58,17.0,11.17,14.88,13.0,16.29,27.42
2068-01-04,9.25,10.17,7.87,3.58,11.96,7.25,7.71,7.0,5.96,5.71,13.08,13.42
2068-01-05,15.79,15.96,11.29,5.79,11.67,4.58,9.75,5.83,7.79,6.71,9.21,13.42
2068-01-06,12.92,12.5,13.42,7.25,11.92,5.13,9.87,5.54,5.66,5.46,6.5,13.92
2068-01-07,8.67,7.79,9.54,3.96,08.08,2.33,7.12,3.88,3.75,2.58,5.96,12.92
2068-01-08,16.54,15.87,18.29,9.33,14.96,11.5,18.0,9.17,11.29,12.46,14.46,28.08
2068-01-09,17.67,16.62,20.17,10.13,14.71,7.92,14.88,10.37,10.96,8.54,11.42,23.58
2068-01-10,5.29,6.17,7.17,1.58,4.63,2.62,10.96,2.21,4.67,5.46,7.25,16.88
2068-01-11,05.04,4.71,5.37,0.75,7.5,1.79,4.42,4.38,0.71,1.96,6.29,10.92
2068-01-12,12.12,9.96,13.59,6.58,11.79,9.62,10.0,08.08,9.33,10.0,10.88,21.54
2068-01-13,15.92,13.67,16.92,6.96,9.87,6.29,10.0,8.46,7.17,9.25,14.67,19.58
2068-01-14,30.29,22.21,24.0,14.5,22.54,14.0,22.04,20.58,15.46,18.66,24.96,23.16
2068-01-15,15.41,15.63,12.79,11.58,16.42,10.71,19.41,13.83,15.5,14.25,19.7,29.04
2068-01-16,24.92,22.25,21.0,14.37,17.29,12.5,15.54,14.37,12.04,10.58,16.66,14.96
2068-01-17,15.54,15.5,11.5,12.21,17.37,10.63,20.12,13.17,15.59,13.33,17.71,23.13
2068-01-18,14.54,14.71,13.75,8.75,17.96,10.21,16.42,12.5,14.17,11.04,20.79,20.08
2068-01-19,9.79,14.09,10.25,4.88,10.75,6.42,08.08,11.79,7.25,9.42,23.04,17.96
2068-01-20,7.58,8.63,7.21,1.21,6.25,2.29,3.46,5.21,1.0,2.58,12.17,13.37
2068-01-21,4.96,5.25,3.0,0.08,4.63,0.04,0.46,0.58,0.46,1.33,1.87,4.79
2068-01-22,7.21,4.67,03.08,0.92,4.21,0.17,0.54,1.33,0.67,02.04,6.58,6.17
2068-01-23,8.0,7.21,6.42,3.92,4.75,2.62,8.75,4.58,5.83,6.21,11.96,21.04
2068-01-24,17.41,9.83,7.83,09.08,10.08,6.0,13.04,9.17,10.41,11.0,13.7,23.5
2068-01-25,25.12,12.04,14.75,12.83,14.88,7.46,19.79,14.75,16.71,12.87,17.33,22.58
2068-01-26,14.17,9.96,9.0,08.08,11.12,7.79,14.5,10.17,11.25,10.21,16.38,20.75
2068-01-27,13.83,11.34,11.12,6.34,12.38,6.38,12.29,6.71,10.41,9.5,15.34,20.0
2068-01-28,7.79,7.21,8.33,4.0,6.63,2.92,8.75,4.25,5.75,6.38,13.5,17.62
2068-01-29,15.75,16.83,13.79,7.87,13.0,9.96,17.62,13.59,12.08,13.25,23.09,25.84
2068-01-30,22.67,21.92,18.75,14.29,14.88,9.67,16.92,11.83,12.42,13.92,15.09,11.71
2068-01-31,20.67,21.0,18.0,13.21,17.46,10.58,16.0,14.67,12.92,12.0,17.25,25.25
2068-02-01,16.08,17.21,10.17,8.29,14.88,8.12,15.59,9.83,12.21,9.75,18.75,24.83
2068-02-02,14.62,16.29,8.92,08.04,12.38,6.34,13.46,8.25,12.21,6.79,16.04,15.59
2068-02-03,13.33,12.21,9.59,6.13,8.33,4.42,9.29,6.0,7.25,5.54,13.46,15.25
2068-02-04,21.75,22.08,15.67,11.67,17.46,11.54,15.04,14.33,14.25,15.29,22.54,26.71
2068-02-05,10.21,10.41,5.79,3.0,11.5,4.21,6.67,6.5,3.67,5.0,10.21,13.37
2068-02-06,11.21,6.71,7.79,4.67,6.71,2.37,8.71,5.29,5.83,4.79,6.92,16.08
2068-02-07,8.42,5.41,04.04,0.96,4.29,0.46,5.63,04.04,1.58,2.37,7.71,9.83
2068-02-08,6.5,3.42,5.83,3.0,3.5,0.46,1.75,2.37,0.71,1.38,7.38,17.04
2068-02-09,6.29,03.04,9.75,1.79,5.0,1.46,3.88,3.71,2.5,2.79,8.63,15.59
2068-02-10,17.46,19.62,17.0,09.08,17.16,10.63,10.04,11.5,9.33,7.12,13.7,16.62
2068-02-11,24.25,30.96,21.25,12.5,22.67,13.88,14.71,16.33,14.58,11.75,16.38,23.04
2068-02-12,8.5,7.75,10.54,2.54,8.46,5.41,6.42,4.17,2.46,3.17,7.25,13.29
2068-02-13,17.46,11.79,12.5,7.0,11.0,6.38,9.92,10.21,8.46,6.79,12.79,23.75
2068-02-14,17.08,14.71,15.41,8.21,12.92,8.17,14.71,13.08,10.25,4.83,13.13,13.46
2068-02-15,7.87,5.75,11.58,4.5,07.04,02.08,5.71,3.42,1.96,0.83,3.0,9.33
2068-02-16,3.92,2.67,4.79,0.79,2.96,01.04,6.17,1.87,2.92,1.13,2.67,10.37
2068-02-17,4.25,7.21,3.5,0.92,3.25,0.67,7.58,3.25,1.92,4.83,5.83,9.42
2068-02-18,10.34,8.33,7.17,2.13,06.08,01.04,3.63,2.62,0.83,3.5,5.58,6.25
2068-02-19,11.96,07.08,13.88,2.83,7.62,1.79,3.0,04.04,1.63,4.92,3.92,5.46
2068-02-20,9.62,6.0,9.38,2.83,5.0,0.29,2.37,2.25,01.08,5.41,4.25,16.79
2068-02-21,12.92,9.83,15.46,5.96,10.25,6.96,12.12,9.62,8.71,11.46,11.17,16.13
2068-02-22,15.34,14.5,27.33,10.75,14.79,6.67,14.92,9.83,9.71,9.83,12.25,14.21
2068-02-23,11.71,9.33,21.92,6.83,8.12,03.08,8.46,4.21,3.71,4.29,2.17,08.08
2068-02-24,8.42,5.88,8.75,3.25,7.21,02.04,8.29,5.54,3.42,8.96,10.17,13.88
2068-02-25,14.17,9.71,16.38,5.0,8.17,3.79,9.87,5.66,6.63,6.0,8.21,7.41
2068-02-26,11.08,06.04,14.09,3.71,6.29,1.17,4.83,4.83,5.0,07.04,7.17,8.0
2068-02-27,10.67,12.17,7.96,04.08,9.21,4.33,6.21,7.21,4.21,7.38,11.92,12.87
2068-02-28,21.04,20.25,15.41,10.83,18.66,11.92,11.83,11.67,11.79,13.42,19.55,24.25
2068-02-29,10.08,6.92,8.67,4.12,9.62,3.71,5.54,5.66,5.21,6.87,7.21,12.67
2068-03-01,8.67,6.21,9.59,3.88,4.67,0.58,4.63,3.17,1.17,3.42,5.29,4.46
2068-03-02,10.54,8.29,6.5,4.71,6.25,2.88,07.08,4.17,05.04,6.96,8.54,10.46
2068-03-03,8.75,5.66,7.12,3.54,06.04,1.54,7.54,4.71,04.04,7.87,7.21,14.0
2068-03-04,09.04,4.33,6.0,3.96,7.41,05.09,10.75,05.09,7.41,9.54,12.29,16.21
2068-03-05,16.54,9.25,10.04,10.37,13.33,9.0,16.92,11.46,14.25,17.25,16.66,22.75
2068-03-06,20.38,15.25,19.12,14.21,14.04,9.38,16.92,13.7,11.0,15.04,14.25,26.0
2068-03-07,14.0,12.54,26.12,08.04,8.96,3.71,10.75,7.38,4.33,7.71,13.33,13.96
2068-03-08,10.0,7.12,9.29,6.13,6.25,3.71,5.79,5.66,4.46,9.67,8.58,12.54
2068-03-09,8.63,7.54,5.54,6.0,6.87,4.25,8.12,5.91,5.88,9.96,8.42,12.04
2068-03-10,16.46,7.92,10.46,9.17,9.62,8.71,11.08,9.0,11.71,14.21,11.17,16.08
2068-03-11,14.25,7.29,9.25,8.67,7.96,6.71,11.34,6.75,9.54,12.62,7.46,14.67
2068-03-12,5.96,3.29,4.29,4.21,5.83,3.83,6.25,4.92,4.54,8.12,10.75,14.0
2068-03-13,15.09,9.67,11.75,9.42,14.04,10.08,15.71,12.58,12.83,15.0,16.17,19.87
2068-03-14,14.96,13.54,10.71,9.67,15.67,9.46,13.04,12.71,10.58,14.21,18.71,19.7
2068-03-15,19.7,17.04,13.17,11.04,18.63,10.08,14.5,14.33,13.25,13.13,20.25,20.12
2068-03-16,18.79,18.71,15.37,11.75,21.92,14.83,19.95,20.17,15.79,18.96,26.71,29.71
2068-03-17,25.25,28.46,17.21,19.5,29.54,19.75,24.5,28.21,22.67,21.79,34.92,40.37
2068-03-18,17.33,18.46,12.38,12.83,19.29,11.75,21.09,14.54,17.46,17.71,23.63,26.83
2068-03-19,23.83,19.79,20.5,10.54,18.91,12.62,18.66,12.67,13.59,15.16,23.42,23.63
2068-03-20,15.34,11.58,12.54,8.29,11.67,8.29,11.25,9.13,8.75,11.17,11.17,12.5
2068-03-21,9.92,10.75,5.33,4.96,11.92,5.83,7.67,7.0,4.5,6.83,10.58,10.41
2068-03-22,17.25,17.16,12.25,8.17,16.08,10.71,13.29,12.0,9.83,11.08,20.0,17.58
2068-03-23,22.17,9.62,24.17,12.58,10.46,7.41,13.62,8.21,6.87,8.17,12.25,13.67
2068-03-24,8.33,6.67,05.09,4.58,9.87,6.0,4.0,10.5,4.33,8.87,17.54,14.83
2068-03-25,13.83,11.79,12.17,8.46,17.0,11.75,13.67,14.62,12.29,16.62,21.67,22.79
2068-03-26,18.96,19.67,16.92,12.29,18.58,15.34,20.5,19.04,14.0,18.0,28.21,29.5
2068-03-27,17.37,20.67,17.71,9.92,16.58,12.33,19.79,21.62,12.87,23.29,32.21,28.62
2068-03-28,7.12,08.08,6.42,4.88,10.08,7.87,06.04,7.33,6.0,10.21,17.25,7.67
2068-03-29,15.59,13.04,7.58,6.0,10.46,5.37,6.38,08.04,5.66,8.5,12.33,12.08
2068-03-30,9.83,6.67,07.04,5.58,10.67,6.63,8.5,8.17,7.46,9.0,13.04,15.41
2068-03-31,14.12,13.04,11.71,9.54,17.67,11.58,16.71,13.21,14.54,13.17,20.17,13.13
2068-04-01,19.7,17.04,16.54,13.21,19.12,13.59,21.12,16.25,15.79,17.54,21.29,19.55
2068-04-02,23.83,19.58,18.58,15.04,18.0,11.92,17.0,14.12,14.58,16.38,25.5,32.5
2068-04-03,17.41,9.54,10.29,9.38,12.0,7.17,13.29,8.54,9.75,12.0,15.16,19.41
2068-04-04,7.25,7.58,7.38,4.71,06.04,3.25,6.58,8.25,4.21,09.08,10.88,17.58
2068-04-05,13.79,7.38,8.75,6.63,9.13,6.42,10.08,9.21,7.21,8.38,10.41,17.88
2068-04-06,6.46,4.71,6.5,3.71,7.29,3.92,9.33,6.42,5.21,8.21,9.0,15.75
2068-04-07,7.17,4.38,14.21,4.17,6.92,3.71,5.71,2.92,2.46,3.75,4.12,8.54
2068-04-08,4.42,7.46,4.12,1.25,6.42,2.83,4.63,5.58,2.37,3.92,11.71,11.21
2068-04-09,5.13,7.54,1.75,2.17,7.12,1.46,4.96,3.42,1.46,02.08,7.71,5.37
2068-04-10,7.54,8.79,5.75,3.17,6.92,3.17,4.83,4.79,3.0,6.75,8.92,10.37
2068-04-11,9.83,9.17,9.33,3.67,8.67,4.71,5.75,7.12,4.42,5.71,08.08,12.04
2068-04-12,13.29,14.04,10.63,7.33,14.88,8.5,8.5,10.25,6.79,9.83,14.58,12.92
2068-04-13,10.67,12.46,11.34,4.63,9.54,4.63,7.38,9.17,6.79,7.46,11.25,11.63
2068-04-14,15.25,10.96,16.17,7.79,11.04,8.96,11.75,10.67,9.21,8.21,11.5,14.83
2068-04-15,16.08,14.25,10.63,8.75,14.37,9.71,11.17,12.96,9.96,10.29,13.67,18.38
2068-04-16,16.29,14.46,11.96,9.42,14.54,10.41,11.0,13.37,9.29,10.54,14.46,27.12
2068-04-17,20.91,17.83,18.66,15.75,20.3,17.16,14.29,17.58,14.17,14.79,18.91,24.67
2068-04-18,18.34,19.33,13.96,13.67,20.67,13.67,11.46,16.46,13.04,14.09,18.88,20.83
2068-04-19,15.04,14.29,14.92,10.37,13.83,10.54,10.58,10.63,9.29,11.12,13.62,14.54
2068-04-20,11.21,12.29,9.59,08.08,11.5,09.04,8.38,9.17,7.29,7.96,13.42,8.83
2068-04-21,5.83,8.42,8.92,3.83,8.38,2.79,3.17,5.41,1.5,1.92,3.46,7.54
2068-04-22,16.92,13.62,13.62,12.17,16.08,12.83,7.96,11.87,10.54,12.21,15.54,15.09
2068-04-23,9.42,6.58,11.46,7.12,12.04,7.38,7.58,09.08,5.75,8.71,9.0,11.71
2068-04-24,5.96,11.25,6.34,4.12,8.46,04.04,6.17,5.79,2.75,4.96,13.42,08.08
2068-04-25,13.54,18.34,10.04,10.5,17.08,12.67,5.66,12.87,10.41,11.46,16.92,15.92
2068-04-26,17.83,14.71,16.83,12.83,19.0,13.88,12.62,11.67,13.83,14.17,18.54,23.33
2068-04-27,10.58,6.75,9.75,7.87,10.75,8.79,8.17,6.87,8.63,11.08,7.46,18.96
2068-04-28,9.79,5.79,9.38,5.79,10.13,6.38,9.29,6.0,5.17,7.29,7.0,12.71
2068-04-29,8.21,3.79,5.63,2.75,8.83,2.42,4.17,5.25,2.58,4.38,08.04,13.79
2068-04-30,12.83,08.04,7.75,6.42,10.04,4.75,6.21,8.75,3.83,7.21,11.92,09.08
2068-05-01,6.96,6.0,6.25,3.88,9.0,3.63,3.88,5.66,0.67,2.46,8.87,5.5
2068-05-02,9.79,6.34,6.17,2.29,8.21,1.46,3.17,5.79,1.17,3.13,13.29,12.62
2068-05-03,10.83,8.21,8.71,5.88,9.75,5.25,6.96,5.13,6.46,6.38,8.21,10.08
2068-05-04,10.13,13.33,6.21,3.83,9.62,2.0,3.63,8.17,2.67,4.29,17.96,11.58
2068-05-05,15.46,17.67,8.0,6.5,14.5,6.42,6.92,13.37,6.13,7.62,26.12,28.75
2068-05-06,25.8,17.67,19.46,14.29,18.29,13.13,15.96,13.46,14.0,16.08,19.67,26.34
2068-05-07,14.09,10.88,11.21,6.54,9.75,4.29,7.33,5.37,4.96,3.63,11.42,09.08
2068-05-08,16.46,14.88,24.08,10.96,11.96,8.54,13.5,10.83,8.12,7.17,15.87,14.12
2068-05-09,12.83,13.79,13.33,7.41,15.0,7.79,9.96,10.5,7.38,10.41,18.91,18.29
2068-05-10,17.41,17.25,13.96,9.96,19.67,11.42,16.25,13.96,13.54,10.34,17.16,14.67
2068-05-11,20.08,13.25,12.21,12.04,15.04,10.41,12.0,13.59,11.17,12.96,18.75,19.08
2068-05-12,16.5,12.58,14.75,07.04,10.88,7.46,11.83,9.25,9.17,8.5,13.08,18.38
2068-05-13,5.75,4.54,8.21,2.88,5.58,02.08,5.58,4.0,3.46,5.79,8.75,14.42
2068-05-14,8.71,9.21,11.08,4.21,10.21,5.79,6.92,9.38,5.96,4.83,14.58,10.54
2068-05-15,13.0,8.42,11.08,9.62,14.0,10.63,16.58,13.33,12.83,11.29,14.71,19.62
2068-05-16,11.63,6.96,08.04,7.87,10.0,5.21,8.79,6.5,6.38,08.08,6.34,11.87
2068-05-17,9.83,6.0,7.41,4.29,9.17,4.0,4.46,6.54,3.67,4.5,10.54,10.71
2068-05-18,7.17,8.71,16.0,5.17,6.75,2.33,5.37,6.17,3.29,2.46,9.0,8.33
2068-05-19,06.04,3.92,07.04,1.79,6.13,2.0,3.33,06.04,1.75,5.41,9.96,11.54
2068-05-20,10.34,6.21,6.17,5.88,7.87,04.04,5.29,6.75,4.75,5.88,9.75,12.96
2068-05-21,5.58,4.25,5.75,2.54,4.71,0.54,3.92,2.54,2.0,2.75,6.46,7.17
2068-05-22,4.12,5.5,8.83,1.79,5.91,2.58,4.12,6.0,4.25,4.33,5.13,10.79
2068-05-23,11.92,14.46,09.08,5.21,14.42,6.71,05.04,8.87,4.92,7.41,11.58,15.46
2068-05-24,15.16,13.37,15.67,8.71,17.04,12.92,10.08,13.83,10.21,12.46,16.29,19.62
2068-05-25,6.58,4.33,7.41,3.58,5.91,01.08,3.46,05.04,1.92,4.12,6.79,17.37
2068-05-26,8.63,7.5,7.83,4.38,5.83,2.79,3.67,3.0,1.5,2.75,8.25,15.29
2068-05-27,5.33,3.63,7.96,2.54,5.46,1.38,3.29,04.04,1.21,1.67,4.63,6.58
2068-05-28,5.17,5.96,4.5,3.42,5.83,1.63,3.0,04.04,0.96,2.21,11.21,2.67
2068-05-29,4.38,9.83,5.13,3.17,8.54,1.75,4.25,3.83,1.13,3.0,10.58,05.04
2068-05-30,8.5,14.79,5.96,7.71,13.79,8.42,4.63,10.17,6.67,10.13,16.88,15.12
2068-05-31,8.54,10.88,5.33,8.5,7.5,7.79,03.04,09.04,6.92,9.71,18.16,13.13
2068-06-01,8.33,10.17,4.33,5.75,10.04,4.46,4.96,8.46,3.88,5.41,13.67,11.5
2068-06-02,15.54,7.79,7.29,6.46,9.62,3.75,4.54,6.29,3.71,4.29,4.58,04.08
2068-06-03,10.96,9.83,08.08,05.04,8.46,3.58,3.29,6.29,3.83,3.13,14.46,5.0
2068-06-04,9.96,10.25,7.71,5.88,12.67,6.54,7.83,9.33,7.33,07.08,17.04,15.67
2068-06-05,6.58,8.92,6.21,4.38,11.0,6.13,6.13,7.5,6.87,6.63,17.67,17.62
2068-06-06,10.0,10.79,8.0,7.5,13.29,7.92,11.08,10.0,9.5,7.25,16.17,19.0
2068-06-07,6.38,10.29,8.17,5.96,8.71,4.46,6.5,4.63,3.5,2.46,9.5,11.29
2068-06-08,4.71,6.63,4.17,3.67,8.67,04.04,3.54,06.08,3.13,4.38,9.83,6.0
2068-06-09,3.92,3.17,3.33,1.38,5.91,0.75,2.96,3.29,0.67,0.87,7.12,6.5
2068-06-10,3.79,6.38,1.87,3.37,5.5,03.08,1.87,3.46,2.33,02.04,03.08,7.71
2068-06-11,4.54,6.63,05.04,3.71,03.08,1.92,4.67,2.71,4.0,5.0,4.58,5.88
2068-06-12,3.88,3.63,3.17,2.42,5.58,1.96,3.67,3.58,1.96,3.5,7.87,7.33
2068-06-13,4.25,2.17,9.75,2.58,5.96,2.5,3.33,2.88,3.25,2.37,5.88,3.63
2068-06-14,5.79,4.83,16.88,6.5,07.04,02.04,5.33,6.63,2.46,2.13,11.58,8.25
2068-06-15,6.34,2.37,11.12,5.91,7.0,2.0,3.42,3.63,2.54,2.13,12.08,7.0
2068-06-16,4.92,6.96,5.33,3.79,5.33,2.96,3.13,5.0,1.75,3.54,10.71,7.79
2068-06-17,6.75,8.54,8.38,3.29,6.34,2.17,5.13,7.54,1.83,4.5,16.29,4.83
2068-06-18,6.25,6.17,8.12,4.29,10.75,3.79,5.96,5.46,4.46,3.75,12.12,11.46
2068-06-19,9.75,9.13,8.33,05.04,12.38,4.38,5.41,6.87,4.46,3.88,12.0,8.46
2068-06-20,10.88,12.62,09.04,7.17,14.17,7.25,9.38,9.21,7.54,7.0,13.5,13.59
2068-06-21,10.29,10.08,12.21,8.46,13.13,6.17,10.41,7.54,7.58,5.29,11.42,14.75
2068-06-22,7.92,9.5,7.71,6.83,11.25,5.46,6.0,07.08,4.46,4.12,14.33,10.96
2068-06-23,17.0,12.62,11.54,11.79,17.54,11.38,13.75,12.04,11.96,10.29,17.83,17.04
2068-06-24,9.0,9.96,8.83,5.88,9.5,5.79,8.0,07.04,5.33,6.75,10.17,14.25
2068-06-25,18.75,16.21,18.08,11.58,19.41,10.25,11.75,12.08,11.87,10.63,17.54,16.75
2068-06-26,10.37,8.0,10.5,7.41,8.46,4.29,7.12,6.21,4.5,5.13,10.04,15.5
2068-06-27,8.75,5.75,7.83,5.13,7.54,2.54,5.37,5.88,2.58,5.66,8.33,7.46
2068-06-28,10.63,08.08,11.04,4.5,09.08,3.54,8.21,9.0,7.41,5.46,13.0,11.17
2068-06-29,12.0,16.25,12.96,9.75,16.08,9.75,9.13,11.67,9.79,9.59,18.96,15.79
2068-06-30,13.54,15.09,13.62,10.29,16.04,11.67,12.0,12.79,11.71,12.83,24.71,19.04
2068-07-01,7.17,5.29,8.29,03.04,8.42,3.42,2.71,6.42,3.29,4.92,14.75,8.29
2068-07-02,18.54,11.34,13.62,10.46,16.13,9.75,12.38,10.5,12.08,13.25,14.62,20.17
2068-07-03,11.0,09.08,10.92,7.92,15.5,10.46,15.67,10.96,14.25,11.96,16.42,20.75
2068-07-04,6.58,3.5,8.46,04.04,10.0,4.67,7.96,6.58,7.41,6.25,9.42,17.92
2068-07-05,2.71,2.75,3.92,1.92,4.46,0.5,3.13,1.63,1.29,1.63,4.75,9.62
2068-07-06,3.33,1.17,3.54,1.29,3.88,01.04,2.42,3.29,2.92,1.71,6.92,6.34
2068-07-07,7.58,8.5,11.08,2.46,8.92,4.21,4.12,7.62,03.08,2.25,13.7,10.83
2068-07-08,4.75,6.54,8.75,3.42,7.0,1.63,3.79,04.04,3.25,2.33,6.13,6.87
2068-07-09,4.92,3.29,3.92,1.87,3.96,0.29,3.46,3.71,1.29,0.87,10.67,7.75
2068-07-10,5.83,8.25,17.58,07.04,9.29,5.63,10.17,8.46,6.75,5.75,13.92,11.34
2068-07-11,13.13,8.29,10.0,07.08,10.29,5.5,6.67,5.75,6.96,5.96,9.46,9.17
2068-07-12,3.75,5.41,4.25,2.13,4.83,1.38,5.25,3.13,1.67,2.5,7.83,07.08
2068-07-13,11.79,10.79,9.67,6.83,11.96,6.34,08.08,7.21,7.62,4.63,13.59,11.67
2068-07-14,12.58,15.09,12.08,9.33,15.09,8.96,12.12,12.62,10.41,11.5,16.58,13.79
2068-07-15,13.17,08.04,8.96,9.5,11.08,8.0,11.08,8.21,9.71,9.29,10.37,10.88
2068-07-16,14.0,9.54,8.46,7.17,10.79,6.87,10.04,8.38,8.21,9.87,13.67,18.05
2068-07-17,8.87,4.25,7.96,4.12,4.96,1.67,4.58,4.75,5.0,4.42,7.62,11.96
2068-07-18,7.67,4.17,5.17,2.67,3.46,0.96,2.46,2.29,2.13,0.67,8.17,6.5
2068-07-19,5.54,4.25,04.08,3.5,6.54,3.67,5.37,5.83,4.5,3.75,9.67,11.0
2068-07-20,5.25,2.88,3.71,2.79,5.88,1.87,4.46,2.58,3.13,2.71,08.04,12.87
2068-07-21,4.92,2.13,5.71,2.29,3.63,0.25,2.83,2.0,1.17,0.37,4.71,6.71
2068-07-22,7.46,4.88,7.12,5.41,8.21,4.54,8.87,5.58,7.38,5.54,10.13,14.29
2068-07-23,8.83,6.87,13.59,6.71,8.83,5.25,07.04,7.46,6.21,8.58,11.92,13.42
2068-07-24,5.66,3.37,6.63,4.38,4.92,2.0,2.42,1.92,1.79,3.75,6.34,8.5
2068-07-25,3.46,2.42,3.42,2.54,4.0,1.54,2.25,1.75,01.04,1.33,6.96,05.04
2068-07-26,3.71,2.46,5.13,2.92,5.75,1.0,4.54,3.17,1.87,2.54,4.38,6.75
2068-07-27,2.92,3.13,2.54,1.87,4.83,1.0,2.13,03.08,2.21,1.5,04.08,3.5
2068-07-28,05.09,02.08,15.16,3.21,4.38,1.96,03.04,3.42,2.37,2.29,5.79,6.67
2068-07-29,5.58,3.75,10.34,2.92,3.92,2.21,5.96,4.0,5.58,03.08,3.46,9.13
2068-07-30,2.79,5.63,08.08,1.63,5.71,0.75,2.96,1.13,02.08,01.04,08.08,3.92
2068-07-31,4.58,7.58,9.71,3.5,6.63,0.92,2.37,4.67,1.54,0.67,10.96,4.0
2068-08-01,4.33,2.0,10.88,3.92,06.08,1.42,3.63,1.92,2.88,1.38,7.5,3.37
2068-08-02,3.88,2.37,06.04,2.46,3.75,1.38,2.58,2.21,1.75,1.58,9.13,5.54
2068-08-03,3.5,1.71,5.83,2.5,3.25,01.04,2.42,2.25,3.37,1.67,5.13,5.58
2068-08-04,3.63,0.71,11.38,2.62,3.67,1.96,2.71,1.79,2.88,1.58,4.42,7.29
2068-08-05,4.79,2.88,14.17,4.75,4.21,3.42,6.13,2.92,5.29,2.42,8.0,8.12
2068-08-06,6.42,4.92,18.54,5.33,6.75,4.75,07.04,2.33,5.13,3.21,8.63,4.29
2068-08-07,9.5,4.25,20.83,7.54,8.54,4.33,7.87,5.5,5.29,3.58,10.0,5.63
2068-08-08,8.25,5.63,20.67,7.62,7.0,2.54,8.83,06.04,4.46,3.25,13.67,5.46
2068-08-09,6.0,4.75,21.62,7.12,7.46,3.0,7.38,3.79,4.96,2.54,10.67,03.04
2068-08-10,5.91,2.83,9.71,4.33,5.41,1.67,2.83,4.12,2.92,1.54,6.75,5.83
2068-08-11,7.54,4.46,6.5,2.21,03.08,1.75,5.29,1.96,2.42,1.17,6.21,5.54
2068-08-12,14.5,10.34,11.87,6.42,12.58,6.75,5.96,7.41,5.66,4.42,10.21,11.04
2068-08-13,17.12,16.04,11.46,11.92,19.38,13.33,13.33,16.29,14.33,8.63,19.17,12.12
2068-08-14,18.66,11.42,13.62,11.21,16.83,10.46,10.37,10.83,11.12,8.83,10.58,12.33
2068-08-15,13.75,9.79,10.13,6.13,13.42,5.46,6.46,6.83,07.04,4.5,7.83,10.88
2068-08-16,6.5,6.42,6.21,3.21,6.96,2.33,4.88,3.67,2.62,1.92,6.13,6.71
2068-08-17,11.25,9.83,8.67,6.67,10.58,5.91,7.41,8.21,6.71,4.38,10.92,13.79
2068-08-18,9.33,06.04,8.0,3.96,8.42,4.42,9.33,6.34,7.0,6.21,9.5,12.79
2068-08-19,18.34,18.84,16.79,9.21,14.29,9.33,10.46,12.25,9.33,8.42,18.46,16.25
2068-08-20,13.08,13.13,12.87,6.71,12.79,7.92,10.0,13.67,9.25,10.46,19.38,18.58
2068-08-21,11.29,16.5,12.08,8.83,13.88,9.25,6.38,12.17,8.96,11.58,23.38,18.29
2068-08-22,12.54,8.0,11.08,10.29,9.54,7.87,06.08,10.08,9.0,9.67,16.21,15.0
2068-08-23,10.71,5.25,8.17,5.37,6.96,2.25,4.46,4.33,3.21,4.21,5.41,7.41
2068-08-24,09.04,07.04,18.75,7.17,7.46,4.12,8.46,06.08,6.38,4.75,9.13,7.38
2068-08-25,9.62,1.83,16.92,4.96,6.54,5.83,7.25,6.75,6.34,3.46,7.46,8.92
2068-08-26,7.46,4.17,19.08,4.79,7.96,5.21,7.46,6.5,6.71,4.96,7.71,11.25
2068-08-27,4.46,3.96,19.92,6.38,6.96,4.25,6.25,4.21,4.67,4.17,8.75,6.21
2068-08-28,6.0,4.83,15.75,7.41,10.34,2.62,5.13,7.46,04.08,2.96,14.04,10.96
2068-08-29,8.21,5.0,19.33,06.04,9.0,2.37,6.0,5.21,2.96,2.42,10.25,10.37
2068-08-30,10.17,9.0,9.29,5.83,11.54,6.42,8.54,08.08,7.38,8.33,16.13,17.88
2068-08-31,10.41,09.04,9.17,5.41,12.96,6.54,8.42,8.12,8.25,8.54,13.83,16.54
2068-09-01,5.41,3.46,7.46,03.08,6.42,2.17,4.0,3.96,02.04,03.04,7.41,7.67
2068-09-02,5.17,3.46,5.29,3.25,5.58,2.29,6.42,2.46,4.0,4.63,5.5,6.71
2068-09-03,12.67,4.25,4.5,4.0,9.71,3.83,7.38,7.38,7.33,7.54,10.96,16.21
2068-09-04,8.92,10.34,6.79,3.88,7.96,03.04,5.5,4.83,4.71,04.08,8.38,8.79
2068-09-05,15.04,12.21,13.42,8.83,13.33,6.71,10.41,10.67,7.83,10.04,16.54,17.04
2068-09-06,3.25,07.08,3.42,1.54,6.29,2.5,5.75,5.75,03.08,3.33,11.71,8.75
2068-09-07,13.92,14.96,8.42,5.96,14.92,7.62,7.38,11.17,7.79,9.71,15.67,16.79
2068-09-08,8.5,5.25,11.96,08.08,6.87,6.58,10.13,5.88,8.58,8.0,10.17,15.83
2068-09-09,15.0,16.71,15.54,12.54,18.38,12.92,13.42,13.59,15.04,15.09,18.0,23.79
2068-09-10,11.38,13.83,8.67,6.79,12.67,6.46,4.92,10.63,7.5,9.59,18.41,16.29
2068-09-11,5.21,7.54,6.83,1.67,6.17,2.33,3.46,4.63,2.37,2.62,11.12,9.54
2068-09-12,3.42,2.58,5.46,1.38,6.17,02.04,2.46,1.92,0.46,0.58,5.21,6.42
2068-09-13,3.83,4.96,4.21,1.58,4.21,01.04,1.42,2.83,1.21,1.96,4.67,10.17
2068-09-14,13.17,11.25,22.71,9.62,12.79,8.29,11.04,9.83,8.67,8.96,14.0,14.54
2068-09-15,14.62,12.29,31.63,10.21,10.29,6.34,14.96,10.08,9.13,9.59,13.7,17.25
2068-09-16,14.79,8.83,22.54,8.83,8.54,3.88,10.79,6.5,7.54,7.12,10.0,6.42
2068-09-17,6.34,03.08,14.92,3.58,2.96,1.46,4.17,2.21,3.92,2.21,4.42,6.79
2068-09-18,13.29,15.0,9.83,05.09,12.54,6.63,5.13,9.67,5.75,07.04,13.04,12.54
2068-09-19,14.46,7.62,16.5,8.87,11.46,10.21,13.29,9.25,8.96,10.34,11.67,17.96
2068-09-20,22.88,19.67,17.25,13.42,17.79,10.83,18.75,12.54,13.04,9.29,13.96,16.04
2068-09-21,12.38,8.42,9.42,7.29,12.83,6.54,13.59,8.38,9.79,5.91,9.96,9.79
2068-09-22,15.21,15.16,11.04,5.46,12.46,6.79,8.29,8.21,07.04,6.29,13.96,7.96
2068-09-23,16.08,21.25,12.04,8.75,19.17,9.5,14.37,11.67,11.21,8.83,18.05,10.63
2068-09-24,11.67,9.83,6.34,06.08,12.08,4.71,8.96,7.92,7.79,4.17,11.63,9.46
2068-09-25,14.04,11.96,12.46,5.71,11.87,7.79,8.0,09.08,7.58,8.12,12.92,13.88
2068-09-26,10.0,11.21,9.38,6.17,11.54,7.21,9.67,8.42,7.71,07.08,13.75,15.25
2068-09-27,25.41,23.45,20.54,14.0,21.21,14.54,16.92,17.12,14.58,17.5,27.58,24.5
2068-09-28,18.05,19.38,17.58,11.5,18.84,10.92,17.33,14.58,15.41,13.37,21.29,21.46
2068-09-29,15.46,14.96,11.67,9.67,16.96,9.29,13.54,12.5,11.0,11.08,17.58,18.63
2068-09-30,14.54,14.83,12.42,9.75,19.55,10.46,12.83,11.46,12.38,10.41,15.75,20.41
2068-10-01,14.25,16.79,16.0,8.38,17.79,10.67,17.33,16.21,15.12,14.12,23.83,20.46
2068-10-02,14.83,14.75,15.75,7.25,10.79,7.62,14.0,10.71,10.79,9.0,13.29,15.63
2068-10-03,10.71,11.34,12.83,05.04,07.08,3.5,5.46,9.46,5.71,6.34,10.21,5.21
2068-10-04,13.33,15.34,9.79,7.87,12.62,6.79,4.79,9.87,8.17,8.38,11.08,13.29
2068-10-05,6.25,8.96,8.38,3.83,6.67,3.42,02.04,4.75,4.83,3.75,9.79,7.67
2068-10-06,2.37,5.46,4.54,0.92,02.08,0.33,4.46,0.33,0.92,1.87,3.13,7.87
2068-10-07,4.0,3.46,2.37,0.71,3.96,0.63,1.75,1.54,0.71,1.33,04.08,10.34
2068-10-08,7.92,5.83,12.46,2.67,4.0,1.13,3.21,5.5,02.08,2.54,9.33,7.17
2068-10-09,17.29,15.09,15.0,8.67,12.5,7.87,8.17,11.08,9.38,12.04,17.37,19.12
2068-10-10,18.46,15.96,16.42,9.79,14.75,9.42,12.58,11.83,10.88,11.04,19.92,19.04
2068-10-11,24.83,22.83,21.17,14.0,21.42,13.67,14.42,20.91,15.21,19.17,33.21,27.58
2068-10-12,24.92,22.67,20.17,14.62,27.04,17.5,20.41,20.96,19.55,20.12,34.54,34.46
2068-10-13,15.16,11.79,12.08,7.92,16.29,9.17,16.46,11.54,11.87,10.75,19.87,27.67
2068-10-14,5.5,8.0,5.54,3.96,9.96,5.25,9.71,6.71,6.63,5.25,12.58,17.08
2068-10-15,13.7,15.09,10.54,6.13,15.37,7.21,11.08,11.42,10.34,10.21,21.75,23.16
2068-10-16,11.67,9.46,8.75,6.5,12.92,7.12,12.08,12.46,10.71,9.96,17.62,27.16
2068-10-17,9.62,11.08,7.46,3.67,9.92,5.54,7.62,6.96,6.38,3.13,8.96,12.79
2068-10-18,15.63,17.5,16.08,9.54,17.88,12.83,15.59,15.87,11.96,14.54,21.5,26.96
2068-10-19,19.41,16.54,20.46,14.17,16.46,10.46,13.88,11.75,14.04,15.37,21.09,21.17
2068-10-20,9.87,11.04,9.46,4.75,9.13,6.87,7.5,12.04,7.46,10.96,23.16,18.84
2068-10-21,6.25,5.83,2.17,2.0,06.08,3.0,03.04,5.0,2.83,2.79,06.08,9.13
2068-10-22,5.66,10.04,3.58,3.58,8.67,2.79,1.21,4.75,3.25,2.54,8.92,9.46
2068-10-23,14.37,19.5,9.92,7.67,14.67,9.79,8.96,9.17,7.54,4.88,13.17,11.0
2068-10-24,11.71,7.96,13.46,4.38,7.83,3.71,06.04,7.41,6.25,3.83,10.25,9.67
2068-10-25,05.04,1.58,5.29,01.04,4.5,0.37,1.13,2.21,2.0,1.71,5.83,7.71
2068-10-26,12.21,10.21,8.58,6.17,9.29,5.54,3.54,7.12,5.63,5.29,9.0,12.46
2068-10-27,11.83,8.87,11.87,5.88,10.54,5.37,4.63,6.46,6.67,5.63,8.92,12.17
2068-10-28,18.29,12.87,15.0,7.96,13.37,8.79,9.29,11.87,11.34,14.04,16.38,16.54
2068-10-29,16.33,13.62,12.58,6.96,12.21,6.79,09.04,10.0,9.38,10.13,16.25,16.13
2068-10-30,15.63,9.96,11.96,9.0,11.42,7.96,6.42,07.08,9.75,11.21,8.38,15.34
2068-10-31,11.12,5.0,8.63,4.42,5.63,02.08,3.25,10.0,3.79,7.58,21.54,25.75
2068-11-01,13.7,16.5,11.29,5.5,13.33,5.29,8.92,23.58,11.46,21.75,35.3,37.59
2068-11-02,17.75,21.21,26.34,12.96,19.25,12.79,20.33,16.33,14.58,16.13,24.3,27.92
2068-11-03,11.42,6.63,18.21,6.5,06.04,1.0,9.59,4.54,4.83,4.63,08.08,15.12
2068-11-04,15.83,18.96,12.04,4.67,12.62,7.0,6.38,10.29,4.92,7.75,14.54,12.5
2068-11-05,21.34,21.54,19.55,11.0,17.83,12.83,15.12,12.96,10.79,14.62,18.71,21.17
2068-11-06,23.29,21.04,21.37,7.92,21.25,10.92,16.75,14.29,10.96,12.04,16.54,23.87
2068-11-07,12.75,15.83,15.92,6.0,14.0,7.54,17.67,13.13,10.58,11.17,16.0,31.25
2068-11-08,10.92,9.87,12.12,3.88,10.29,5.88,9.71,9.92,7.58,7.83,12.87,17.75
2068-11-09,19.5,18.5,14.62,7.62,17.71,14.88,9.87,15.63,10.63,11.0,18.88,21.25
2068-11-10,17.67,12.87,17.79,11.87,14.33,13.37,17.96,11.46,14.5,18.41,13.75,29.58
2068-11-11,16.71,17.08,13.13,7.41,12.67,8.87,7.38,12.0,8.75,10.92,15.96,18.08
2068-11-12,23.79,26.25,23.79,15.92,26.08,16.0,17.75,19.55,18.0,19.29,24.3,30.25
2068-11-13,11.46,7.58,19.0,8.46,11.5,13.13,16.33,11.63,10.25,11.5,13.33,22.79
2068-11-14,21.17,21.34,20.21,10.34,20.79,12.46,14.12,14.37,12.58,12.33,15.83,23.33
2068-11-15,22.37,22.34,18.46,9.17,20.25,12.67,12.58,14.5,12.25,15.29,15.75,23.04
2068-11-16,11.75,10.75,8.92,2.33,12.83,4.42,04.04,7.0,3.33,5.83,10.58,19.0
2068-11-17,6.25,10.41,5.25,1.63,9.71,2.79,3.83,7.38,1.96,3.67,8.54,10.96
2068-11-18,8.38,12.38,3.75,1.25,10.71,03.04,1.54,7.92,2.88,2.62,9.25,10.21
2068-11-19,16.46,16.08,13.75,8.12,15.87,12.71,09.08,13.79,10.46,10.54,16.17,17.88
2068-11-20,9.75,12.08,12.96,5.54,7.21,4.25,11.96,06.04,5.46,7.62,09.04,15.63
2068-11-21,19.58,8.75,18.66,12.21,11.83,11.21,10.88,7.29,14.0,15.16,17.67,21.34
2068-11-22,12.83,11.54,13.5,5.75,9.29,6.54,10.08,8.0,8.79,10.37,15.37,14.71
2068-11-23,13.29,13.62,12.67,5.71,12.25,5.66,12.38,8.38,10.17,11.5,16.92,20.91
2068-11-24,13.29,15.87,10.25,5.91,12.54,6.13,11.83,9.62,8.79,11.67,19.38,21.17
2068-11-25,19.29,19.95,18.29,12.5,18.71,10.88,14.09,17.12,13.13,18.25,28.46,28.21
2068-11-26,4.12,3.96,7.25,0.96,6.87,2.37,04.04,6.13,3.96,5.33,13.13,18.63
2068-11-27,8.42,9.83,8.25,2.96,7.92,3.0,5.5,7.75,6.25,07.04,11.58,12.54
2068-11-28,12.17,08.04,8.58,2.42,4.58,3.92,05.09,7.96,5.63,6.83,12.5,10.34
2068-11-29,12.33,7.17,15.41,4.83,6.79,6.21,10.92,10.25,10.54,8.5,12.33,17.37
2068-11-30,10.54,9.75,11.34,3.5,6.34,2.5,8.67,7.62,7.25,7.46,9.5,15.0
2068-12-01,15.29,14.58,14.0,6.29,12.62,7.96,12.42,10.71,9.67,10.67,12.96,22.95
2068-12-02,12.0,9.96,14.25,8.75,9.67,7.67,10.04,09.04,10.92,12.0,9.87,20.88
2068-12-03,14.71,10.29,16.54,10.54,10.67,7.0,11.63,10.5,10.0,13.88,14.79,19.5
2068-12-04,1.21,9.59,5.25,0.46,6.79,1.29,1.63,4.5,1.79,3.42,12.33,10.63
2068-12-05,10.63,13.54,16.33,7.29,8.46,5.29,8.29,6.17,7.5,7.29,8.83,10.79
2068-12-06,17.08,16.25,15.16,6.63,13.83,8.96,8.96,9.46,06.04,8.71,10.13,16.21
2068-12-07,9.25,7.5,12.75,2.33,6.75,01.04,6.46,2.75,03.04,5.41,7.29,11.38
2068-12-08,3.92,4.46,10.34,4.12,4.79,2.96,5.83,03.08,4.58,6.21,9.29,14.58
2068-12-09,7.96,12.12,13.04,4.63,9.5,6.5,10.63,9.29,9.62,13.25,13.33,22.63
2068-12-10,5.91,6.71,9.83,2.71,7.21,2.75,6.71,6.17,5.91,5.91,7.83,12.33
2068-12-11,1.96,5.83,6.29,0.75,4.17,1.87,2.29,2.42,0.75,1.33,09.08,9.96
2068-12-12,15.59,13.96,14.75,9.67,12.12,10.25,7.5,11.08,11.96,14.09,18.16,26.58
2068-12-13,21.46,11.63,19.5,6.96,5.91,2.62,12.04,2.71,07.04,9.13,6.13,6.79
2068-12-14,13.37,13.04,6.5,3.13,9.29,3.75,1.96,7.58,4.25,5.5,11.42,17.25
2068-12-15,11.54,12.21,9.59,5.83,10.83,6.34,10.29,5.54,7.83,12.46,12.42,20.38
2068-12-16,14.5,9.87,9.54,3.75,11.42,5.88,4.5,7.17,6.38,5.41,11.75,8.83
2068-12-17,19.75,17.12,13.62,10.79,15.63,10.92,20.88,15.16,15.37,18.12,18.29,26.2
2068-12-18,22.08,16.29,27.54,13.37,13.59,9.92,17.37,9.62,12.42,14.79,12.58,24.67
2068-12-19,15.96,9.42,13.25,5.46,9.33,5.75,6.87,8.29,7.46,9.79,15.54,20.17
2068-12-20,15.75,8.87,13.08,5.54,6.92,3.88,7.5,02.04,06.04,5.66,9.29,16.71
2068-12-21,17.12,17.37,13.83,8.63,12.96,9.21,9.42,10.67,9.54,10.71,14.09,17.54
2068-12-22,28.71,29.38,22.67,17.46,28.04,16.21,24.62,21.09,20.54,22.34,30.84,30.71
2068-12-23,8.17,7.71,6.17,3.21,7.0,2.88,9.25,4.38,6.87,7.0,9.62,20.33
2068-12-24,13.59,18.0,9.83,3.42,13.46,5.91,9.42,8.79,08.08,7.29,13.0,19.17
2068-12-25,10.88,12.54,11.29,5.75,10.0,04.08,9.59,08.04,7.67,8.87,10.21,20.21
2068-12-26,9.54,10.0,15.21,5.33,4.63,0.46,7.83,3.29,5.0,4.67,6.83,22.75
2068-12-27,12.21,3.96,15.71,5.83,6.67,3.42,9.87,5.46,7.21,8.29,12.12,25.0
2068-12-28,16.96,7.75,18.0,7.79,9.17,5.88,10.46,4.25,9.25,09.08,18.58,30.16
2068-12-29,16.62,5.96,16.88,5.0,8.83,5.41,10.83,5.54,10.88,10.0,13.08,26.25
2068-12-30,12.96,07.08,12.25,4.25,5.63,2.25,7.58,4.12,7.54,8.67,8.17,19.04
2068-12-31,9.13,2.13,7.38,2.5,04.04,0.5,6.83,2.54,3.54,5.5,5.71,12.42
2069-01-01,6.13,1.63,5.41,01.08,2.54,1.0,8.5,2.42,4.58,6.34,9.17,16.71
2069-01-02,2.62,0.54,6.71,2.88,5.63,1.13,7.75,1.87,5.83,5.41,8.17,13.29
2069-01-03,4.17,2.37,6.29,1.67,4.0,2.37,7.96,5.41,05.04,7.25,11.96,16.17
2069-01-04,6.0,6.87,7.67,4.63,9.5,05.04,11.25,6.87,8.58,11.17,16.08,17.25
2069-01-05,10.5,8.38,7.71,3.5,5.41,2.42,7.67,5.37,4.17,5.63,12.17,17.12
2069-01-06,14.25,11.12,19.5,7.17,11.08,05.04,10.63,6.92,7.5,8.92,06.08,12.5
2069-01-07,22.34,18.16,18.21,8.83,15.0,7.25,13.46,13.21,10.96,13.21,17.33,26.54
2069-01-08,11.79,13.46,8.46,5.21,10.71,5.5,8.38,6.13,7.87,8.29,12.62,19.95
2069-01-09,22.25,16.0,20.91,11.29,18.21,13.04,14.92,14.54,13.67,15.75,18.84,26.75
2069-01-10,9.33,3.29,15.21,6.0,5.88,5.25,12.04,3.96,7.67,9.21,06.04,19.21
2069-01-11,13.29,18.5,9.33,3.71,12.62,05.09,4.42,8.38,5.91,5.66,11.0,10.04
2069-01-12,9.71,7.12,14.33,5.75,10.08,06.04,10.29,11.08,10.17,9.83,13.0,27.71
2069-01-13,4.5,1.5,4.63,2.13,3.54,0.42,3.0,0.46,2.54,4.25,2.62,11.46
2069-01-14,11.63,20.38,5.58,3.92,9.38,3.67,6.0,5.25,4.88,4.83,10.58,7.62
2069-01-15,18.91,18.88,12.33,8.79,13.33,09.08,4.12,14.33,06.04,4.75,19.46,7.75
2069-01-16,16.33,13.29,14.04,11.54,15.09,9.96,17.29,12.42,17.08,15.54,18.46,24.25
2069-01-17,25.08,25.17,17.79,10.5,16.96,11.04,14.04,11.83,10.71,13.08,14.37,22.83
2069-01-18,19.17,22.58,14.33,14.46,21.12,11.0,17.12,12.75,15.96,9.71,19.38,9.96
2069-01-19,9.59,13.37,6.75,03.08,8.71,2.58,8.42,4.67,6.34,6.54,10.5,15.87
2069-01-20,18.12,16.21,19.21,8.46,11.96,9.87,12.54,11.92,9.38,11.12,16.62,18.63
2069-01-21,10.25,5.13,11.79,05.04,3.54,3.17,05.04,6.42,2.62,6.92,12.54,12.0
2069-01-22,4.0,6.63,4.79,1.71,2.83,0.33,3.42,1.33,1.25,2.37,3.46,7.46
2069-01-23,11.67,17.08,10.83,6.71,13.25,7.38,3.42,10.67,8.12,8.25,17.41,15.71
2069-01-24,17.41,17.16,12.96,9.17,11.46,8.42,8.92,12.62,8.63,13.79,22.04,18.25
2069-01-25,19.08,20.25,14.83,9.75,15.04,11.25,14.09,15.67,12.29,17.71,21.34,19.62
2069-01-26,20.54,17.41,16.71,13.21,16.17,9.38,12.33,11.58,11.75,14.88,14.92,19.12
2069-01-27,18.29,13.59,15.34,11.12,11.87,7.58,12.46,9.13,9.17,14.04,10.13,14.0
2069-01-28,5.21,3.96,3.83,2.58,4.33,0.33,5.13,2.0,3.92,4.12,4.83,9.13
2069-01-29,9.75,6.54,6.0,6.17,8.87,3.25,9.92,6.63,8.92,8.83,12.58,13.62
2069-01-30,15.16,17.29,12.79,10.58,18.16,11.67,19.55,17.29,16.79,18.58,26.3,31.54
2069-01-31,10.5,11.67,9.25,7.33,11.0,4.17,12.29,6.5,11.38,9.0,15.71,23.63
2069-02-01,18.58,19.79,12.75,10.54,18.05,7.62,15.29,10.21,13.17,12.0,21.84,24.41
2069-02-02,17.08,10.58,14.96,8.46,8.79,4.67,11.5,7.0,9.71,8.83,18.91,25.66
2069-02-03,10.92,9.83,11.21,3.25,7.54,1.38,8.92,5.46,3.83,4.42,14.79,13.21
2069-02-04,5.17,2.54,6.63,2.5,5.17,1.13,6.75,4.83,05.04,5.5,11.04,13.08
2069-02-05,7.5,10.58,5.25,4.58,11.42,6.25,10.79,11.71,8.46,13.62,22.29,23.63
2069-02-06,21.5,18.38,15.5,13.42,20.21,9.13,17.5,12.67,16.25,9.83,22.75,17.5
2069-02-07,20.71,19.0,19.92,13.83,14.04,8.5,16.08,12.25,12.38,12.46,24.62,27.0
2069-02-08,11.46,3.42,11.58,8.38,6.75,4.5,11.71,5.0,9.59,6.42,14.12,21.25
2069-02-09,11.63,1.96,12.12,6.42,5.79,2.5,9.67,3.42,6.71,7.67,9.33,20.12
2069-02-10,12.75,6.17,6.79,2.67,11.58,1.54,8.67,5.91,5.41,4.42,12.54,12.83
2069-02-11,24.75,15.34,14.71,16.25,21.59,11.46,17.58,18.63,18.21,19.33,24.25,25.17
2069-02-12,18.54,14.0,17.33,8.17,13.04,4.58,12.17,8.96,8.83,8.29,14.71,17.83
2069-02-13,13.08,5.0,15.83,6.5,8.29,2.25,08.08,5.46,7.29,5.75,07.04,15.41
2069-02-14,15.71,10.58,12.92,6.46,10.54,4.75,07.08,5.66,08.04,10.25,18.75,20.3
2069-02-15,12.71,08.04,14.17,6.34,6.42,0.87,6.34,4.5,3.63,2.92,6.25,12.92
2069-02-16,13.59,8.38,12.87,3.46,9.54,1.21,4.58,2.79,2.75,04.08,5.88,10.37
2069-02-17,08.04,4.25,6.83,1.33,3.17,0.04,04.08,0.25,0.96,1.96,6.67,12.96
2069-02-18,20.08,14.92,19.41,7.33,12.58,6.21,10.88,8.75,8.42,8.17,10.21,15.75
2069-02-19,27.79,23.58,29.83,17.0,24.25,17.92,27.71,21.92,22.04,17.71,23.67,38.2
2069-02-20,14.37,14.04,32.71,13.62,18.58,13.21,21.67,17.75,16.13,17.88,22.79,33.63
2069-02-21,14.21,15.12,22.92,8.63,18.38,10.13,14.29,15.83,14.04,15.41,20.21,26.25
2069-02-22,14.92,12.75,19.38,10.92,12.04,11.54,17.21,16.38,15.12,14.67,21.67,34.05
2069-02-23,11.12,13.67,9.87,6.34,11.58,8.0,8.25,10.41,8.96,10.5,12.25,18.58
2069-02-24,5.5,4.12,5.29,1.87,6.58,2.42,5.91,8.33,6.5,08.08,11.12,18.38
2069-02-25,0.67,3.58,4.17,0.67,4.88,0.21,01.08,2.79,1.54,5.21,2.54,13.21
2069-02-26,4.5,4.21,11.71,3.25,6.63,3.25,4.92,3.92,5.5,4.21,4.75,8.0
2069-02-27,10.75,7.29,15.75,5.79,8.0,3.5,6.38,6.38,5.71,05.09,7.38,11.58
2069-02-28,10.5,10.83,16.33,7.17,11.38,4.75,12.46,7.75,7.62,9.59,9.0,22.75
2069-03-01,9.0,6.75,13.33,4.42,8.92,04.04,8.67,6.5,7.17,5.66,6.34,9.25
2069-03-02,09.08,7.46,17.62,6.13,7.12,2.92,7.62,4.54,5.29,5.75,4.21,4.75
2069-03-03,10.79,6.83,20.54,7.29,6.34,2.54,6.83,2.5,04.08,3.17,4.92,5.88
2069-03-04,12.58,09.08,22.25,7.62,10.67,06.08,11.21,8.54,8.83,6.92,7.71,7.5
2069-03-05,16.46,7.62,15.29,4.75,8.12,6.17,7.17,7.58,9.92,6.67,9.29,10.17
2069-03-06,7.96,03.04,7.87,2.21,5.13,0.71,2.62,3.46,3.92,3.54,4.83,4.17
2069-03-07,2.92,03.04,4.46,1.67,4.21,0.25,01.08,1.87,0.75,2.46,3.92,7.46
2069-03-08,2.29,7.21,6.17,1.54,05.04,1.42,7.96,4.71,4.25,5.91,9.79,17.71
2069-03-09,9.83,10.41,7.0,4.75,10.34,3.83,9.0,10.34,9.5,8.58,13.33,17.12
2069-03-10,10.13,09.08,12.5,4.92,10.34,3.71,3.92,10.13,7.41,8.58,12.87,20.83
2069-03-11,16.21,11.87,12.54,5.91,12.21,6.38,8.5,13.0,10.75,9.71,15.34,21.67
2069-03-12,9.29,8.92,12.04,7.83,11.21,06.04,11.58,14.79,12.0,13.46,17.04,29.17
2069-03-13,6.0,2.92,14.71,6.92,10.04,6.96,15.34,11.63,11.0,12.17,14.79,33.66
2069-03-14,7.12,3.96,4.0,2.29,08.08,1.71,5.33,6.75,5.13,5.33,11.0,21.46
2069-03-15,13.08,12.92,9.92,05.04,9.0,4.96,5.75,7.83,7.38,06.04,08.08,16.33
2069-03-16,21.12,17.62,18.66,11.25,14.88,9.21,16.17,18.75,16.29,15.71,18.05,30.71
2069-03-17,21.46,15.37,18.58,12.0,14.29,11.54,15.0,18.46,17.79,13.96,17.58,31.58
2069-03-18,9.38,4.5,15.12,11.12,11.67,10.88,14.67,20.0,16.33,14.62,17.0,37.99
2069-03-19,2.92,7.83,5.79,4.42,6.79,3.0,7.33,8.0,7.0,6.5,10.34,19.95
2069-03-20,6.87,11.04,7.71,4.96,8.96,5.5,04.08,6.38,5.58,7.79,10.54,18.84
2069-03-21,16.0,16.38,12.71,7.62,14.92,9.96,9.5,12.5,8.42,10.5,12.75,18.16
2069-03-22,16.25,14.88,17.79,9.0,14.0,9.25,14.92,12.0,12.71,12.08,14.54,19.7
2069-03-23,7.62,5.54,12.83,4.92,6.13,2.62,9.75,4.96,7.38,4.0,7.41,8.33
2069-03-24,3.58,2.83,8.38,05.04,4.58,1.75,07.04,2.75,3.21,4.79,4.92,12.83
2069-03-25,7.41,4.38,15.29,5.46,5.63,1.75,6.5,3.83,3.33,2.75,7.12,4.96
2069-03-26,6.21,3.0,14.46,4.88,4.88,2.33,5.37,2.67,04.08,2.92,4.29,7.83
2069-03-27,8.17,4.63,13.25,4.25,4.12,01.04,5.33,1.96,3.21,02.04,6.17,6.63
2069-03-28,6.34,4.88,5.5,2.67,7.79,2.42,10.54,6.13,6.79,6.79,10.25,13.59
2069-03-29,11.08,10.58,7.67,7.25,14.75,5.96,13.17,9.79,12.08,9.13,13.59,19.25
2069-03-30,12.87,13.5,10.54,9.92,15.83,8.54,14.54,11.83,13.54,11.63,12.38,14.92
2069-03-31,22.34,16.46,16.08,11.83,22.17,9.75,18.5,9.42,14.54,12.67,11.83,16.62
2069-04-01,12.79,9.79,11.34,07.08,09.08,4.33,9.42,7.46,08.04,10.75,8.67,16.54
2069-04-02,5.75,3.46,6.42,3.42,4.5,0.29,5.46,3.29,2.62,2.21,8.67,10.21
2069-04-03,4.17,3.21,03.04,1.63,4.33,0.29,4.96,3.46,1.17,3.17,12.29,11.0
2069-04-04,5.75,2.88,12.29,3.21,4.63,1.17,3.42,1.5,1.58,1.54,5.63,4.63
2069-04-05,11.21,3.79,16.92,5.91,7.29,4.88,7.87,5.33,7.83,5.25,7.5,7.83
2069-04-06,18.66,5.37,18.38,6.21,9.42,7.41,13.75,10.67,13.62,8.92,11.29,14.29
2069-04-07,12.62,1.63,8.17,3.71,6.79,2.58,6.38,5.33,8.17,6.54,6.71,13.08
2069-04-08,7.46,11.83,6.38,6.96,11.63,7.46,05.04,10.17,9.13,10.83,22.08,18.54
2069-04-09,16.29,9.25,16.13,9.71,8.33,5.96,14.37,7.83,8.58,9.59,11.12,13.75
2069-04-10,6.5,5.83,8.38,4.5,6.75,04.08,9.59,7.75,8.87,7.71,10.34,13.0
2069-04-11,22.88,20.62,18.12,12.12,22.88,12.25,17.62,15.12,17.83,11.71,22.5,21.5
2069-04-12,24.75,20.75,16.5,15.0,22.13,12.08,19.04,14.83,17.37,14.29,20.33,27.67
2069-04-13,11.63,6.46,7.96,6.54,11.08,5.0,9.96,7.92,10.04,8.54,9.62,10.17
2069-04-14,13.62,11.17,09.04,11.25,19.79,10.17,14.5,14.88,15.12,11.46,15.37,17.41
2069-04-15,18.16,12.38,11.54,11.83,17.0,9.75,17.16,11.75,16.5,12.08,14.04,17.96
2069-04-16,7.41,6.83,5.83,4.88,6.71,3.13,9.87,3.79,9.13,8.96,7.25,13.83
2069-04-17,08.04,5.83,9.75,03.08,6.34,2.25,3.71,3.37,4.5,2.88,5.5,9.38
2069-04-18,7.83,10.46,11.21,5.63,9.38,4.67,8.67,5.33,7.12,6.29,6.46,13.88
2069-04-19,16.33,14.21,8.71,5.88,14.33,6.25,6.92,8.75,8.54,10.5,11.63,15.92
2069-04-20,15.87,15.59,11.38,6.58,14.29,7.17,7.41,9.79,8.29,8.38,11.92,19.0
2069-04-21,13.33,12.04,15.34,7.71,13.0,7.71,12.83,13.13,10.08,13.17,19.62,32.05
2069-04-22,21.0,13.79,14.75,12.42,17.54,10.13,12.71,12.21,15.29,13.08,17.04,17.25
2069-04-23,10.04,8.21,11.5,7.54,8.96,05.04,8.67,7.83,9.0,8.75,12.71,10.37
2069-04-24,20.08,16.71,16.5,9.5,14.96,7.96,9.25,8.96,8.5,5.75,10.25,6.83
2069-04-25,14.62,13.29,15.75,7.58,15.96,8.12,14.29,11.54,13.62,13.29,15.21,11.42
2069-04-26,9.79,12.92,7.17,4.75,11.71,3.54,4.17,5.88,6.71,6.13,10.83,10.25
2069-04-27,13.83,13.83,9.42,8.12,15.5,6.38,10.25,10.34,13.17,10.25,15.92,15.16
2069-04-28,16.75,13.62,8.0,7.58,13.7,6.25,6.17,8.25,7.75,7.75,12.5,7.38
2069-04-29,6.0,4.25,4.63,3.96,5.63,0.71,4.71,4.46,4.83,6.71,09.04,13.75
2069-04-30,4.58,03.08,4.29,3.83,5.5,0.33,3.33,3.33,03.04,4.63,5.13,9.67
2069-05-01,5.41,2.96,6.21,2.29,3.46,0.63,04.08,1.33,3.29,4.54,6.13,9.54
2069-05-02,13.08,3.75,16.75,5.88,06.04,4.88,11.38,7.96,9.54,9.25,7.92,20.62
2069-05-03,08.08,4.67,5.58,3.79,6.5,2.0,5.71,3.29,3.46,6.5,5.33,27.88
2069-05-04,5.25,6.42,6.25,2.58,3.71,0.33,04.08,1.33,2.88,2.71,3.29,13.33
2069-05-05,6.46,08.08,2.29,1.67,6.79,0.29,2.83,1.96,2.0,05.04,4.88,4.46
2069-05-06,5.13,4.46,7.46,1.71,5.29,0.96,02.04,1.83,1.83,2.29,05.09,16.04
2069-05-07,5.83,5.79,9.71,2.71,7.29,1.33,4.71,4.5,2.13,04.08,10.0,6.79
2069-05-08,04.08,5.96,8.33,04.08,9.13,2.54,6.87,3.96,5.41,4.42,9.87,04.08
2069-05-09,13.13,10.96,11.34,6.79,12.46,6.63,9.42,6.46,9.87,5.83,10.41,10.0
2069-05-10,14.29,13.88,14.96,7.87,13.33,8.46,8.58,11.83,9.79,9.29,15.92,13.88
2069-05-11,08.04,9.83,12.12,3.67,8.21,3.92,2.29,8.0,3.96,4.5,14.88,8.83
2069-05-12,8.42,10.88,6.83,5.0,9.0,5.25,5.66,6.58,5.29,5.46,7.75,10.34
2069-05-13,6.34,5.71,8.87,4.71,6.58,3.96,5.46,5.41,4.21,7.17,11.12,11.29
2069-05-14,09.04,11.54,11.67,6.92,9.79,05.04,7.54,8.54,5.75,6.42,16.08,7.62
2069-05-15,7.0,7.92,7.71,3.88,7.25,3.75,4.21,06.08,2.58,3.63,9.13,5.71
2069-05-16,12.67,7.67,9.38,7.67,11.38,7.96,10.29,7.5,9.75,07.04,9.75,07.08
2069-05-17,12.67,12.75,9.75,6.75,11.58,6.87,6.71,6.17,6.25,8.71,12.08,15.04
2069-05-18,15.09,11.46,11.12,8.58,11.83,9.17,12.46,8.46,10.08,11.96,13.0,19.58
2069-05-19,5.0,5.13,6.21,4.17,6.38,3.17,3.92,1.79,4.42,5.41,06.04,7.75
2069-05-20,7.87,6.63,7.67,3.5,9.83,5.71,1.96,4.46,2.92,2.33,7.83,8.58
2069-05-21,3.54,5.21,5.5,2.75,4.46,1.38,4.17,02.04,1.63,2.13,05.09,5.41
2069-05-22,12.75,8.54,8.58,2.67,8.58,4.71,3.25,4.12,3.63,4.21,5.96,8.42
2069-05-23,15.79,10.96,15.96,7.75,12.5,12.62,7.96,11.38,11.12,10.34,11.83,17.41
2069-05-24,11.17,7.54,9.17,08.08,11.34,10.25,9.96,7.41,11.58,13.29,12.75,21.79
2069-05-25,11.38,7.62,10.13,6.83,8.96,9.42,7.12,6.38,7.5,8.0,8.46,13.42
2069-05-26,8.92,10.13,8.12,4.29,6.0,04.08,5.17,2.88,2.42,3.79,6.38,12.0
2069-05-27,13.7,12.96,8.79,6.5,13.17,10.46,7.62,8.21,8.38,8.75,10.92,13.54
2069-05-28,11.83,8.75,9.54,5.83,10.67,7.71,6.79,4.88,6.96,3.96,09.04,12.96
2069-05-29,5.83,5.13,11.92,6.21,8.12,8.87,8.29,9.38,9.33,6.75,11.67,10.79
2069-05-30,13.62,7.58,12.71,7.58,9.17,8.92,8.42,10.17,9.0,10.58,13.62,11.92
2069-05-31,10.58,5.33,7.62,6.54,8.38,5.88,6.63,04.04,6.17,7.46,07.08,9.54
2069-06-01,4.46,5.13,6.54,2.5,5.17,2.62,4.71,2.17,4.25,4.33,6.13,8.79
2069-06-02,12.83,12.71,11.92,6.34,12.29,10.0,9.62,9.25,9.42,7.46,14.83,11.63
2069-06-03,14.17,7.46,10.63,7.21,11.63,9.59,8.58,8.38,8.25,7.58,11.92,9.54
2069-06-04,6.58,4.67,12.0,2.62,4.25,3.71,3.42,1.71,4.17,3.13,7.12,10.34
2069-06-05,4.96,4.38,7.58,2.62,4.83,6.25,2.96,3.75,3.37,3.5,9.17,9.79
2069-06-06,2.5,4.21,3.67,0.71,2.25,2.67,0.21,04.08,0.5,1.83,13.54,8.21
2069-06-07,2.17,3.79,2.75,2.42,3.67,3.33,4.42,3.5,1.17,2.17,9.62,4.46
2069-06-08,6.46,3.46,8.75,3.25,2.71,3.71,2.88,2.62,4.38,3.33,5.29,2.21
2069-06-09,11.0,3.83,15.71,04.04,05.09,6.46,3.75,3.79,6.34,4.29,9.21,5.71
2069-06-10,12.58,5.33,16.58,5.58,7.29,09.04,6.5,4.75,6.96,03.04,7.58,6.67
2069-06-11,05.04,4.25,11.21,3.88,5.25,5.41,3.29,1.29,4.63,02.04,3.83,3.96
2069-06-12,4.42,2.88,4.12,2.54,4.42,3.63,2.92,2.62,2.79,2.92,6.46,5.33
2069-06-13,9.59,6.96,7.71,3.83,6.0,04.04,3.79,3.92,2.92,2.17,5.79,05.09
2069-06-14,7.92,8.12,8.42,4.0,7.71,6.5,4.63,3.54,7.41,5.96,5.71,14.04
2069-06-15,15.34,15.71,11.92,8.96,12.46,12.54,10.46,08.04,10.54,11.75,11.96,20.67
2069-06-16,21.96,16.83,10.88,9.33,16.5,13.42,10.37,10.46,9.75,9.92,12.87,14.21
2069-06-17,15.79,16.17,13.37,10.37,15.79,14.09,11.29,11.0,11.58,13.46,11.42,18.05
2069-06-18,11.21,14.79,8.87,7.12,14.29,11.96,8.29,8.46,9.79,7.41,16.25,11.96
2069-06-19,14.37,14.96,12.33,8.29,12.42,12.0,13.42,8.83,11.17,9.46,12.46,11.63
2069-06-20,18.34,14.83,12.0,9.25,15.75,13.92,11.04,10.08,12.08,8.5,16.17,13.21
2069-06-21,11.96,11.54,13.37,7.17,12.25,13.13,9.38,6.5,9.42,8.92,8.29,16.83
2069-06-22,9.17,8.5,10.67,5.0,7.67,7.33,4.17,5.66,5.41,5.79,10.25,13.04
2069-06-23,3.46,4.38,5.37,2.71,4.71,3.42,3.63,3.54,1.71,2.92,9.38,9.59
2069-06-24,6.29,6.29,7.17,03.08,6.71,7.0,7.0,4.67,5.33,4.38,10.34,9.87
2069-06-25,9.29,08.08,10.08,4.38,6.71,6.0,5.71,4.21,5.17,3.46,8.17,12.71
2069-06-26,12.62,13.79,13.04,8.63,13.33,11.29,9.83,11.67,11.75,11.38,19.58,21.54
2069-06-27,9.67,7.54,7.75,6.75,10.63,7.92,9.54,9.33,8.92,9.92,15.09,18.21
2069-06-28,4.96,5.5,7.0,3.67,5.5,3.63,5.37,6.17,4.21,4.0,14.33,12.71
2069-06-29,06.04,7.12,8.29,4.0,5.58,4.46,5.96,10.29,5.83,8.38,19.29,14.67
2069-06-30,5.66,8.5,7.83,2.71,7.46,5.46,6.25,9.75,8.71,7.87,15.46,10.92
2069-07-01,7.67,5.21,12.33,4.54,09.08,6.71,7.92,9.25,9.87,7.79,16.54,14.29
2069-07-02,5.54,6.92,4.63,4.58,7.38,4.46,6.0,3.75,6.96,6.79,9.46,13.04
2069-07-03,6.79,4.42,7.38,3.46,5.0,2.83,4.21,4.96,3.92,5.54,14.83,15.46
2069-07-04,10.13,9.83,10.41,5.37,12.38,9.96,12.96,11.79,12.42,12.87,19.08,26.08
2069-07-05,08.08,7.46,5.88,5.75,10.17,7.54,9.17,8.42,9.96,8.71,16.25,20.08
2069-07-06,13.25,9.75,6.29,5.88,12.17,6.5,07.08,08.08,9.5,8.58,14.46,17.0
2069-07-07,17.88,10.25,12.67,9.0,14.42,9.87,12.21,7.75,12.04,10.71,14.17,18.34
2069-07-08,12.62,6.42,8.33,6.83,10.17,7.5,8.17,6.29,8.96,9.75,10.37,16.79
2069-07-09,7.46,4.83,5.17,4.54,8.67,05.04,7.62,4.83,7.79,06.08,10.17,11.38
2069-07-10,7.92,4.29,7.12,5.63,10.67,8.38,12.38,6.13,10.67,8.38,14.29,20.5
2069-07-11,7.38,5.71,6.96,6.83,11.71,8.54,13.92,8.79,12.62,8.46,16.88,24.54
2069-07-12,6.71,3.46,6.83,4.46,7.75,06.04,8.92,4.83,9.67,7.0,14.67,17.75
2069-07-13,04.04,5.33,3.58,2.92,4.33,2.13,6.67,2.37,4.29,3.67,8.75,11.12
2069-07-14,3.88,5.83,3.96,4.5,6.87,7.12,2.42,04.08,5.33,4.63,10.92,8.21
2069-07-15,8.63,6.92,3.13,4.25,7.67,05.04,3.71,3.63,04.08,3.75,5.88,7.62
2069-07-16,11.42,10.34,8.12,6.38,12.12,7.5,9.0,8.5,9.13,8.33,13.04,15.75
2069-07-17,10.37,9.59,9.0,4.75,7.67,4.83,7.87,5.88,8.17,5.71,12.0,18.91
2069-07-18,18.84,18.54,16.29,8.5,14.75,11.42,12.25,13.88,11.87,13.37,24.41,20.04
2069-07-19,12.33,12.5,14.5,7.83,14.21,10.37,16.25,10.21,15.21,12.21,17.46,21.62
2069-07-20,9.13,9.92,10.79,4.83,08.04,6.92,9.59,10.96,10.41,9.0,17.79,17.16
2069-07-21,10.63,12.62,13.21,5.91,8.42,8.5,8.0,11.67,9.13,10.34,19.62,17.58
2069-07-22,12.83,10.21,13.17,6.87,7.21,08.04,10.71,7.5,8.46,9.46,13.96,14.62
2069-07-23,4.5,5.66,6.46,2.37,6.75,4.33,3.5,5.5,5.37,6.63,10.41,12.58
2069-07-24,5.37,6.25,7.21,2.62,2.71,1.71,2.71,2.5,2.21,1.83,8.42,6.46
2069-07-25,11.46,15.67,10.63,8.17,13.5,10.67,7.96,10.37,9.71,11.71,22.37,19.83
2069-07-26,7.17,5.25,8.71,3.37,4.33,02.08,1.5,2.54,2.62,1.96,9.92,5.58
2069-07-27,6.0,10.46,8.0,4.25,8.21,5.5,4.71,5.88,4.54,7.21,15.25,14.88
2069-07-28,11.87,8.83,6.54,04.04,9.42,4.79,3.42,2.71,6.17,4.63,6.58,5.66
2069-07-29,9.96,10.5,9.21,05.04,10.71,5.46,8.42,05.04,7.58,4.5,13.13,13.17
2069-07-30,14.12,17.79,9.54,7.33,13.79,10.04,7.21,11.29,09.08,10.83,21.67,17.67
2069-07-31,11.08,14.54,7.92,07.08,12.79,9.25,07.04,9.38,9.13,10.83,12.83,13.7
2069-08-01,10.13,6.5,4.29,3.33,10.04,5.54,2.5,4.71,3.5,3.92,6.5,10.96
2069-08-02,10.54,6.63,9.0,3.96,6.34,4.92,6.63,3.25,6.96,5.91,8.83,10.25
2069-08-03,14.37,14.83,11.5,5.29,12.33,08.04,8.0,6.96,8.42,8.17,13.7,10.46
2069-08-04,14.37,16.21,13.54,9.59,14.88,11.04,9.59,10.25,10.88,13.62,22.0,16.83
2069-08-05,12.29,11.25,11.58,6.25,12.5,09.08,7.12,9.5,10.21,11.0,18.25,18.66
2069-08-06,10.04,17.21,6.54,5.66,11.71,7.33,5.63,7.33,6.92,7.54,13.37,11.87
2069-08-07,12.17,17.62,11.38,8.25,16.25,9.79,8.21,8.54,10.92,11.25,16.88,19.5
2069-08-08,8.33,9.92,8.17,5.71,8.42,5.79,5.58,7.54,6.13,4.92,13.33,14.17
2069-08-09,4.54,8.96,5.17,2.37,03.08,1.29,1.54,3.46,2.58,1.42,10.46,3.63
2069-08-10,9.46,13.42,7.67,5.33,10.0,5.58,5.5,5.54,5.5,4.0,9.67,10.0
2069-08-11,10.67,09.08,7.96,5.37,12.25,7.67,6.17,10.92,9.25,10.83,22.13,21.71
2069-08-12,14.92,4.75,15.59,6.71,8.92,5.79,7.21,3.79,7.46,5.96,7.58,11.67
2069-08-13,8.67,2.79,6.58,3.0,2.5,3.33,2.79,1.5,3.88,1.21,1.58,4.88
2069-08-14,3.67,7.17,4.5,1.0,3.29,0.63,2.42,1.0,1.63,1.13,3.71,8.58
2069-08-15,4.54,3.67,2.92,0.83,02.04,1.54,0.71,3.75,1.29,1.21,5.46,2.5
2069-08-16,08.04,3.88,5.0,3.21,3.46,3.13,3.5,1.58,3.92,4.25,5.88,7.79
2069-08-17,09.04,10.13,8.0,3.83,5.17,5.0,3.96,5.88,4.33,5.75,17.71,12.46
2069-08-18,8.38,8.46,9.21,3.71,7.92,05.09,4.92,7.46,6.92,8.21,16.08,12.46
2069-08-19,12.87,11.42,9.75,5.79,14.25,9.25,10.08,7.96,11.0,10.08,19.75,18.46
2069-08-20,16.38,14.92,11.29,10.04,17.5,10.71,13.59,11.96,13.33,13.25,18.54,19.62
2069-08-21,16.42,9.79,9.46,09.04,11.0,8.54,10.21,6.38,10.41,12.17,11.42,19.46
2069-08-22,15.54,10.75,10.75,8.33,11.96,8.12,10.79,6.92,11.08,10.96,14.5,22.37
2069-08-23,16.79,9.96,11.17,8.92,10.41,7.33,9.54,5.29,8.71,10.21,9.17,16.92
2069-08-24,8.96,9.29,8.46,4.42,9.59,6.42,7.87,6.13,7.25,7.71,13.7,14.33
2069-08-25,20.08,10.5,12.21,6.87,12.58,8.58,12.17,8.75,11.71,11.12,14.62,20.62
2069-08-26,19.58,12.83,13.08,9.83,16.08,10.46,15.79,12.04,14.71,14.0,15.0,19.55
2069-08-27,18.63,9.33,11.0,8.46,13.08,8.67,13.0,8.46,12.21,13.88,11.79,20.75
2069-08-28,18.21,8.96,11.0,7.62,12.21,8.25,8.92,6.92,9.42,8.29,11.96,13.0
2069-08-29,7.96,7.17,09.04,05.09,6.96,04.04,5.91,4.54,4.83,6.34,5.29,10.29
2069-08-30,8.83,4.88,5.66,3.17,6.29,2.96,5.21,4.38,4.5,7.33,4.54,8.42
2069-08-31,4.17,07.08,13.5,4.54,6.67,4.71,4.12,4.67,4.75,6.17,7.12,13.0
2069-09-01,5.79,08.08,15.21,04.04,5.91,3.71,6.34,4.21,4.38,5.13,8.92,11.38
2069-09-02,3.37,2.88,11.79,3.83,5.54,2.79,02.08,2.54,2.75,1.92,5.79,6.58
2069-09-03,08.04,4.25,14.09,4.33,6.13,2.5,3.83,2.29,3.46,3.71,2.96,9.25
2069-09-04,4.71,4.21,4.92,3.54,5.17,1.25,3.5,1.5,2.62,3.5,6.42,10.83
2069-09-05,5.96,3.33,06.08,3.0,6.63,1.87,4.92,2.17,3.0,4.42,5.63,11.04
2069-09-06,3.17,1.0,10.58,1.83,4.33,01.08,2.17,0.67,0.83,0.13,7.12,6.0
2069-09-07,1.5,1.25,5.63,01.08,3.21,1.33,2.42,3.33,1.33,1.96,11.79,7.25
2069-09-08,5.96,7.5,5.83,2.13,05.09,2.92,4.0,07.08,3.13,5.83,12.38,12.38
2069-09-09,16.5,15.63,12.67,8.63,14.83,10.04,10.04,9.29,10.41,13.0,18.12,20.71
2069-09-10,12.17,4.96,11.58,5.21,6.75,2.62,5.25,3.33,03.04,3.46,6.54,11.17
2069-09-11,11.87,5.63,6.87,3.0,4.5,3.46,6.83,2.88,4.54,04.04,4.79,11.75
2069-09-12,7.58,7.87,4.54,02.04,6.71,3.25,1.92,6.34,3.17,3.25,13.21,9.62
2069-09-13,5.25,03.04,12.29,2.25,3.58,1.25,3.25,2.37,2.42,1.96,4.96,13.7
2069-09-14,4.25,3.33,14.83,3.5,6.25,5.29,9.21,8.25,6.71,5.25,7.41,13.29
2069-09-15,5.58,3.63,14.12,03.08,6.0,4.71,6.92,7.29,7.33,4.38,7.38,12.0
2069-09-16,10.71,9.21,10.54,4.29,11.83,6.29,7.71,10.29,8.67,06.04,11.25,18.05
2069-09-17,3.83,0.87,10.0,2.75,05.09,3.37,3.75,4.71,4.54,4.33,5.0,7.41
2069-09-18,7.5,5.21,13.25,04.08,6.46,4.17,3.79,5.91,4.96,3.29,6.34,10.17
2069-09-19,09.04,5.13,13.75,4.0,5.96,1.58,3.54,3.29,1.17,0.67,8.21,7.0
2069-09-20,8.83,9.13,10.04,4.25,11.34,7.29,10.5,10.04,9.5,08.04,13.0,15.83
2069-09-21,18.54,16.62,17.54,9.5,17.67,10.67,16.17,15.75,12.83,13.54,22.04,22.88
2069-09-22,7.87,6.29,8.25,3.25,9.42,4.71,7.38,7.29,6.21,6.87,13.88,20.75
2069-09-23,13.08,15.37,13.79,6.42,13.21,10.71,10.37,14.88,9.5,11.0,23.79,21.84
2069-09-24,12.58,11.54,11.46,5.66,11.54,8.58,10.13,10.34,8.92,11.21,15.41,17.88
2069-09-25,10.41,10.58,9.54,4.42,13.88,8.17,9.96,11.83,10.0,10.13,22.13,23.58
2069-09-26,15.83,15.75,14.46,9.0,20.3,11.08,17.12,11.71,14.88,14.04,19.95,23.0
2069-09-27,7.41,6.42,6.83,02.04,07.08,4.0,6.46,5.75,6.17,05.09,14.29,17.33
2069-09-28,16.17,15.34,14.96,08.08,15.63,10.96,16.92,16.38,13.59,15.75,24.75,33.63
2069-09-29,4.0,2.37,8.21,1.29,5.17,1.79,5.75,4.29,04.08,4.83,11.08,18.46
2069-09-30,8.83,7.96,7.29,4.33,11.63,6.58,11.38,9.17,8.54,9.33,15.41,24.41
2069-10-01,6.75,5.13,6.21,1.54,7.54,4.33,7.33,6.87,4.96,7.21,13.46,14.0
2069-10-02,15.09,15.16,13.42,7.0,15.34,10.79,16.42,11.5,13.42,11.25,21.42,23.0
2069-10-03,10.58,9.59,11.08,4.46,10.04,6.87,7.38,11.54,7.46,09.04,18.34,15.71
2069-10-04,12.54,11.25,11.71,7.96,11.58,6.96,08.08,9.75,8.17,7.41,16.0,13.25
2069-10-05,8.79,7.96,11.08,6.5,10.29,5.25,7.25,8.46,7.87,7.62,12.38,14.42
2069-10-06,11.75,14.09,10.92,7.79,13.88,9.13,08.04,11.29,9.67,9.83,21.29,17.71
2069-10-07,10.67,11.04,14.12,5.88,12.67,09.08,10.79,12.54,10.29,12.75,21.75,23.67
2069-10-08,20.08,21.29,18.5,12.12,18.54,11.83,14.0,15.29,10.92,13.25,19.5,18.16
2069-10-09,9.75,11.12,7.41,05.04,9.71,5.88,4.25,7.46,6.75,7.67,6.79,6.29
2069-10-10,4.67,3.17,5.96,1.25,07.08,1.58,1.17,4.21,4.17,1.75,4.71,5.88
2069-10-11,12.87,14.29,9.25,03.04,08.04,5.13,3.58,7.75,5.71,5.21,9.13,8.67
2069-10-12,18.79,21.59,16.17,9.62,16.21,11.12,10.63,13.96,10.92,11.54,16.04,20.0
2069-10-13,14.25,8.5,17.79,9.83,10.5,8.12,11.92,8.12,10.75,12.46,12.08,17.12
2069-10-14,15.63,16.04,13.46,7.46,13.33,9.0,11.5,13.0,10.37,11.71,22.46,21.21
2069-10-15,24.46,23.58,20.62,14.75,19.58,16.42,16.13,19.08,15.63,20.38,31.88,29.38
2069-10-16,19.46,18.79,18.91,13.46,17.0,14.54,9.87,16.29,13.37,16.62,25.58,24.67
2069-10-17,12.38,16.29,15.46,10.67,17.04,9.59,14.37,13.5,14.17,10.79,21.87,25.25
2069-10-18,9.96,4.54,9.38,3.33,11.17,6.34,4.33,7.58,4.71,3.58,04.04,11.29
2069-10-19,5.37,1.21,7.0,0.87,06.08,0.29,01.04,2.58,2.0,1.67,9.59,06.08
2069-10-20,2.42,03.08,2.83,0.29,7.5,2.25,1.38,2.25,2.58,1.71,4.83,6.17
2069-10-21,4.79,1.67,2.17,1.46,6.83,2.83,1.5,1.83,1.58,1.58,2.96,7.62
2069-10-22,9.96,8.29,7.46,3.88,8.25,5.58,3.33,6.25,6.34,5.91,10.75,12.54
2069-10-23,13.29,18.0,13.08,6.63,17.46,10.71,13.88,16.42,12.42,12.21,28.62,27.37
2069-10-24,10.34,12.96,9.33,6.29,15.37,8.21,13.42,12.38,12.42,10.71,20.41,26.34
2069-10-25,7.83,8.54,8.17,06.04,14.37,9.5,12.54,13.13,13.13,8.46,17.16,22.75
2069-10-26,2.62,2.88,6.67,04.08,9.0,05.09,9.29,8.63,9.25,06.04,12.17,15.46
2069-10-27,5.58,6.92,5.5,2.37,6.29,2.79,04.04,5.91,4.46,5.5,10.79,12.92
2069-10-28,09.04,9.17,9.62,05.09,11.0,6.13,8.25,9.67,7.92,9.96,16.54,20.58
2069-10-29,8.83,6.38,11.17,3.13,06.04,3.63,7.46,06.08,5.29,7.25,11.42,22.46
2069-10-30,07.04,3.88,6.75,4.58,10.46,4.58,11.58,10.46,9.59,8.5,16.21,25.17
2069-10-31,4.29,6.75,5.0,3.5,9.71,5.79,8.25,7.33,07.08,10.67,15.63,21.12
2069-11-01,10.63,9.21,11.83,4.75,12.5,09.04,13.37,11.63,12.33,13.62,20.25,20.83
2069-11-02,24.04,24.87,21.37,13.54,22.08,15.21,19.41,17.58,18.41,17.75,23.42,28.25
2069-11-03,22.63,12.38,17.62,5.25,6.42,3.58,4.75,5.71,5.96,5.91,8.63,13.88
2069-11-04,13.13,10.37,10.63,4.54,8.46,5.54,10.0,6.83,8.67,6.96,12.58,20.96
2069-11-05,5.5,6.17,6.38,2.0,7.46,7.0,9.67,06.04,8.33,7.62,14.42,19.12
2069-11-06,14.42,10.13,11.5,2.21,7.12,4.46,2.88,3.67,3.42,3.88,6.54,14.17
2069-11-07,13.59,16.29,12.33,6.67,14.25,08.04,11.29,9.96,9.71,09.08,20.88,23.29
2069-11-08,18.25,21.96,12.25,10.63,19.41,11.21,18.16,16.25,16.33,14.0,23.87,29.46
2069-11-09,21.75,27.33,11.71,9.0,18.0,9.83,10.71,10.88,10.79,8.5,17.46,18.29
2069-11-10,8.38,14.58,8.75,06.04,14.25,9.21,12.87,10.58,9.0,10.37,21.25,22.42
2069-11-11,09.08,06.08,10.67,3.96,5.66,2.83,5.79,2.21,3.42,2.46,5.83,9.75
2069-11-12,9.13,6.92,5.88,2.58,8.25,3.63,07.04,3.54,2.75,3.54,9.0,14.88
2069-11-13,4.79,3.75,2.21,1.17,05.09,2.71,5.41,3.13,2.42,5.46,7.54,17.58
2069-11-14,9.54,3.29,11.38,04.04,4.58,3.25,4.29,0.96,2.37,0.33,6.34,7.33
2069-11-15,12.38,10.71,10.5,6.17,7.79,5.79,9.79,6.17,8.17,5.54,11.0,15.41
2069-11-16,19.87,20.71,20.83,9.13,12.12,9.67,11.96,12.33,10.92,9.92,21.0,22.92
2069-11-17,11.29,9.38,13.67,5.63,6.38,6.46,10.25,6.42,8.92,7.46,11.5,15.34
2069-11-18,9.25,7.83,10.41,7.5,10.29,9.5,16.25,13.54,12.33,10.21,17.04,22.88
2069-11-19,11.79,15.0,12.38,09.04,14.25,12.08,19.25,16.62,16.38,14.96,22.54,30.04
2069-11-20,10.58,14.67,8.5,4.21,11.75,7.17,11.96,8.54,9.17,8.96,13.67,21.42
2069-11-21,3.46,2.75,5.75,2.17,5.75,4.0,2.96,9.42,5.33,7.41,14.17,20.83
2069-11-22,9.13,12.0,09.08,2.33,8.12,4.0,2.58,07.08,4.12,4.75,20.54,34.08
2069-11-23,20.04,19.46,28.21,09.04,16.96,12.04,14.96,13.67,12.62,9.79,17.67,18.75
2069-11-24,12.17,10.58,18.08,6.21,6.63,3.71,8.92,6.58,6.38,6.42,13.04,20.5
2069-11-25,13.33,5.83,17.04,4.67,6.0,3.21,9.5,5.17,6.87,8.12,10.67,18.88
2069-11-26,6.54,3.54,09.04,1.71,4.63,3.29,8.21,4.29,4.75,3.75,8.75,14.46
2069-11-27,12.79,11.63,8.87,6.46,11.25,7.92,13.17,9.42,13.08,09.08,17.41,24.79
2069-11-28,15.21,10.41,13.7,08.08,8.21,7.67,12.38,10.13,8.92,9.13,18.96,29.33
2069-11-29,13.92,8.46,17.0,4.88,5.91,4.75,9.5,4.5,6.58,6.21,14.29,19.46
2069-11-30,7.25,6.63,6.67,1.38,5.29,4.5,7.71,6.29,5.29,4.75,12.5,13.54
2069-12-01,9.62,7.87,07.04,4.42,8.67,5.83,8.96,6.58,8.92,6.71,13.42,20.17
2069-12-02,13.13,15.04,9.96,8.96,16.54,10.71,12.87,14.67,13.67,10.79,17.25,18.16
2069-12-03,19.58,16.96,12.67,9.83,12.67,8.21,12.21,9.42,12.79,8.92,13.92,21.59
2069-12-04,12.25,13.13,14.17,4.75,6.67,04.04,7.21,4.71,6.67,5.5,11.46,16.17
2069-12-05,9.46,12.92,8.33,3.37,9.29,5.75,8.0,8.25,6.67,5.66,11.79,18.79
2069-12-06,17.46,14.62,13.17,8.0,10.25,8.42,11.04,8.92,10.13,7.41,14.09,19.04
2069-12-07,23.04,12.12,13.67,8.58,14.79,9.87,15.54,14.79,16.58,12.33,17.96,21.42
2069-12-08,11.58,7.25,9.83,06.08,6.67,4.71,7.25,7.62,6.58,6.29,10.96,14.83
2069-12-09,5.66,5.75,4.63,1.75,6.63,4.92,5.5,6.96,5.0,5.71,15.12,14.92
2069-12-10,13.13,9.59,10.04,3.46,8.29,7.54,7.5,6.38,8.42,9.54,12.33,15.37
2069-12-11,6.71,3.37,8.33,0.25,4.29,3.33,5.66,1.79,1.54,1.96,7.83,8.75
2069-12-12,3.46,6.21,4.38,0.21,6.71,5.0,2.88,4.75,1.38,0.5,12.87,13.0
2069-12-13,22.67,16.88,16.25,5.21,13.08,10.54,11.34,11.83,9.87,13.21,19.5,22.29
2069-12-14,18.29,22.54,14.96,9.67,17.0,10.79,14.92,12.87,13.13,12.17,18.66,19.17
2069-12-15,17.16,20.12,12.25,7.71,12.79,07.08,12.92,6.79,11.96,5.75,15.87,15.16
2069-12-16,13.0,9.29,10.46,3.17,9.75,8.75,7.12,7.17,6.38,5.25,10.08,15.54
2069-12-17,6.17,4.46,21.37,6.0,3.29,07.04,17.67,7.58,8.87,10.5,12.75,26.83
2069-12-18,11.71,8.42,12.21,4.58,8.46,7.38,10.13,9.54,10.21,10.41,9.54,19.21
2069-12-19,7.62,10.67,13.79,5.21,9.79,09.04,11.79,09.08,10.0,8.63,15.79,22.21
2069-12-20,10.5,13.92,10.0,3.58,9.38,9.38,8.75,9.25,7.38,5.83,13.62,17.21
2069-12-21,24.41,20.41,19.7,11.92,15.5,13.62,14.46,13.96,14.37,14.17,20.5,19.46
2069-12-22,16.38,13.88,12.17,9.29,13.5,8.38,13.33,10.08,13.25,8.79,16.38,21.21
2069-12-23,12.83,13.37,9.79,5.41,11.0,9.25,10.5,11.63,11.0,9.5,16.62,15.0
2069-12-24,7.67,5.75,5.5,02.04,4.71,4.25,4.96,4.96,3.25,2.83,6.79,11.34
2069-12-25,12.83,12.58,8.46,4.17,5.41,4.67,6.21,5.41,5.17,3.92,13.88,10.96
2069-12-26,12.71,6.67,10.75,3.21,2.71,1.25,5.25,2.37,3.25,2.79,5.13,9.5
2069-12-27,6.71,6.21,5.29,0.42,5.96,4.17,03.04,5.25,2.17,3.75,12.46,13.21
2069-12-28,18.34,18.0,15.75,06.08,13.29,11.34,9.71,11.87,9.21,8.75,15.87,18.12
2069-12-29,18.66,15.96,19.38,6.38,13.54,10.08,14.29,11.46,10.58,9.59,13.75,25.04
2069-12-30,16.25,13.25,23.42,08.04,10.04,8.17,16.79,11.42,11.92,11.42,11.5,27.84
2069-12-31,14.42,13.83,27.71,07.08,12.08,10.0,14.58,11.0,12.54,7.12,11.17,17.41
2070-01-01,9.59,2.96,11.79,3.42,6.13,04.08,9.0,4.46,7.29,3.5,7.33,13.0
2070-01-02,9.0,4.29,6.75,4.58,5.79,6.58,8.58,6.21,9.59,06.04,10.17,16.96
2070-01-03,08.08,7.46,11.71,3.58,4.5,3.63,5.13,4.75,3.13,2.5,12.54,18.25
2070-01-04,11.21,7.38,11.58,2.13,3.29,1.13,8.92,4.92,5.54,5.71,7.58,15.54
2070-01-05,10.46,5.29,10.83,3.63,4.75,5.29,12.33,5.83,6.79,6.21,11.83,20.21
2070-01-06,7.92,3.5,8.12,3.79,2.5,4.29,10.34,4.0,6.63,06.08,07.04,16.66
2070-01-07,18.91,17.5,14.75,4.63,12.83,9.0,8.58,9.75,6.92,4.29,10.79,12.17
2070-01-08,22.92,20.75,24.08,10.34,17.96,17.29,19.08,15.54,14.17,11.46,17.12,25.62
2070-01-09,16.17,8.87,18.25,7.41,8.92,09.08,13.54,10.37,10.67,7.5,9.13,19.21
2070-01-10,7.96,5.41,8.25,1.79,3.92,3.5,4.63,2.29,4.5,2.54,1.71,8.5
2070-01-11,5.0,3.71,6.34,3.0,4.0,3.21,5.5,4.83,7.67,6.13,9.21,9.62
2070-01-12,7.96,7.5,06.08,2.79,4.46,4.75,6.13,3.42,4.63,2.62,6.63,08.04
2070-01-13,21.67,18.79,18.41,9.21,15.67,11.54,11.29,14.09,11.38,9.13,13.42,15.96
2070-01-14,8.46,11.58,9.38,4.33,10.0,8.12,9.62,11.34,7.71,7.46,14.33,19.92
2070-01-15,6.71,5.0,6.38,3.0,3.75,3.37,6.0,1.71,3.54,2.37,5.58,5.96
2070-01-16,7.29,10.29,6.17,0.75,6.83,2.54,3.83,4.88,3.75,3.42,07.08,15.75
2070-01-17,20.88,18.88,21.42,10.34,17.33,16.21,16.54,16.29,13.25,14.33,18.88,32.0
2070-01-18,14.42,15.67,15.16,7.87,12.0,10.04,12.87,10.92,12.58,14.37,15.37,21.79
2070-01-19,19.08,22.37,20.91,13.17,18.34,14.96,16.79,15.16,15.37,15.63,23.67,21.87
2070-01-20,22.63,23.67,14.71,11.75,18.16,14.25,9.96,17.71,15.71,17.92,28.12,25.37
2070-01-21,22.08,17.58,17.92,11.54,12.62,12.67,13.33,14.42,13.33,16.75,23.63,22.67
2070-01-22,15.25,15.41,13.13,7.25,13.25,11.38,8.54,10.63,8.25,5.91,12.87,14.75
2070-01-23,17.16,13.08,18.46,7.71,8.21,6.79,11.29,10.08,8.79,8.58,10.83,22.75
2070-01-24,13.88,14.33,13.37,5.54,10.21,9.71,11.08,11.04,9.17,10.63,15.29,21.67
2070-01-25,5.0,4.29,7.58,1.13,04.04,3.42,2.25,4.67,2.62,02.08,10.21,12.33
2070-01-26,4.79,2.17,4.42,0.75,3.21,2.46,07.04,2.21,2.71,2.67,5.91,10.83
2070-01-27,10.54,19.08,7.83,3.17,10.0,7.0,5.17,8.79,5.21,2.88,12.42,9.96
2070-01-28,17.5,17.67,17.83,8.58,17.37,14.62,13.75,14.88,11.42,12.5,18.79,21.25
2070-01-29,12.96,11.08,18.12,6.83,9.83,9.46,10.83,10.63,10.17,8.58,10.58,19.0
2070-01-30,9.79,6.63,14.96,3.17,5.54,3.21,5.66,2.79,2.67,2.17,4.5,8.54
2070-01-31,22.46,21.5,20.91,12.96,19.33,15.67,17.54,15.25,15.46,14.46,21.96,26.83
2070-02-01,22.08,21.79,17.83,13.46,19.75,15.41,18.25,17.41,17.12,17.83,24.08,25.08
2070-02-02,19.33,18.12,9.83,8.75,14.92,9.38,13.96,11.87,13.08,13.62,22.83,28.96
2070-02-03,10.92,11.54,10.46,5.46,10.63,8.71,14.29,10.63,11.63,11.38,19.08,26.83
2070-02-04,9.79,12.46,10.21,4.54,8.54,4.96,5.63,4.79,3.67,1.17,8.0,5.29
2070-02-05,8.38,8.33,14.12,4.63,3.67,2.75,5.33,4.25,4.25,2.17,6.54,13.37
2070-02-06,7.25,7.29,7.54,03.08,5.96,5.29,7.17,5.75,5.75,6.42,12.5,16.13
2070-02-07,18.21,22.25,12.87,11.46,20.08,10.71,17.54,13.46,15.37,12.12,23.25,23.25
2070-02-08,16.92,20.54,10.34,8.33,17.46,8.83,15.5,12.62,13.37,10.41,22.04,20.75
2070-02-09,19.87,26.75,13.13,9.42,20.41,10.34,17.0,13.08,15.75,12.46,23.71,19.7
2070-02-10,10.88,7.79,8.33,4.96,8.42,06.04,10.83,5.83,7.92,4.92,9.92,10.79
2070-02-11,10.79,6.83,07.08,1.96,6.0,2.67,6.5,3.46,3.71,03.04,4.29,9.25
2070-02-12,17.46,10.29,21.71,5.5,8.79,6.17,10.13,6.38,7.54,7.17,6.58,17.83
2070-02-13,17.79,15.83,21.25,7.17,11.83,8.21,8.75,11.04,10.04,7.25,14.71,21.59
2070-02-14,12.54,7.79,11.79,04.04,7.25,4.75,5.91,3.67,5.13,4.38,8.71,14.12
2070-02-15,11.63,11.29,9.33,3.58,4.29,2.71,5.41,2.67,4.67,4.54,10.08,14.71
2070-02-16,7.46,9.71,7.12,1.54,8.63,6.96,7.67,4.63,6.87,4.21,9.33,15.92
2070-02-17,20.91,15.29,14.0,10.54,13.83,9.46,15.79,10.71,15.87,10.58,19.08,25.41
2070-02-18,12.25,10.96,9.62,05.09,9.96,8.38,13.5,10.04,9.62,09.08,15.0,20.96
2070-02-19,19.38,19.83,15.59,10.0,18.21,12.92,16.54,12.58,14.33,12.0,15.04,16.13
2070-02-20,18.29,17.67,13.83,9.67,16.17,11.29,17.04,12.83,14.67,10.04,18.25,22.88
2070-02-21,21.84,20.83,18.96,13.75,24.96,16.33,21.96,16.58,20.41,13.13,22.63,18.12
2070-02-22,16.92,16.71,12.58,9.17,19.75,13.29,16.88,16.0,15.21,16.21,24.83,28.29
2070-02-23,10.13,9.42,9.38,5.54,10.58,8.87,15.29,10.71,13.08,11.75,17.54,27.25
2070-02-24,17.16,15.87,9.17,7.62,14.67,8.29,15.29,10.75,12.33,9.79,19.25,17.54
2070-02-25,23.29,14.96,13.25,10.58,13.25,9.17,10.88,9.92,11.58,8.54,17.88,13.7
2070-02-26,11.34,6.38,10.54,3.42,4.54,2.5,4.33,3.96,4.42,2.17,8.46,8.46
2070-02-27,12.21,10.83,17.88,5.0,5.91,4.92,7.67,8.0,7.12,06.08,9.0,10.41
2070-02-28,9.96,8.38,16.29,4.79,5.41,3.42,6.42,4.63,5.0,3.17,4.58,11.75
2070-03-01,13.13,06.04,8.96,4.63,10.58,7.67,14.62,10.5,11.83,10.17,14.46,22.21
2070-03-02,15.34,15.12,13.79,9.62,10.71,8.33,10.63,11.42,9.59,10.75,19.5,26.16
2070-03-03,15.29,10.34,13.62,5.63,10.13,7.12,10.25,8.21,8.58,6.87,15.54,17.12
2070-03-04,23.04,14.67,16.79,12.21,13.37,10.13,13.62,11.21,12.62,10.41,17.16,20.38
2070-03-05,7.87,5.29,9.13,2.21,6.79,2.92,8.83,3.79,6.34,7.17,8.33,13.79
2070-03-06,11.96,6.83,7.54,3.5,7.87,4.83,8.5,5.21,7.21,05.04,10.54,13.88
2070-03-07,20.38,10.79,9.71,7.54,10.29,8.29,10.29,8.38,11.29,6.46,17.25,20.5
2070-03-08,22.79,13.67,14.29,9.92,12.71,10.34,11.21,12.04,12.71,12.08,20.21,26.46
2070-03-09,12.08,8.63,6.0,4.21,8.29,5.37,7.25,6.0,6.38,7.87,10.71,20.12
2070-03-10,10.54,6.25,08.04,4.58,8.0,5.96,10.08,8.0,8.71,5.54,12.54,14.71
2070-03-11,19.12,17.96,10.71,09.08,17.79,11.17,16.88,14.37,16.33,14.96,21.12,27.67
2070-03-12,24.17,17.21,25.41,13.5,14.79,12.54,14.37,15.09,13.92,16.54,21.42,23.58
2070-03-13,16.5,13.67,31.83,9.96,12.42,9.83,16.75,13.21,11.83,10.96,14.04,15.75
2070-03-14,11.08,7.25,17.29,6.71,7.71,03.08,7.29,5.13,5.46,4.42,4.21,9.96
2070-03-15,12.54,8.42,8.92,5.46,7.21,5.41,8.33,6.34,08.04,7.29,9.87,12.75
2070-03-16,10.41,7.67,8.46,6.58,13.21,8.67,14.92,10.71,13.7,10.54,18.5,23.58
2070-03-17,17.25,16.66,13.08,10.79,19.38,14.62,22.04,18.08,20.71,15.54,20.67,24.37
2070-03-18,22.95,16.96,14.71,13.88,19.04,12.58,19.7,17.12,17.83,17.79,22.34,27.16
2070-03-19,12.17,8.92,11.71,5.91,9.54,08.04,12.25,10.34,11.29,7.71,15.75,17.71
2070-03-20,14.12,13.08,12.58,7.58,12.87,11.21,15.29,12.38,13.92,10.71,16.33,18.41
2070-03-21,7.58,6.63,5.5,2.71,8.29,06.08,7.38,7.38,5.88,5.96,11.67,12.5
2070-03-22,10.21,8.87,8.67,2.62,7.5,5.58,5.25,5.37,04.08,3.25,9.83,7.17
2070-03-23,13.62,17.08,21.17,8.29,11.46,8.71,11.34,10.54,8.92,8.75,12.67,10.08
2070-03-24,11.17,10.92,22.58,6.34,9.46,5.25,8.17,6.5,6.79,5.46,5.41,08.04
2070-03-25,6.38,3.37,6.46,1.87,5.13,3.46,4.25,5.66,4.75,5.0,12.29,16.08
2070-03-26,14.83,11.58,12.0,8.0,11.63,8.33,11.58,9.92,12.79,11.21,15.46,23.67
2070-03-27,13.7,9.83,12.58,7.87,8.96,8.33,11.92,7.71,10.58,10.71,13.33,24.79
2070-03-28,17.71,9.75,13.04,10.08,12.92,8.75,13.46,9.87,12.17,10.79,14.17,19.79
2070-03-29,14.96,13.67,13.29,8.87,15.67,10.17,16.38,14.5,15.37,11.54,19.38,22.42
2070-03-30,18.88,18.79,13.54,9.71,16.92,11.58,19.0,14.29,15.59,12.17,18.75,17.0
2070-03-31,21.42,20.46,17.21,12.46,15.37,11.17,15.16,13.29,13.83,17.37,22.83,34.08
2070-04-01,18.96,12.17,19.25,10.21,10.88,8.87,13.08,8.29,9.83,11.79,15.29,22.29
2070-04-02,12.42,7.0,10.92,6.96,8.96,5.21,10.83,5.91,10.46,8.75,9.67,16.17
2070-04-03,17.79,10.46,9.83,8.33,11.63,8.83,12.04,8.29,12.29,9.71,11.29,17.33
2070-04-04,17.46,9.79,12.0,8.87,10.46,6.67,11.34,6.75,10.21,9.71,9.17,13.92
2070-04-05,18.0,14.04,12.79,10.17,15.63,10.46,14.25,12.21,14.42,11.83,16.38,19.58
2070-04-06,14.88,14.54,23.75,8.75,9.87,9.21,14.42,11.42,9.5,11.21,15.25,23.67
2070-04-07,11.92,9.29,11.17,4.5,7.17,6.17,8.0,8.54,7.92,10.04,12.5,21.42
2070-04-08,12.83,9.33,12.54,6.21,7.46,6.5,7.46,8.12,6.38,10.17,15.09,25.12
2070-04-09,13.21,08.08,8.79,7.17,7.5,8.38,8.92,8.42,8.46,10.5,10.29,23.67
2070-04-10,6.71,3.92,6.75,2.92,4.21,4.17,6.25,05.09,5.71,03.04,6.71,11.63
2070-04-11,8.12,5.33,6.87,1.96,4.17,3.96,3.96,4.5,3.21,2.13,7.41,10.58
2070-04-12,19.79,9.29,17.33,9.79,9.38,8.83,14.58,8.79,10.46,10.96,10.75,17.41
2070-04-13,7.92,6.17,9.25,4.25,6.25,4.5,4.96,4.79,4.38,4.42,7.62,8.75
2070-04-14,9.71,12.87,11.08,5.58,8.67,8.29,5.66,9.59,6.25,10.29,17.46,17.54
2070-04-15,17.29,17.54,15.5,7.79,9.21,9.46,9.71,10.5,8.75,12.33,18.21,16.29
2070-04-16,15.71,17.0,16.66,7.46,10.54,11.17,13.17,11.0,9.67,12.75,15.5,12.58
2070-04-17,11.5,12.96,14.42,7.5,12.87,11.12,11.75,12.96,11.08,12.67,21.04,16.66
2070-04-18,11.46,8.46,9.38,5.17,10.92,8.58,11.0,8.87,10.08,12.12,13.0,14.04
2070-04-19,12.25,12.58,8.79,7.33,12.62,9.21,11.08,8.87,9.59,7.5,14.04,16.0
2070-04-20,15.75,16.25,12.87,8.33,15.0,10.41,15.41,8.63,11.38,10.75,14.42,16.96
2070-04-21,20.5,20.91,17.67,10.17,20.83,14.5,14.58,9.96,14.75,9.13,13.42,11.92
2070-04-22,26.83,23.16,23.0,12.21,18.25,14.71,19.55,18.66,15.59,18.0,25.29,22.29
2070-04-23,16.0,9.75,12.71,8.67,14.75,11.54,16.21,13.13,14.54,16.08,15.75,21.17
2070-04-24,11.71,13.29,8.83,04.08,9.79,6.38,6.92,7.58,8.0,6.21,8.17,11.67
2070-04-25,26.71,16.83,21.5,13.21,17.75,13.83,19.41,15.96,16.42,14.71,18.38,24.08
2070-04-26,19.12,13.0,13.88,8.96,12.08,10.13,12.12,09.04,11.42,13.83,11.96,19.79
2070-04-27,12.12,11.58,7.92,5.54,10.34,6.38,7.33,6.58,8.0,7.67,9.38,11.38
2070-04-28,12.75,10.17,8.63,7.41,13.59,9.5,13.83,11.25,14.04,10.92,12.75,18.46
2070-04-29,13.75,9.21,10.88,6.63,8.79,7.38,09.04,5.41,8.21,9.75,6.21,13.08
2070-04-30,8.83,10.34,6.38,3.37,8.58,6.87,8.29,8.38,9.13,6.38,14.71,11.54
2070-05-01,14.17,17.96,15.12,07.08,14.17,11.83,12.75,16.92,11.71,15.41,25.75,19.58
2070-05-02,16.75,18.91,16.0,10.71,17.67,13.62,16.66,16.88,14.0,15.09,27.5,17.58
2070-05-03,13.67,14.83,15.37,9.62,17.21,12.71,9.71,11.21,13.7,15.46,17.67,20.04
2070-05-04,13.5,11.42,9.71,7.58,13.88,9.17,9.25,9.87,9.38,12.42,14.33,17.88
2070-05-05,12.87,11.34,9.59,8.21,9.79,9.59,6.79,7.33,11.17,12.12,11.75,16.0
2070-05-06,11.71,07.08,5.58,5.71,9.79,6.71,3.37,5.46,7.67,5.54,9.46,11.79
2070-05-07,15.34,10.41,8.67,5.75,9.54,05.09,5.91,7.67,6.21,5.75,8.54,12.38
2070-05-08,7.87,8.58,7.96,3.79,8.46,6.46,7.92,6.42,8.83,9.29,5.58,17.08
2070-05-09,7.96,7.12,17.12,5.88,9.42,9.71,12.5,10.08,11.12,10.83,9.33,15.75
2070-05-10,11.71,7.96,17.0,6.79,8.79,10.58,10.21,10.67,10.75,9.54,12.79,17.41
2070-05-11,06.08,6.96,3.54,2.42,4.38,5.25,5.75,4.58,4.79,6.87,8.58,16.71
2070-05-12,6.25,04.08,15.63,4.12,4.25,07.04,7.25,5.75,7.33,5.79,10.25,9.17
2070-05-13,5.37,3.67,6.58,2.92,3.21,3.21,2.54,6.21,2.58,1.75,12.12,6.21
2070-05-14,3.33,5.63,5.17,1.21,4.25,1.71,3.25,6.42,4.54,4.25,9.71,4.12
2070-05-15,8.79,9.59,8.63,04.08,11.12,05.09,3.83,7.92,5.41,3.71,7.38,3.58
2070-05-16,10.92,6.67,6.96,4.88,6.67,06.08,7.17,4.75,5.91,06.08,8.5,12.29
2070-05-17,3.83,2.42,6.21,0.92,5.5,3.67,2.79,4.46,04.08,3.13,12.38,9.25
2070-05-18,5.71,4.33,8.54,2.83,6.42,5.33,8.54,8.96,08.04,07.04,16.88,15.75
2070-05-19,13.33,8.92,8.33,7.12,13.42,9.54,12.04,10.92,12.67,11.83,14.75,20.96
2070-05-20,11.63,12.42,11.0,8.12,17.25,12.21,15.83,12.04,16.42,12.25,19.5,26.25
2070-05-21,21.84,13.42,13.46,10.92,18.96,13.25,17.37,12.75,16.92,16.29,16.25,25.5
2070-05-22,9.46,5.71,8.75,4.83,8.79,6.79,8.87,6.29,09.04,07.08,10.46,14.75
2070-05-23,7.92,13.92,08.04,4.88,11.54,6.87,8.75,7.12,06.08,8.21,20.33,13.7
2070-05-24,13.46,13.59,12.87,6.42,14.25,8.42,10.08,10.79,10.63,11.04,20.96,19.25
2070-05-25,9.92,9.21,8.58,7.54,13.62,10.29,14.17,11.29,13.04,10.96,17.0,20.41
2070-05-26,6.92,6.92,6.63,5.25,10.54,7.71,13.37,8.12,11.17,6.96,14.17,19.58
2070-05-27,6.34,8.25,7.58,3.46,6.17,4.75,6.46,10.88,5.58,05.09,17.67,9.42
2070-05-28,10.67,7.92,6.83,4.5,10.0,5.79,5.33,06.08,7.17,6.17,10.79,11.96
2070-05-29,10.0,9.25,8.25,4.63,11.04,7.12,06.04,8.92,7.62,8.54,14.83,16.21
2070-05-30,10.5,7.62,7.96,5.66,11.79,9.21,10.58,10.83,11.04,08.04,13.92,17.08
2070-05-31,7.92,7.67,9.67,7.0,12.54,9.46,13.37,9.5,12.21,9.79,14.54,17.75
2070-06-01,6.34,5.88,8.54,4.38,8.79,4.75,4.12,06.08,5.96,3.71,11.38,9.83
2070-06-02,5.37,7.12,5.5,2.75,6.71,4.58,6.5,7.54,4.92,06.08,10.96,12.96
2070-06-03,11.92,18.58,8.0,6.96,13.83,8.17,6.75,9.71,8.71,9.13,14.12,15.29
2070-06-04,17.75,13.54,12.92,6.67,12.33,8.79,11.08,10.29,10.04,9.38,9.54,16.5
2070-06-05,14.29,9.38,14.17,6.34,9.71,8.0,8.33,7.75,9.5,7.29,8.17,13.92
2070-06-06,10.21,6.38,19.17,4.46,5.25,6.83,5.91,5.71,7.67,5.58,8.46,9.29
2070-06-07,4.96,3.83,15.21,3.71,4.71,4.54,05.04,3.67,6.21,4.5,7.29,6.63
2070-06-08,5.46,2.42,4.71,3.37,3.88,2.17,3.42,4.0,6.58,5.63,4.83,11.08
2070-06-09,2.21,2.54,5.33,1.96,3.17,0.71,1.46,3.29,2.0,2.13,5.33,8.54
2070-06-10,6.54,2.46,5.96,1.58,6.13,1.33,1.63,2.33,1.5,1.79,04.04,3.79
2070-06-11,6.92,2.58,7.54,1.71,4.54,1.63,2.42,1.63,2.37,0.71,3.21,5.17
2070-06-12,4.12,1.71,5.91,2.58,03.04,2.37,2.25,04.04,3.88,2.13,7.58,3.79
2070-06-13,2.71,03.08,6.79,1.5,2.46,2.75,3.13,2.92,3.37,1.96,7.62,8.75
2070-06-14,6.54,2.96,16.58,5.63,5.66,6.5,5.21,4.12,6.42,2.5,12.33,3.13
2070-06-15,6.58,5.83,6.71,2.46,4.79,3.46,1.75,5.88,3.0,3.63,9.25,7.75
2070-06-16,7.46,5.41,18.46,6.75,9.29,6.42,9.25,6.42,08.08,4.5,11.67,10.17
2070-06-17,11.5,5.58,11.75,4.38,10.71,5.66,11.96,8.54,10.79,8.21,11.12,16.38
2070-06-18,6.87,3.71,4.75,1.83,6.87,4.29,2.0,4.96,1.96,2.46,8.21,8.58
2070-06-19,11.08,6.71,7.29,1.92,3.37,1.5,2.42,3.96,1.92,0.79,7.58,03.08
2070-06-20,15.71,13.21,13.25,6.25,13.29,8.12,7.21,10.08,08.08,8.25,18.66,10.58
2070-06-21,22.71,13.04,17.41,14.83,17.71,14.17,15.41,12.75,16.75,17.83,13.29,27.33
2070-06-22,14.71,11.46,12.12,5.96,11.67,07.08,8.92,8.67,6.42,7.38,13.33,8.29
2070-06-23,13.04,11.87,12.83,5.41,12.21,8.29,8.33,9.54,8.79,9.21,14.09,14.04
2070-06-24,15.12,14.71,15.0,9.0,18.75,11.38,14.5,11.63,13.67,11.21,19.83,19.7
2070-06-25,10.5,9.17,10.96,6.0,10.46,7.54,9.29,09.04,10.58,9.92,16.0,20.54
2070-06-26,9.79,9.5,10.88,5.88,11.08,7.38,7.83,7.33,8.46,7.67,10.21,11.54
2070-06-27,6.38,07.08,8.67,3.75,11.04,6.79,4.79,7.29,6.63,7.83,10.21,9.79
2070-06-28,16.29,12.75,11.54,8.29,13.83,9.79,13.67,9.87,12.87,11.04,16.92,19.62
2070-06-29,16.04,12.04,12.71,10.25,14.92,11.79,15.92,10.0,13.79,14.5,15.46,22.21
2070-06-30,12.17,10.92,10.13,6.71,12.96,8.33,7.87,10.46,10.75,09.08,16.71,16.25
2070-07-01,20.79,17.12,12.5,11.67,20.3,13.54,19.95,14.92,17.41,15.37,23.0,29.63
2070-07-02,20.96,13.17,13.25,10.63,18.54,13.13,18.29,10.63,16.42,15.21,16.17,24.33
2070-07-03,8.92,4.12,9.17,4.75,10.0,6.46,9.42,5.88,9.71,7.62,12.08,14.04
2070-07-04,10.92,9.13,8.12,6.87,12.21,9.25,12.12,7.96,10.29,7.33,11.54,16.79
2070-07-05,10.71,8.83,10.92,5.13,8.83,8.12,9.0,9.13,8.87,09.04,19.12,19.08
2070-07-06,7.79,7.29,9.62,4.21,7.29,6.46,07.08,9.71,7.83,8.0,13.59,11.0
2070-07-07,4.5,5.5,4.67,2.67,2.25,3.25,3.21,6.46,3.46,5.0,14.5,8.17
2070-07-08,12.62,11.17,10.17,7.29,11.17,7.79,6.34,8.25,8.75,7.87,16.79,13.7
2070-07-09,13.92,10.17,11.42,7.92,13.42,10.41,12.62,10.96,12.46,11.46,14.83,19.87
2070-07-10,11.83,9.17,10.79,6.34,12.75,9.62,10.79,9.13,12.25,8.29,16.17,20.79
2070-07-11,13.5,11.38,12.25,7.38,16.17,11.12,15.87,10.63,13.25,13.5,20.17,25.29
2070-07-12,13.42,10.08,13.7,7.96,16.46,12.42,17.5,13.96,16.42,13.29,21.34,23.09
2070-07-13,12.38,9.62,10.88,6.21,14.96,11.21,14.58,9.83,13.37,9.92,16.25,21.84
2070-07-14,21.54,15.29,14.29,9.38,14.79,9.87,12.87,10.5,14.09,11.34,15.96,23.83
2070-07-15,17.12,9.96,13.88,9.42,11.54,8.96,12.46,7.62,12.25,12.0,11.75,20.21
2070-07-16,10.63,3.71,6.34,3.63,8.38,5.17,7.41,4.88,8.33,5.83,10.34,13.59
2070-07-17,7.62,4.42,7.71,3.92,8.25,5.96,8.71,4.63,09.08,4.75,13.59,16.08
2070-07-18,8.96,8.79,8.38,5.66,12.46,7.75,11.04,06.04,10.21,6.92,12.67,18.91
2070-07-19,14.67,8.25,9.46,6.67,9.75,6.63,8.21,6.29,10.17,8.25,11.17,14.79
2070-07-20,14.33,8.33,11.54,7.21,9.13,5.88,9.33,6.96,10.54,8.71,12.62,20.38
2070-07-21,6.54,4.12,8.83,4.83,8.42,6.46,9.17,07.04,9.54,7.71,10.37,14.71
2070-07-22,7.38,03.04,08.08,04.04,7.17,5.63,5.79,4.38,6.25,5.54,9.75,11.71
2070-07-23,13.37,6.5,15.87,6.5,6.17,4.38,4.58,2.62,4.54,02.08,4.92,5.75
2070-07-24,18.79,11.92,14.71,8.87,16.88,11.42,10.79,8.67,10.58,8.42,13.42,19.12
2070-07-25,10.46,9.13,10.37,6.54,10.54,7.5,10.34,5.75,9.46,8.12,9.13,12.92
2070-07-26,11.08,9.21,9.5,4.63,11.75,8.0,08.08,6.67,10.34,4.92,12.87,8.96
2070-07-27,10.46,10.67,12.46,5.37,11.29,7.17,7.79,4.79,8.21,2.58,7.46,5.37
2070-07-28,10.21,9.96,8.58,4.67,10.96,7.87,7.41,6.75,9.0,7.38,10.0,10.63
2070-07-29,11.12,10.04,8.21,4.29,11.58,6.87,6.96,7.92,8.96,7.96,15.54,16.92
2070-07-30,13.67,15.96,13.96,6.67,13.88,10.67,12.17,13.67,12.21,13.04,20.58,20.12
2070-07-31,7.67,6.96,11.34,3.83,6.63,5.33,4.67,5.21,7.25,5.54,10.04,5.79
2070-08-01,3.92,8.92,7.5,3.88,4.42,3.88,2.58,05.09,3.37,3.75,13.96,12.38
2070-08-02,4.96,9.83,4.5,2.46,5.5,4.92,2.62,3.54,4.0,5.25,11.67,6.54
2070-08-03,7.17,13.59,6.79,3.37,8.17,3.88,4.5,3.33,4.92,05.09,05.04,8.87
2070-08-04,2.67,7.92,9.42,1.75,3.96,1.54,2.25,02.04,3.79,3.5,6.0,9.25
2070-08-05,10.17,4.29,12.17,2.83,5.17,5.66,5.37,4.54,8.42,3.5,11.29,6.75
2070-08-06,4.63,3.17,7.79,1.79,3.33,3.46,03.04,2.54,5.54,4.83,10.92,4.96
2070-08-07,5.63,2.79,4.33,1.67,06.04,2.37,1.29,2.29,0.58,2.17,9.92,4.42
2070-08-08,13.5,6.75,4.21,3.96,6.67,5.79,4.46,4.33,7.38,5.46,7.5,11.04
2070-08-09,11.17,8.38,9.54,7.17,14.62,9.59,13.13,8.58,13.29,9.46,15.71,18.29
2070-08-10,10.08,09.08,8.92,6.34,11.25,7.46,8.29,07.04,9.17,7.62,6.58,11.0
2070-08-11,04.08,3.83,5.66,3.21,3.13,2.79,3.17,04.04,3.92,3.67,7.62,6.71
2070-08-12,9.46,11.21,11.0,6.34,9.0,7.67,4.96,10.04,9.29,9.5,18.21,15.54
2070-08-13,13.04,8.67,10.79,6.58,10.96,7.12,7.5,7.25,8.58,6.5,12.0,14.17
2070-08-14,10.75,10.34,9.25,3.42,11.38,7.29,7.96,06.04,8.46,5.91,14.96,17.54
2070-08-15,18.46,16.17,16.38,8.46,15.54,10.13,10.37,9.5,9.87,10.83,11.71,15.67
2070-08-16,26.38,14.96,18.5,17.33,21.59,18.12,20.75,14.96,22.71,23.71,19.87,34.33
2070-08-17,7.5,5.71,8.21,6.25,7.46,7.33,10.41,5.75,10.17,12.17,09.04,21.29
2070-08-18,4.96,4.46,9.5,2.5,4.38,1.33,1.21,1.67,1.71,0.67,5.33,8.87
2070-08-19,11.0,10.25,16.38,5.5,8.71,4.96,5.88,6.29,6.67,3.37,13.04,14.5
2070-08-20,19.5,13.54,17.29,10.34,13.37,10.0,13.5,11.71,13.25,15.54,15.79,25.58
2070-08-21,24.3,13.83,14.54,10.34,12.46,10.79,10.88,10.34,12.42,12.38,15.83,15.63
2070-08-22,14.71,7.17,12.12,5.33,08.08,4.92,6.34,4.42,5.58,3.67,4.38,4.67
2070-08-23,05.04,3.46,5.96,1.79,2.54,0.63,1.42,0.5,2.5,0.13,2.83,3.37
2070-08-24,2.75,5.96,5.88,1.0,2.46,1.13,1.75,2.21,2.75,2.5,2.96,4.38
2070-08-25,5.83,6.63,3.79,1.75,5.25,3.17,1.21,1.33,2.21,2.62,4.29,6.29
2070-08-26,4.88,3.71,8.71,0.87,3.5,1.21,0.37,0.71,0.54,0.04,3.25,4.12
2070-08-27,04.08,2.25,7.58,1.21,2.54,2.13,1.25,1.33,2.83,2.67,2.67,05.04
2070-08-28,2.54,2.54,4.25,1.25,2.25,1.83,1.0,0.79,0.96,1.33,5.58,5.5
2070-08-29,05.09,7.92,06.04,2.46,3.54,2.5,4.67,3.21,1.63,2.71,9.25,5.96
2070-08-30,13.62,16.46,15.96,7.38,12.54,9.29,9.42,12.04,9.87,12.12,21.25,18.0
2070-08-31,14.54,16.29,11.08,9.21,18.71,12.58,14.04,14.17,15.96,13.75,22.34,27.33
2070-09-01,12.96,13.79,12.92,7.58,12.75,09.04,11.38,9.59,12.17,10.46,16.17,21.75
2070-09-02,16.17,12.67,16.88,8.96,14.58,10.92,11.29,9.92,13.7,12.71,14.04,18.29
2070-09-03,12.54,11.79,9.62,5.25,10.96,7.12,7.17,6.96,9.67,8.12,12.87,16.46
2070-09-04,6.96,8.63,9.92,06.08,13.79,09.08,12.92,11.25,12.21,8.25,15.16,20.75
2070-09-05,3.37,6.67,7.62,4.83,9.46,7.33,10.34,7.62,9.87,8.58,12.5,20.21
2070-09-06,6.92,12.38,08.08,04.04,8.92,6.17,5.17,7.38,6.25,2.25,13.21,08.08
2070-09-07,10.5,14.5,9.96,7.29,12.0,08.04,5.71,8.83,9.96,10.25,13.88,19.5
2070-09-08,19.46,20.17,15.37,9.67,16.71,10.5,11.63,10.67,12.71,11.58,17.37,15.46
2070-09-09,31.42,28.5,28.21,20.33,30.0,20.67,22.37,18.29,21.46,22.42,25.75,27.75
2070-09-10,19.0,18.58,16.13,10.41,18.96,11.79,15.71,11.87,14.5,11.58,17.37,17.5
2070-09-11,9.79,9.38,8.29,4.17,8.0,5.17,8.54,4.79,7.58,5.41,9.0,11.29
2070-09-12,10.67,8.5,8.58,4.38,9.0,4.88,5.54,4.29,6.13,5.29,9.38,13.7
2070-09-13,13.25,10.54,10.79,06.08,12.71,6.96,5.58,4.83,7.5,6.83,11.71,14.46
2070-09-14,4.17,3.37,5.96,01.08,06.08,3.21,05.04,3.5,4.83,2.54,10.04,11.34
2070-09-15,11.5,8.54,5.88,4.0,09.04,04.04,5.96,3.63,6.58,3.46,9.54,13.37
2070-09-16,15.87,18.58,13.88,7.87,12.75,8.79,9.75,10.08,9.21,10.08,19.21,17.41
2070-09-17,21.04,18.58,19.95,14.83,13.59,13.13,19.08,13.67,13.33,14.67,15.46,18.5
2070-09-18,3.83,3.92,8.5,1.42,04.08,2.33,0.54,1.17,2.5,2.25,7.58,10.29
2070-09-19,8.67,9.92,8.33,2.92,7.5,3.92,4.0,5.88,5.41,4.12,9.75,10.83
2070-09-20,6.0,8.46,8.17,03.04,3.58,3.33,04.08,7.87,5.13,07.04,14.0,14.04
2070-09-21,7.5,4.75,05.09,2.58,8.0,4.46,3.17,03.04,4.71,5.37,6.21,10.58
2070-09-22,11.04,12.42,9.38,5.5,9.87,9.33,6.54,5.5,7.54,05.04,10.71,11.79
2070-09-23,9.21,8.17,6.79,5.63,8.21,7.0,4.54,4.25,7.0,5.29,7.75,11.17
2070-09-24,6.5,7.58,9.25,4.88,7.75,3.58,1.17,2.83,4.88,2.58,9.87,7.17
2070-09-25,14.58,17.29,11.79,7.25,13.17,9.33,4.5,10.83,11.67,11.46,18.79,15.92
2070-09-26,16.42,17.96,14.96,10.5,16.5,11.34,10.75,13.59,13.75,15.25,25.04,20.91
2070-09-27,5.75,8.0,4.42,1.92,5.75,3.33,3.13,4.42,4.25,4.92,12.96,12.87
2070-09-28,11.71,11.29,12.04,07.04,10.67,7.79,4.67,7.25,10.21,9.79,13.75,15.5
2070-09-29,16.0,14.79,12.92,7.96,14.29,9.92,13.17,11.5,13.04,12.71,22.08,23.54
2070-09-30,15.0,12.75,11.38,7.79,15.79,8.29,12.08,12.33,13.04,12.62,18.71,25.54
2070-10-01,14.75,15.37,12.21,9.38,18.05,11.34,17.29,14.04,17.37,12.33,21.17,28.5
2070-10-02,25.29,17.54,15.09,15.25,22.13,14.88,20.62,17.79,20.33,19.12,25.41,32.96
2070-10-03,14.29,10.46,11.42,8.54,14.79,8.75,11.75,10.96,13.25,9.17,16.21,20.79
2070-10-04,16.42,14.21,14.92,8.25,15.83,11.42,18.75,15.0,16.33,13.88,22.21,26.25
2070-10-05,16.54,14.21,13.62,7.96,14.5,8.92,14.88,12.12,12.38,13.54,23.45,30.13
2070-10-06,10.79,10.79,08.08,4.71,9.87,06.08,11.63,9.67,10.67,9.38,15.09,22.88
2070-10-07,12.67,11.0,7.17,4.33,8.71,06.04,8.25,8.63,8.96,7.67,16.71,24.33
2070-10-08,9.0,5.71,9.79,3.0,4.29,2.46,4.42,3.29,4.54,5.25,09.08,14.92
2070-10-09,5.91,6.42,5.37,1.58,6.63,05.09,4.17,8.54,5.83,6.87,16.33,19.33
2070-10-10,4.38,2.37,5.33,1.25,03.08,3.54,3.25,5.75,4.46,4.42,10.63,8.71
2070-10-11,11.38,9.29,8.92,3.13,7.54,5.66,03.04,6.34,5.41,03.08,7.5,10.0
2070-10-12,13.33,18.91,10.0,7.41,12.0,8.42,6.13,8.92,9.38,7.29,8.71,11.71
2070-10-13,11.54,13.67,9.87,6.79,10.88,09.04,8.12,9.83,8.38,5.5,13.96,12.21
2070-10-14,9.54,9.79,7.12,5.71,11.17,9.67,06.08,7.87,8.83,5.63,10.21,10.17
2070-10-15,9.13,7.87,6.34,4.17,9.13,6.92,6.13,4.5,6.21,3.63,6.46,9.42
2070-10-16,7.5,9.25,6.79,2.96,7.38,5.21,4.12,5.71,3.63,4.0,7.79,10.96
2070-10-17,3.63,4.12,4.21,02.04,5.41,4.67,5.88,7.33,5.75,06.04,13.75,19.67
2070-10-18,9.79,11.29,8.29,7.96,16.29,11.54,19.62,14.29,18.91,14.92,23.71,32.71
2070-10-19,22.67,17.71,17.41,11.63,18.66,12.96,18.58,15.29,17.12,15.41,23.42,32.58
2070-10-20,24.92,17.92,22.58,13.13,16.88,10.67,16.33,15.29,15.83,13.75,24.75,35.92
2070-10-21,15.16,10.13,17.25,7.58,09.08,6.21,10.96,08.04,9.13,8.54,13.21,21.59
2070-10-22,9.0,4.67,7.58,3.25,3.58,4.5,6.87,4.12,5.25,4.0,9.29,12.25
2070-10-23,10.5,11.08,9.92,3.83,10.96,9.0,12.25,12.54,11.71,11.21,17.5,19.79
2070-10-24,14.67,13.33,12.54,6.75,13.17,11.17,15.87,13.25,13.21,11.71,13.79,14.42
2070-10-25,17.62,12.92,14.96,8.58,14.33,9.96,12.21,9.25,9.29,7.96,11.17,15.96
2070-10-26,5.54,6.13,6.17,4.46,7.58,5.79,8.54,6.71,7.17,8.67,12.5,20.58
2070-10-27,14.46,14.96,12.67,5.63,13.04,9.25,10.17,9.17,9.67,7.62,12.75,14.42
2070-10-28,13.7,13.13,12.58,07.04,12.54,8.0,9.33,8.83,09.04,3.96,15.09,12.21
2070-10-29,17.33,16.75,16.5,6.96,13.62,10.92,13.17,13.25,12.54,12.21,20.75,21.21
2070-10-30,20.3,18.75,18.66,10.96,12.08,9.87,12.46,8.71,9.92,8.71,13.54,21.84
2070-10-31,22.25,20.3,19.38,12.42,20.38,14.0,16.25,18.5,16.88,15.16,26.0,25.08
2070-11-01,10.58,10.29,9.0,04.08,9.21,7.54,11.46,9.71,9.54,10.37,15.92,24.67
2070-11-02,17.5,17.33,14.67,07.04,15.0,11.42,13.33,13.92,12.92,13.5,21.84,21.54
2070-11-03,19.58,19.95,15.75,16.83,23.09,18.05,23.75,19.79,22.54,15.79,26.67,26.87
2070-11-04,11.38,10.08,9.17,4.96,10.79,8.71,12.92,11.79,12.25,11.17,19.79,24.33
2070-11-05,10.96,8.83,8.12,06.08,11.42,9.25,13.5,10.13,13.29,11.92,16.33,26.92
2070-11-06,13.33,15.0,09.04,4.63,11.21,8.0,7.33,8.0,7.96,6.87,9.21,14.0
2070-11-07,18.08,11.17,21.87,8.12,08.08,7.0,9.71,6.29,7.58,6.38,8.92,11.08
2070-11-08,12.67,11.38,10.75,06.04,13.21,10.83,14.42,14.46,16.04,14.75,20.25,29.25
2070-11-09,14.83,9.62,9.59,6.63,12.25,09.08,15.75,10.34,14.5,13.17,15.83,24.3
2070-11-10,13.04,14.92,11.0,6.71,15.87,10.08,10.96,8.75,11.79,8.79,16.13,15.96
2070-11-11,12.58,15.29,10.79,07.08,12.08,8.75,11.92,8.71,10.41,9.92,18.71,22.0
2070-11-12,12.71,15.54,9.29,5.88,11.75,7.92,15.09,9.75,10.37,10.17,17.46,23.0
2070-11-13,7.67,11.17,6.75,1.33,9.46,5.41,8.75,5.25,7.33,6.67,11.75,17.75
2070-11-14,18.0,13.04,15.54,7.33,7.62,6.21,8.25,6.42,8.79,5.5,11.08,18.91
2070-11-15,12.75,9.71,10.34,4.25,7.38,6.29,06.04,6.46,6.54,07.08,12.54,14.96
2070-11-16,12.92,11.67,12.33,6.83,11.25,8.58,10.75,8.17,10.5,7.92,15.29,20.91
2070-11-17,13.08,7.41,12.92,3.54,06.04,4.17,4.92,3.37,3.13,2.88,9.59,13.59
2070-11-18,17.62,14.67,17.25,7.41,11.63,8.33,8.96,5.5,8.92,5.33,7.46,8.29
2070-11-19,13.59,9.21,10.04,5.83,09.04,6.96,9.5,5.66,9.21,5.96,11.92,17.0
2070-11-20,12.54,6.83,13.17,7.25,8.33,6.67,7.92,6.79,9.33,6.17,11.42,14.04
2070-11-21,9.5,9.79,7.12,3.17,09.08,6.25,10.21,5.37,9.92,7.75,11.08,20.12
2070-11-22,10.21,12.08,9.46,2.0,9.5,7.75,5.79,6.17,6.87,6.79,10.75,17.54
2070-11-23,25.12,14.0,23.58,12.96,10.54,11.08,12.0,11.08,13.25,10.29,13.92,16.25
2070-11-24,9.83,5.13,14.83,7.38,5.66,6.0,6.79,3.63,8.29,6.96,7.67,11.87
2070-11-25,21.79,23.0,16.96,10.71,17.67,11.12,11.21,10.75,11.04,6.34,14.04,10.92
2070-11-26,16.5,20.12,12.17,7.75,13.96,10.25,7.21,10.67,9.38,7.12,13.25,12.17
2070-11-27,14.21,12.0,14.17,7.92,12.58,8.5,9.54,7.38,8.83,6.29,8.71,17.71
2070-11-28,15.83,10.13,15.09,9.42,10.92,9.33,9.96,6.0,11.29,9.59,7.17,13.88
2070-11-29,4.0,2.67,05.09,0.67,3.46,1.17,2.21,2.54,1.92,1.79,4.46,10.5
2070-11-30,9.25,7.92,7.71,5.29,7.75,4.38,7.83,4.12,6.58,6.13,8.96,15.25
2070-12-01,9.71,8.0,07.04,4.83,8.96,6.46,9.33,4.5,8.75,7.17,12.54,17.41
2070-12-02,15.54,15.75,13.59,6.92,15.25,10.46,14.75,12.08,12.58,12.25,18.75,18.84
2070-12-03,11.21,11.92,8.46,3.21,10.34,6.34,6.96,7.0,8.63,5.75,14.12,16.38
2070-12-04,12.67,14.58,10.46,4.12,15.75,10.46,12.5,11.29,12.54,13.29,22.83,26.16
2070-12-05,13.96,12.58,12.12,06.08,14.12,9.67,13.75,12.92,12.87,13.08,20.17,25.96
2070-12-06,21.62,18.21,15.96,12.42,19.95,12.87,17.33,14.79,16.88,15.16,22.5,28.75
2070-12-07,12.21,5.83,13.79,7.0,6.71,4.5,7.54,3.0,5.37,6.58,5.58,14.79
2070-12-08,6.38,1.25,9.25,1.29,1.58,0.46,3.46,0.04,0.37,0.63,3.67,9.17
2070-12-09,5.66,1.42,13.0,0.54,0.13,0.0,1.79,0.92,2.58,0.13,4.38,8.17
2070-12-10,14.0,6.75,13.88,2.5,7.71,3.63,6.58,5.37,6.92,4.12,7.25,9.71
2070-12-11,16.71,13.75,15.25,7.79,14.62,10.67,9.21,9.5,7.83,6.34,8.75,13.67
2070-12-12,17.88,12.08,13.17,9.59,15.92,10.79,8.17,11.92,11.34,8.5,15.16,18.79
2070-12-13,6.0,6.63,9.62,3.46,6.25,2.92,6.79,2.62,4.92,1.96,6.71,14.37
2070-12-14,16.46,17.25,7.87,3.88,14.17,8.71,2.42,8.46,5.58,7.5,12.67,16.66
2070-12-15,06.04,7.25,9.21,3.58,08.08,5.63,05.04,6.25,6.46,7.83,9.42,16.79
2070-12-16,18.21,16.21,15.67,09.08,15.79,11.58,10.96,11.96,11.79,12.5,21.17,23.96
2070-12-17,7.21,8.25,7.17,3.0,9.79,6.42,7.62,8.17,8.17,9.42,17.41,21.09
2070-12-18,16.58,17.41,14.46,8.29,12.54,11.12,9.83,13.17,11.17,14.17,15.29,20.17
2070-12-19,16.08,12.79,15.12,7.83,12.54,10.46,12.75,9.13,10.83,11.67,12.42,14.96
2070-12-20,9.33,4.75,10.25,2.42,3.88,1.67,6.13,1.75,4.54,4.5,7.58,19.62
2070-12-21,7.79,3.21,14.92,3.63,4.79,2.75,5.83,1.67,4.67,2.42,3.46,13.25
2070-12-22,10.41,4.12,11.42,2.33,6.17,0.75,5.96,3.13,4.54,06.08,6.13,13.37
2070-12-23,15.0,8.87,19.21,6.58,10.88,6.75,10.13,6.54,10.21,11.38,14.25,25.29
2070-12-24,11.75,9.79,14.25,5.79,10.54,4.25,9.42,5.29,7.54,7.58,6.96,16.13
2070-12-25,10.41,8.5,19.5,5.41,10.04,2.92,8.42,06.08,7.46,5.63,03.04,16.17
2070-12-26,16.83,10.0,21.62,7.83,10.96,04.04,13.33,8.25,9.38,7.38,9.13,18.71
2070-12-27,15.25,9.62,22.54,7.41,11.54,07.04,11.58,7.87,09.04,7.62,5.88,17.83
2070-12-28,12.46,6.54,13.5,6.29,7.0,2.58,7.21,4.33,6.87,5.0,3.0,15.0
2070-12-29,16.75,14.17,28.29,9.54,14.0,9.71,17.88,10.34,12.83,11.29,13.37,23.13
2070-12-30,17.96,11.58,27.29,10.96,8.67,06.08,13.79,5.33,8.33,8.58,9.96,18.25
2070-12-31,8.38,0.37,9.59,2.62,1.75,0.08,4.83,2.13,2.54,1.17,3.67,7.21
2071-01-01,3.71,0.79,4.71,0.17,1.42,01.04,4.63,0.75,1.54,01.08,4.21,9.54
2071-01-02,04.04,0.75,6.96,1.21,1.67,0.54,5.83,0.0,3.0,2.58,3.0,10.46
2071-01-03,7.41,5.41,7.17,0.63,1.79,0.21,2.5,0.33,0.71,0.13,4.83,7.12
2071-01-04,17.5,18.79,14.88,3.46,13.13,7.25,7.12,8.17,6.67,5.21,11.92,10.29
2071-01-05,15.21,13.5,21.92,08.08,15.0,12.79,17.96,12.33,13.88,10.21,16.58,22.75
2071-01-06,18.96,21.29,17.21,9.67,16.46,14.0,11.63,14.75,13.62,17.08,23.71,23.29
2071-01-07,22.83,20.96,20.38,12.71,16.04,14.21,19.21,19.21,14.46,19.83,25.75,25.5
2071-01-08,24.92,22.88,19.46,15.34,17.0,14.33,14.62,15.87,15.16,17.5,30.04,26.46
2071-01-09,28.21,25.75,23.58,15.0,22.0,19.67,20.3,20.88,19.79,21.04,38.2,32.91
2071-01-10,17.04,22.83,14.54,7.5,22.0,16.17,17.96,14.88,15.0,12.54,26.2,19.08
2071-01-11,16.62,19.04,16.75,07.08,16.66,13.33,11.04,12.5,11.17,10.37,17.08,21.37
2071-01-12,6.63,6.34,4.38,01.08,5.17,2.13,3.88,4.33,04.08,4.92,12.17,10.75
2071-01-13,14.88,14.46,11.29,4.38,10.41,7.87,6.87,08.04,7.92,5.37,11.04,9.13
2071-01-14,11.04,10.88,9.5,2.92,8.75,3.96,4.17,6.25,5.66,3.58,7.71,10.79
2071-01-15,7.75,7.83,5.17,0.17,6.71,2.46,2.0,3.63,1.96,1.67,6.21,08.04
2071-01-16,11.12,11.25,08.04,04.08,9.46,6.92,4.33,6.5,7.12,7.21,11.34,14.25
2071-01-17,18.25,11.29,17.16,11.34,12.21,10.54,12.42,8.42,10.83,13.33,13.88,17.25
2071-01-18,24.87,20.17,17.88,13.54,18.54,14.29,14.46,14.83,15.75,14.42,17.21,19.55
2071-01-19,13.88,11.96,11.5,6.38,13.04,8.33,15.96,7.92,10.54,10.92,15.96,23.0
2071-01-20,18.08,16.38,13.92,6.54,14.0,10.29,12.62,11.79,10.25,8.83,15.54,19.55
2071-01-21,19.75,14.88,15.04,5.13,9.0,04.08,5.58,3.88,5.66,3.75,7.58,13.54
2071-01-22,16.88,12.83,12.46,07.04,11.92,7.96,10.0,8.87,10.5,8.54,15.09,14.5
2071-01-23,12.92,14.09,10.71,5.96,14.62,9.42,13.0,12.75,11.25,13.83,22.13,22.04
2071-01-24,22.29,18.54,18.66,11.12,18.29,13.42,21.17,14.54,16.29,17.67,20.08,25.04
2071-01-25,18.84,17.25,13.46,7.17,14.29,9.17,11.71,8.21,10.29,10.67,11.87,15.54
2071-01-26,10.5,7.67,9.25,3.5,5.91,2.92,6.13,0.67,5.63,3.13,2.75,9.29
2071-01-27,13.62,12.83,7.79,4.25,09.08,2.54,5.83,0.42,4.58,1.63,4.33,7.17
2071-01-28,12.29,10.67,6.79,3.42,08.04,0.5,8.38,1.67,3.29,2.88,9.13,5.83
2071-01-29,07.04,6.92,6.92,3.25,4.25,1.42,07.08,2.96,6.13,4.33,09.08,13.21
2071-01-30,11.67,2.83,12.71,4.21,4.17,1.29,07.04,2.75,4.42,2.79,13.17,13.92
2071-01-31,19.29,14.29,25.29,10.96,10.58,7.5,13.79,10.75,11.21,11.63,18.38,26.0
2071-02-01,12.58,6.63,20.83,07.08,7.12,1.63,8.21,2.58,4.96,03.08,4.71,12.87
2071-02-02,6.29,2.75,7.12,1.42,07.08,4.0,11.67,6.92,8.33,8.21,14.92,21.34
2071-02-03,11.67,1.83,07.04,4.25,6.17,2.17,10.92,4.67,8.29,7.87,7.62,15.29
2071-02-04,07.04,1.21,10.21,03.04,5.41,0.83,3.5,2.0,04.08,2.29,3.79,6.46
2071-02-05,10.75,6.96,9.13,3.92,6.87,2.83,4.96,4.46,3.46,3.21,4.21,6.71
2071-02-06,3.58,1.17,5.25,0.37,2.83,0.42,2.83,0.83,0.83,1.96,6.38,10.08
2071-02-07,2.71,2.75,3.88,0.83,1.25,0.29,07.08,1.63,1.75,2.71,6.17,11.34
2071-02-08,9.79,09.04,8.29,2.92,9.13,5.5,6.79,7.62,6.79,9.54,15.5,17.46
2071-02-09,18.66,15.87,14.58,9.33,13.75,10.21,8.67,12.67,12.58,13.96,22.37,19.62
2071-02-10,11.25,1.38,12.75,6.34,4.21,04.04,5.71,3.71,6.75,7.96,6.5,12.71
2071-02-11,9.25,08.08,10.37,2.79,6.46,4.92,5.0,8.87,6.87,8.79,17.12,18.54
2071-02-12,25.33,22.46,22.67,15.79,24.67,18.34,21.71,18.25,20.71,19.21,27.16,29.29
2071-02-13,18.84,22.46,14.33,12.67,22.79,13.46,19.62,17.04,19.7,15.34,26.79,29.5
2071-02-14,19.17,18.08,16.25,9.83,16.71,11.58,18.5,13.37,14.5,16.33,21.62,25.37
2071-02-15,12.0,11.29,7.83,4.38,9.96,4.67,9.54,5.66,7.87,8.38,9.54,22.71
2071-02-16,21.79,13.0,14.42,8.25,13.21,8.79,11.96,11.0,12.5,10.92,15.46,16.38
2071-02-17,16.04,17.58,12.67,7.87,17.37,10.79,13.21,13.54,15.34,10.79,18.29,13.33
2071-02-18,15.75,10.29,12.08,8.0,15.0,7.29,11.71,7.33,12.0,7.54,9.13,12.67
2071-02-19,9.21,14.83,8.67,3.21,10.58,6.38,5.91,7.87,7.79,5.96,14.71,14.37
2071-02-20,17.25,15.67,15.16,9.29,18.05,12.17,17.04,14.25,14.58,15.87,22.92,23.25
2071-02-21,9.75,5.83,9.54,5.41,8.87,5.13,12.08,05.04,11.08,9.5,10.34,18.05
2071-02-22,9.96,12.21,6.42,3.75,8.96,5.46,6.25,5.79,6.13,6.79,16.08,14.29
2071-02-23,11.96,12.04,9.62,3.29,8.83,4.12,6.58,6.83,6.54,8.17,16.46,18.54
2071-02-24,8.33,10.17,5.75,2.33,6.96,1.67,3.17,2.33,2.75,1.58,6.96,7.21
2071-02-25,7.92,9.62,06.08,3.33,5.46,2.17,2.33,3.42,2.5,2.25,8.54,8.25
2071-02-26,5.54,8.58,5.37,1.71,4.5,1.0,2.54,3.92,2.58,2.13,10.5,11.21
2071-02-27,9.42,8.42,7.33,3.88,07.08,3.88,2.62,5.37,6.5,4.88,11.83,16.08
2071-02-28,6.46,3.0,05.09,1.5,1.67,0.04,03.04,1.13,3.88,4.12,5.13,11.25
2071-03-01,13.5,11.83,14.21,4.83,7.79,4.54,6.71,08.08,8.75,10.54,15.37,20.25
2071-03-02,10.37,4.0,11.75,4.58,5.29,2.79,7.87,3.71,7.54,7.38,5.29,11.63
2071-03-03,05.04,6.75,8.33,2.67,4.92,1.42,6.38,03.04,04.08,4.58,9.38,13.0
2071-03-04,10.37,10.34,6.21,4.33,10.04,5.96,8.25,6.5,7.21,7.67,12.0,18.34
2071-03-05,7.41,4.29,08.04,2.13,4.46,1.46,8.58,3.42,5.96,5.88,9.25,13.88
2071-03-06,8.87,6.63,16.0,5.33,7.12,2.75,6.87,3.54,5.71,2.13,5.75,7.0
2071-03-07,5.33,3.5,6.34,1.5,3.46,0.33,3.42,2.54,3.75,1.75,3.29,10.67
2071-03-08,6.29,4.5,13.83,3.71,4.0,1.17,2.25,2.33,3.79,2.17,4.67,10.54
2071-03-09,7.75,4.38,7.0,3.96,04.08,1.87,6.71,3.17,7.33,6.34,5.5,13.37
2071-03-10,8.83,1.5,5.58,5.58,5.33,2.67,7.0,4.71,7.58,6.46,7.46,13.46
2071-03-11,7.0,4.88,6.96,3.79,8.67,4.5,8.92,7.0,10.04,8.38,14.33,17.96
2071-03-12,11.67,11.83,10.58,6.29,11.67,09.08,13.29,10.41,12.12,12.17,17.5,22.17
2071-03-13,10.83,1.71,11.12,1.42,06.08,2.58,4.71,3.67,5.33,4.88,11.34,14.75
2071-03-14,8.5,3.17,5.21,2.37,04.08,1.67,3.25,2.29,1.42,1.0,07.08,9.13
2071-03-15,9.92,6.25,7.29,2.21,9.42,3.37,4.33,2.13,1.79,0.71,7.17,05.04
2071-03-16,08.08,9.54,7.5,3.58,9.5,5.91,8.21,4.29,6.96,4.25,7.62,8.12
2071-03-17,16.17,14.79,11.96,7.79,14.0,9.13,11.21,9.33,8.87,5.83,10.37,10.79
2071-03-18,19.0,17.83,20.67,14.12,18.79,18.0,23.25,21.04,21.0,20.3,28.08,33.37
2071-03-19,33.04,25.41,26.75,20.46,23.5,18.46,24.25,19.21,19.79,23.63,26.58,35.0
2071-03-20,27.5,15.83,24.17,15.79,17.58,13.42,19.08,13.59,16.17,20.38,17.71,32.3
2071-03-21,12.62,7.0,20.88,8.38,7.67,5.17,12.12,7.12,8.29,7.75,9.71,16.08
2071-03-22,5.63,7.83,14.09,3.5,4.88,1.58,5.96,5.83,4.67,5.33,14.04,14.54
2071-03-23,10.63,8.83,11.25,6.13,11.79,8.71,12.21,10.34,12.75,10.96,15.0,19.79
2071-03-24,16.62,15.09,15.12,8.71,17.16,11.46,15.92,11.83,15.25,11.21,18.29,22.75
2071-03-25,14.5,13.25,11.12,9.67,13.7,09.04,14.83,10.25,15.46,11.12,15.87,21.71
2071-03-26,11.17,8.92,7.87,6.13,9.54,5.29,10.92,4.71,11.5,8.0,7.67,20.46
2071-03-27,3.96,5.83,7.46,02.04,6.75,3.75,5.79,5.54,5.46,5.37,13.7,13.96
2071-03-28,14.17,12.25,13.17,7.46,12.62,10.25,9.96,10.54,11.5,13.88,17.25,20.3
2071-03-29,3.67,1.54,6.58,2.96,5.33,1.13,3.21,2.62,4.38,3.83,6.63,6.13
2071-03-30,3.92,04.08,5.75,01.08,5.29,1.67,02.04,3.71,4.92,3.5,6.87,5.21
2071-03-31,3.83,1.96,5.29,2.0,3.25,0.96,3.42,1.21,3.96,3.13,06.04,4.33
2071-04-01,15.96,9.42,11.79,8.54,14.37,11.54,9.29,10.63,10.92,10.63,16.79,19.0
2071-04-02,17.29,16.13,20.79,9.67,15.34,13.37,14.79,15.63,14.79,10.21,17.33,20.79
2071-04-03,12.92,13.17,24.04,7.62,11.79,08.08,12.96,08.04,10.75,7.5,11.96,15.12
2071-04-04,9.38,07.08,19.17,6.38,8.96,4.75,8.25,3.54,7.12,4.33,5.17,12.25
2071-04-05,7.29,2.67,5.46,3.13,4.33,0.5,1.46,1.29,3.92,2.46,2.88,11.92
2071-04-06,4.17,4.54,06.04,1.79,3.21,0.79,1.42,1.83,1.63,3.17,5.63,8.12
2071-04-07,7.46,5.83,13.17,4.38,7.12,2.25,2.92,4.5,3.75,2.92,5.96,7.12
2071-04-08,8.42,5.37,18.25,7.25,7.0,3.92,6.63,2.96,06.04,2.54,4.38,3.71
2071-04-09,9.75,6.42,19.7,6.5,7.92,4.58,5.17,4.25,6.83,3.63,6.58,4.58
2071-04-10,8.17,3.79,11.42,3.29,5.37,3.5,4.33,2.25,06.08,2.42,6.13,3.88
2071-04-11,6.25,1.87,9.17,1.92,2.58,0.96,1.42,1.25,2.75,1.5,5.13,3.75
2071-04-12,14.04,9.79,10.79,4.38,7.0,5.33,5.79,6.96,8.21,5.58,9.46,7.62
2071-04-13,10.79,4.12,9.62,4.25,8.25,4.71,5.63,5.96,6.46,4.54,4.46,13.79
2071-04-14,7.41,1.79,7.96,1.42,2.46,02.04,2.13,02.08,4.71,1.38,6.67,4.5
2071-04-15,6.38,1.96,8.42,2.33,6.71,3.29,2.29,3.83,3.83,3.17,7.96,8.46
2071-04-16,14.79,9.21,12.12,9.17,14.33,9.71,12.0,10.08,12.75,11.87,13.88,21.84
2071-04-17,11.42,7.33,11.46,5.91,13.75,9.29,13.75,10.29,12.21,11.63,17.67,22.13
2071-04-18,11.04,9.0,12.71,6.63,13.54,10.25,15.83,10.08,15.0,11.96,16.04,23.83
2071-04-19,5.0,4.71,8.67,3.63,7.58,5.46,6.38,5.33,9.17,8.17,8.83,13.67
2071-04-20,9.25,11.42,5.17,3.25,7.29,4.29,3.88,4.38,6.0,4.38,7.46,9.96
2071-04-21,10.13,4.71,6.42,4.21,6.46,7.58,7.5,4.42,8.17,8.79,12.21,15.67
2071-04-22,13.92,9.75,6.71,4.5,7.46,3.92,1.5,6.21,6.75,5.33,6.67,10.88
2071-04-23,18.34,9.0,15.87,9.46,9.46,7.83,11.25,6.34,14.21,12.92,5.66,15.12
2071-04-24,12.25,8.33,10.54,8.17,9.92,08.08,12.62,6.75,9.17,11.21,7.67,18.66
2071-04-25,12.08,13.33,11.79,5.75,15.29,7.67,8.46,12.12,10.25,8.54,14.75,18.41
2071-04-26,9.75,6.79,16.46,5.96,9.17,7.38,11.21,10.37,9.21,7.79,13.88,14.04
2071-04-27,5.46,6.87,8.17,2.92,5.41,2.5,3.83,6.58,5.83,6.54,10.88,15.92
2071-04-28,5.79,1.46,5.83,0.87,3.63,1.21,2.37,2.29,04.08,2.13,3.83,8.71
2071-04-29,6.42,3.79,3.71,1.63,04.08,2.33,2.75,2.33,1.75,0.67,7.79,7.46
2071-04-30,5.21,5.79,4.21,1.83,5.17,2.46,2.83,3.13,03.04,3.63,6.71,8.12
2071-05-01,3.46,1.92,6.83,0.83,1.83,0.37,1.42,1.96,1.54,0.5,4.17,4.0
2071-05-02,6.0,7.54,6.0,2.25,3.46,3.58,3.5,6.25,3.71,4.21,15.67,7.54
2071-05-03,12.92,15.21,7.92,5.5,12.21,8.17,4.33,9.33,8.63,8.71,16.54,13.08
2071-05-04,12.33,13.42,07.08,5.21,11.58,7.46,5.41,6.71,8.96,10.0,11.67,10.5
2071-05-05,16.21,19.46,12.38,7.83,16.5,13.13,7.21,12.38,11.96,10.46,14.33,17.83
2071-05-06,14.12,16.5,10.88,5.25,11.75,6.92,6.54,8.96,9.17,7.58,11.83,17.04
2071-05-07,17.54,15.96,13.59,10.29,14.71,10.71,8.63,10.67,12.29,11.17,10.75,17.25
2071-05-08,15.41,12.67,13.08,9.13,11.34,9.71,7.87,10.0,11.29,12.46,16.58,12.67
2071-05-09,16.42,15.46,14.54,9.17,12.0,10.83,11.46,12.38,12.75,13.92,20.71,18.79
2071-05-10,12.92,13.04,14.21,7.75,11.58,8.83,10.04,15.25,10.88,12.75,24.37,18.34
2071-05-11,5.41,06.04,4.12,1.92,4.38,2.83,1.63,7.41,4.33,6.67,14.71,13.67
2071-05-12,10.08,1.83,14.5,3.33,3.67,3.33,5.17,2.37,4.96,2.29,6.71,6.75
2071-05-13,17.16,6.25,13.75,4.63,5.41,06.08,7.17,8.21,10.96,7.25,8.0,14.21
2071-05-14,7.87,3.29,5.33,3.58,3.37,2.62,4.42,3.37,6.0,05.09,7.21,10.75
2071-05-15,20.91,12.0,13.75,09.04,11.96,8.63,11.12,9.25,12.33,11.87,16.54,21.34
2071-05-16,15.92,11.0,7.21,5.71,13.33,5.75,9.46,10.34,9.67,6.38,17.33,21.84
2071-05-17,12.04,8.96,8.67,5.66,9.92,5.79,7.38,7.46,9.92,9.13,13.21,13.04
2071-05-18,8.87,4.58,6.71,3.92,6.21,03.04,4.25,5.17,7.71,06.04,8.0,13.5
2071-05-19,8.5,03.08,5.71,2.42,3.25,1.38,1.54,2.88,3.0,2.33,6.67,11.96
2071-05-20,7.96,3.46,8.33,2.54,3.21,1.0,1.21,2.71,03.04,4.33,5.54,9.46
2071-05-21,6.92,6.13,08.04,2.46,4.96,3.37,3.46,8.0,4.33,4.58,13.54,09.08
2071-05-22,11.83,7.33,7.62,4.71,8.25,4.21,3.0,06.08,6.25,6.38,7.75,11.0
2071-05-23,16.71,11.54,10.63,6.75,11.12,5.17,4.67,10.13,08.04,9.96,15.54,15.79
2071-05-24,08.08,7.54,7.33,2.33,4.29,2.58,2.54,5.0,5.46,4.88,12.67,16.71
2071-05-25,06.04,3.25,15.54,3.46,3.13,3.96,07.04,2.54,5.71,2.75,5.63,9.83
2071-05-26,8.29,7.29,8.75,4.79,9.71,5.58,7.46,6.96,08.04,7.83,12.96,16.21
2071-05-27,17.92,11.38,9.75,6.29,13.88,7.17,10.63,10.34,10.58,9.62,17.37,18.08
2071-05-28,8.25,9.67,9.25,3.92,10.67,5.33,8.5,6.58,6.83,6.83,9.29,9.29
2071-05-29,7.17,6.67,9.17,4.83,6.54,4.96,6.17,6.0,6.25,7.41,11.04,13.79
2071-05-30,8.87,8.46,10.13,4.17,10.04,4.63,4.88,7.58,5.5,5.75,10.71,7.5
2071-05-31,05.09,4.46,5.71,1.87,3.75,1.0,04.04,1.87,2.25,1.67,2.67,5.5
2071-06-01,7.17,12.25,06.04,3.54,8.21,4.25,6.42,5.46,4.75,5.63,6.71,8.92
2071-06-02,13.46,10.58,12.29,4.75,07.04,5.29,6.13,7.58,8.33,6.25,9.21,11.67
2071-06-03,13.54,09.04,25.5,06.04,9.75,10.0,8.63,9.67,12.04,9.0,10.92,10.46
2071-06-04,12.29,2.92,23.71,5.25,7.87,8.96,9.96,7.58,10.54,7.21,9.75,10.41
2071-06-05,7.17,4.38,20.83,5.58,8.29,5.58,7.75,7.67,6.46,05.09,11.75,10.41
2071-06-06,3.96,3.25,15.12,3.83,4.67,2.67,4.71,5.33,3.29,02.08,12.04,9.25
2071-06-07,4.96,3.92,12.08,3.29,05.04,1.83,4.0,4.75,3.25,2.62,09.04,8.54
2071-06-08,09.08,8.42,07.08,3.42,10.04,4.88,4.38,10.13,6.17,5.41,16.83,14.67
2071-06-09,13.21,11.38,24.08,8.96,10.5,7.38,10.13,7.92,7.67,6.25,15.34,12.04
2071-06-10,9.38,13.37,22.75,07.08,10.83,5.88,8.29,8.96,7.12,6.29,14.04,14.33
2071-06-11,16.33,10.92,12.29,7.33,11.0,5.13,9.54,8.46,9.25,7.46,12.83,16.58
2071-06-12,11.04,8.17,8.29,4.79,9.71,3.67,4.5,4.88,6.21,3.5,7.12,21.12
2071-06-13,10.88,8.63,9.83,3.33,7.71,3.17,3.88,5.75,4.0,4.63,11.34,15.96
2071-06-14,15.25,12.71,25.62,8.58,11.12,5.79,9.67,11.87,08.08,8.0,17.21,19.75
2071-06-15,15.0,9.59,11.34,6.46,12.5,6.58,08.04,7.29,9.96,6.75,11.08,14.88
2071-06-16,12.42,7.96,9.42,6.38,12.54,6.92,9.75,6.96,10.46,8.25,10.54,14.88
2071-06-17,7.33,6.38,08.04,4.12,7.25,4.0,6.21,3.42,5.5,6.42,6.71,11.29
2071-06-18,19.12,17.21,12.5,7.0,16.17,8.63,7.96,9.29,10.08,04.04,13.92,12.42
2071-06-19,14.58,10.04,11.58,6.96,12.33,5.96,7.41,7.12,7.71,3.37,7.46,10.34
2071-06-20,16.42,9.75,11.63,09.04,14.04,8.71,11.25,8.71,11.63,8.87,12.33,13.7
2071-06-21,13.54,11.29,11.75,7.21,13.21,8.58,9.83,11.29,12.12,11.71,16.08,21.62
2071-06-22,7.38,4.5,6.75,2.79,5.96,2.54,06.04,1.92,5.29,5.29,4.42,10.17
2071-06-23,4.79,6.71,4.63,03.08,2.79,02.08,3.83,3.88,2.88,5.13,7.33,3.88
2071-06-24,8.71,10.0,12.0,3.83,9.96,05.04,5.79,9.21,7.67,7.62,14.92,10.13
2071-06-25,14.29,12.87,13.21,7.33,11.38,6.21,6.71,8.58,8.92,8.33,12.5,10.71
2071-06-26,14.46,12.21,11.83,8.79,16.21,10.25,12.92,11.92,13.33,11.42,16.13,14.5
2071-06-27,10.75,09.08,11.29,6.21,13.0,7.0,10.21,8.67,10.88,8.5,15.09,16.66
2071-06-28,8.54,7.75,9.54,4.96,8.38,4.54,6.75,4.71,8.0,5.63,7.17,13.33
2071-06-29,3.96,7.29,8.38,3.67,5.25,3.25,3.79,5.63,6.46,1.46,6.21,4.54
2071-06-30,6.87,07.04,7.33,4.42,9.5,05.04,3.71,06.04,7.21,4.54,14.04,9.13
2071-07-01,5.46,8.12,5.33,2.67,6.42,2.96,7.29,8.67,6.21,5.96,16.75,9.33
2071-07-02,5.75,10.34,6.42,4.42,10.79,4.58,3.37,6.17,5.37,07.04,15.12,10.67
2071-07-03,4.79,6.34,6.29,4.42,6.42,3.33,5.17,4.12,5.13,03.04,4.33,7.5
2071-07-04,4.54,4.25,6.25,2.37,5.17,2.67,2.37,4.75,4.63,3.79,7.75,6.92
2071-07-05,08.04,4.29,6.29,2.58,4.25,1.0,3.88,2.54,3.54,1.87,7.25,09.08
2071-07-06,4.88,2.25,6.38,1.63,2.96,0.71,3.63,1.79,2.42,0.96,6.87,4.88
2071-07-07,6.96,5.91,4.71,4.58,9.0,4.63,05.09,4.29,5.71,5.91,4.71,6.79
2071-07-08,7.96,9.13,7.62,4.46,7.92,4.17,6.54,6.0,5.79,4.21,10.25,12.08
2071-07-09,9.75,7.33,18.5,5.13,7.87,3.0,6.21,2.33,4.38,3.46,04.04,6.5
2071-07-10,5.71,2.75,6.96,1.83,5.41,1.75,3.83,4.5,4.0,04.04,11.29,13.46
2071-07-11,9.17,6.17,5.13,3.96,8.38,3.79,8.29,5.63,6.79,6.67,8.87,15.16
2071-07-12,6.21,11.42,22.04,7.29,9.92,06.04,9.46,7.21,7.87,7.5,10.13,12.62
2071-07-13,7.0,7.67,15.16,6.54,8.17,3.67,4.83,3.83,5.91,4.96,6.54,11.29
2071-07-14,9.29,6.75,6.13,5.71,6.87,3.46,08.04,4.5,8.17,7.33,6.25,16.17
2071-07-15,13.54,08.04,10.34,6.92,10.63,6.5,12.67,9.21,11.83,10.75,10.29,21.67
2071-07-16,7.75,7.71,13.04,6.42,8.83,4.83,8.5,6.17,7.46,7.58,7.33,15.34
2071-07-17,6.34,5.83,9.79,3.67,5.71,0.83,6.5,2.62,3.71,2.0,3.25,7.71
2071-07-18,6.83,2.75,6.83,1.96,6.46,2.33,4.79,2.79,2.58,1.87,4.83,7.38
2071-07-19,9.79,03.04,7.41,2.67,7.21,2.71,7.38,04.04,5.66,4.5,5.79,08.08
2071-07-20,6.25,05.04,6.34,1.17,3.92,1.21,4.58,1.87,2.17,0.92,5.29,7.67
2071-07-21,10.37,10.92,7.67,3.63,9.83,03.08,4.5,02.08,2.71,1.33,5.83,5.29
2071-07-22,9.21,7.5,9.17,3.96,9.21,5.71,7.25,6.58,7.25,4.29,8.54,20.54
2071-07-23,11.12,7.41,9.5,5.13,11.58,07.04,7.17,7.87,7.0,6.58,7.62,24.37
2071-07-24,11.58,5.66,11.0,04.04,9.29,3.96,7.5,3.46,7.17,4.38,9.38,14.92
2071-07-25,8.63,5.88,9.59,6.0,7.29,4.5,8.71,1.83,5.88,3.92,9.42,5.63
2071-07-26,5.63,4.33,9.0,1.38,5.37,1.46,3.0,3.67,2.58,0.92,9.83,4.12
2071-07-27,8.42,5.25,5.66,2.79,05.04,1.79,2.92,1.75,4.42,1.21,6.13,2.88
2071-07-28,7.5,12.33,6.75,4.5,9.62,4.54,4.67,6.58,5.63,5.88,16.96,10.0
2071-07-29,11.29,13.5,7.79,07.08,12.92,7.67,3.63,8.71,08.08,8.25,18.25,10.92
2071-07-30,7.38,8.87,6.71,5.0,9.92,3.17,5.58,5.88,06.04,5.0,08.08,9.71
2071-07-31,12.38,7.58,10.54,4.67,9.67,5.5,7.96,6.0,7.12,3.17,7.67,9.17
2071-08-01,7.71,6.0,9.54,2.75,8.75,05.09,6.25,2.21,5.71,3.88,5.25,9.33
2071-08-02,7.25,6.71,8.46,5.58,8.87,5.37,7.67,3.25,5.75,3.63,6.71,6.29
2071-08-03,11.87,5.54,11.34,5.66,9.46,7.67,9.59,7.62,7.58,6.54,8.21,13.79
2071-08-04,9.92,7.75,11.92,4.71,07.08,3.63,6.92,04.08,5.63,2.75,4.83,13.46
2071-08-05,5.21,5.29,8.79,2.42,5.91,4.25,5.37,4.58,5.75,3.83,10.17,10.25
2071-08-06,11.92,6.71,07.04,5.33,9.62,5.63,7.67,7.58,8.96,7.58,12.25,20.21
2071-08-07,8.33,6.21,9.46,3.67,8.25,4.12,7.67,4.79,6.13,4.21,9.59,9.5
2071-08-08,9.25,7.21,9.92,4.71,13.5,7.12,12.25,7.17,10.25,6.46,12.58,14.5
2071-08-09,7.41,5.41,6.5,3.71,7.54,3.46,8.17,4.88,7.0,5.17,10.21,14.5
2071-08-10,15.83,8.33,12.58,7.83,10.88,4.0,7.58,4.12,7.58,4.92,8.21,08.08
2071-08-11,8.46,6.92,7.92,3.37,7.71,2.46,6.17,3.33,5.66,1.67,6.87,8.54
2071-08-12,11.08,7.0,09.04,3.37,9.59,3.92,6.29,7.21,7.29,5.21,7.33,8.83
2071-08-13,6.92,3.71,6.58,3.5,07.08,3.54,5.79,5.41,6.25,6.0,10.83,18.46
2071-08-14,12.04,09.08,15.59,6.79,10.92,08.08,13.08,11.38,11.08,12.92,19.41,23.38
2071-08-15,6.38,06.08,8.92,4.12,7.38,1.63,5.63,4.88,6.5,8.21,9.29,13.7
2071-08-16,5.29,2.92,6.13,1.46,4.38,0.46,4.5,1.33,2.0,1.42,3.96,7.5
2071-08-17,11.29,3.17,17.37,3.21,6.21,3.42,4.21,3.88,3.79,1.67,6.75,5.41
2071-08-18,9.92,7.29,19.92,5.71,7.41,6.21,9.42,4.33,7.46,3.79,9.13,5.13
2071-08-19,7.33,05.04,16.96,4.75,7.79,3.21,5.96,2.92,4.83,1.5,5.29,2.17
2071-08-20,13.5,2.46,6.67,5.5,7.17,3.83,07.08,2.67,4.58,3.88,5.88,5.33
2071-08-21,5.17,3.71,5.0,2.92,2.5,1.17,4.71,02.04,1.38,0.79,10.79,4.71
2071-08-22,9.67,12.79,9.46,3.83,7.75,3.25,5.41,7.71,4.46,3.58,13.88,6.75
2071-08-23,9.87,7.25,8.67,3.54,9.21,3.75,3.5,7.38,6.79,5.33,11.58,9.92
2071-08-24,4.21,0.83,7.17,1.79,3.46,0.21,1.46,0.08,1.92,0.13,1.63,3.92
2071-08-25,3.79,3.92,6.29,3.0,05.04,03.04,2.79,5.25,4.54,5.88,12.79,11.42
2071-08-26,9.42,9.62,8.0,4.12,11.46,6.54,6.46,8.83,8.12,8.46,13.0,15.67
2071-08-27,14.21,10.46,11.96,6.17,13.62,8.42,11.29,8.21,11.04,9.83,16.33,17.41
2071-08-28,18.29,13.92,15.75,6.96,12.79,07.08,10.79,5.71,9.54,5.83,11.71,16.08
2071-08-29,14.62,10.96,11.63,7.67,14.46,8.79,11.04,6.21,10.67,6.0,13.17,13.75
2071-08-30,12.0,10.5,9.13,5.41,15.16,08.04,11.58,8.12,11.08,8.25,13.75,17.33
2071-08-31,15.12,13.96,13.33,7.21,17.37,11.34,14.67,12.12,13.54,13.25,21.34,21.21
2071-09-01,11.08,8.54,10.08,7.17,13.7,11.5,13.25,10.29,12.75,12.83,17.33,24.87
2071-09-02,12.75,9.54,13.88,5.58,11.75,8.92,12.04,9.33,9.92,8.5,14.79,17.5
2071-09-03,6.38,1.46,8.67,03.04,1.83,2.25,2.83,1.38,1.25,2.83,9.62,14.62
2071-09-04,2.5,3.79,3.63,1.71,2.29,0.92,4.63,1.33,3.13,3.54,6.46,13.46
2071-09-05,10.08,6.71,05.09,3.37,10.17,6.21,05.04,4.12,3.92,3.21,6.63,9.42
2071-09-06,11.67,11.21,6.34,5.25,10.29,8.92,6.83,4.92,6.29,5.33,7.17,12.46
2071-09-07,10.08,8.29,7.0,4.79,9.42,6.87,6.71,5.25,6.83,6.0,6.83,14.71
2071-09-08,11.04,08.04,8.67,4.5,10.63,6.58,5.46,6.42,7.58,7.71,6.67,15.12
2071-09-09,12.67,7.62,10.46,5.41,11.0,11.12,06.08,9.42,10.67,11.34,11.25,19.08
2071-09-10,9.79,10.25,8.54,4.88,12.17,9.71,8.96,9.67,10.13,11.83,13.37,19.7
2071-09-11,10.46,6.5,10.17,5.17,10.54,8.21,8.21,6.71,8.92,8.17,9.62,15.92
2071-09-12,5.33,1.83,4.54,0.87,3.71,0.92,1.67,0.83,0.33,02.04,1.63,4.21
2071-09-13,1.79,7.12,4.92,1.13,5.29,2.79,2.54,1.5,2.5,1.25,10.13,5.13
2071-09-14,3.21,5.63,3.29,0.87,3.17,2.0,4.25,1.67,1.58,0.79,10.5,4.42
2071-09-15,3.46,3.79,3.88,0.96,1.46,1.46,3.92,0.67,0.92,0.29,6.17,3.0
2071-09-16,5.54,7.75,6.0,2.33,8.46,5.46,3.67,2.71,3.0,2.5,12.12,7.87
2071-09-17,12.25,9.0,8.17,5.21,11.08,7.29,7.33,4.54,5.75,5.63,13.21,11.04
2071-09-18,3.46,2.75,2.96,1.54,4.54,1.92,1.58,1.83,0.83,1.13,4.21,10.46
2071-09-19,8.5,2.37,05.09,2.25,6.0,04.04,6.96,3.33,4.38,3.13,7.41,13.67
2071-09-20,6.42,2.42,3.42,02.08,6.13,3.5,5.13,2.92,6.21,3.92,8.92,14.71
2071-09-21,2.46,1.87,2.37,01.04,3.42,2.33,2.83,2.96,3.46,2.83,7.67,13.21
2071-09-22,4.79,1.5,12.38,1.33,2.67,01.08,2.0,01.08,0.67,0.37,4.29,2.62
2071-09-23,4.92,05.04,4.46,01.04,3.92,02.04,6.0,4.21,4.63,4.58,10.75,14.67
2071-09-24,10.75,2.17,18.41,2.79,7.29,6.92,6.17,4.83,6.38,2.71,8.46,10.0
2071-09-25,9.83,6.83,8.0,4.21,9.33,4.88,6.54,5.0,5.71,4.67,10.13,13.67
2071-09-26,16.29,17.16,11.54,7.79,16.66,10.13,8.71,8.38,8.42,7.21,12.54,14.88
2071-09-27,10.54,3.58,9.0,4.92,8.21,05.04,8.38,03.04,06.08,3.75,4.42,9.96
2071-09-28,7.12,6.5,6.5,2.13,5.46,4.92,4.17,4.58,3.71,3.58,12.67,12.54
2071-09-29,15.5,13.08,14.46,6.38,9.71,8.12,10.79,4.54,8.5,6.29,8.25,10.71
2071-09-30,10.29,13.04,9.21,4.38,10.0,7.83,7.41,5.66,7.12,4.5,13.75,15.71
2071-10-01,11.08,11.54,11.38,8.17,9.38,7.29,5.71,7.46,7.96,8.54,14.58,15.63
2071-10-02,10.04,6.96,5.5,3.58,8.46,5.75,4.79,3.79,4.25,03.08,7.17,8.79
2071-10-03,10.0,3.13,6.83,2.67,6.0,2.67,2.92,01.04,03.08,2.71,2.21,5.71
2071-10-04,06.08,10.67,4.63,2.67,7.62,5.54,5.17,3.71,5.5,5.33,8.63,11.87
2071-10-05,13.88,13.42,12.46,7.75,13.42,12.08,07.04,8.33,10.5,10.25,14.17,20.41
2071-10-06,12.75,10.83,10.92,7.0,11.63,10.17,10.79,10.58,10.71,12.87,22.17,20.67
2071-10-07,7.46,6.92,8.75,3.58,8.0,6.5,8.67,10.08,8.58,11.25,15.0,10.25
2071-10-08,4.29,6.29,6.0,3.21,8.87,6.54,9.75,7.38,7.87,8.75,7.41,10.96
2071-10-09,5.13,6.0,06.08,2.75,9.59,5.91,9.92,5.96,8.17,7.38,14.42,18.79
2071-10-10,17.46,16.62,15.79,8.83,16.75,13.21,16.92,13.75,14.46,15.34,20.25,24.75
2071-10-11,9.46,6.25,9.67,4.17,10.08,6.87,8.33,4.83,8.25,5.96,14.96,19.7
2071-10-12,8.25,7.67,14.71,3.79,6.96,4.5,7.33,05.09,6.58,5.88,10.96,19.95
2071-10-13,13.59,11.87,20.67,4.58,9.21,6.87,12.46,6.0,8.29,7.0,5.66,12.08
2071-10-14,13.29,10.08,12.04,4.79,9.92,6.58,6.38,7.71,7.71,9.25,15.87,16.71
2071-10-15,19.41,12.21,18.46,8.42,14.33,10.88,11.92,9.71,11.75,13.79,20.58,23.16
2071-10-16,10.08,9.46,10.54,3.25,8.79,6.42,6.42,5.5,7.17,7.58,12.54,14.5
2071-10-17,22.42,19.92,18.16,11.21,19.41,14.79,17.0,12.96,15.63,14.25,21.34,22.75
2071-10-18,22.46,19.21,19.0,8.54,18.21,12.29,16.62,12.21,12.87,12.58,23.29,24.87
2071-10-19,17.04,17.83,14.88,9.87,17.96,11.79,17.08,10.67,13.33,13.37,21.87,26.08
2071-10-20,14.5,11.38,10.75,4.83,12.33,8.54,14.21,4.88,9.54,10.17,15.67,25.17
2071-10-21,26.2,20.54,21.67,12.0,17.54,14.92,16.79,18.16,14.79,19.12,32.63,28.67
2071-10-22,13.25,14.42,17.71,09.08,10.96,9.59,14.46,12.25,13.88,14.92,26.25,21.59
2071-10-23,12.38,12.96,11.29,6.42,8.58,7.92,6.71,6.21,7.12,8.29,15.21,17.67
2071-10-24,13.0,6.21,12.38,4.88,8.29,7.0,08.04,04.04,7.25,6.34,6.17,11.96
2071-10-25,10.21,10.0,10.63,02.08,8.33,5.79,7.12,4.63,6.63,3.88,8.75,10.13
2071-10-26,12.21,11.25,12.92,05.04,11.96,09.04,10.46,8.25,7.62,7.5,12.96,16.92
2071-10-27,14.37,13.0,13.7,4.58,13.25,8.75,10.67,8.0,7.92,8.58,16.08,9.92
2071-10-28,16.29,13.33,18.21,8.29,13.92,13.0,13.75,10.79,11.12,11.63,16.08,19.7
2071-10-29,9.75,8.17,7.38,3.75,10.92,7.71,7.92,8.38,08.08,10.5,20.71,20.83
2071-10-30,15.75,8.29,14.09,6.42,10.96,9.54,10.71,10.29,9.96,11.54,21.37,24.87
2071-10-31,8.63,7.87,9.29,2.92,8.83,7.0,6.21,8.21,6.21,09.08,19.17,19.55
2071-11-01,14.21,10.92,13.5,06.08,9.75,10.67,9.79,10.08,9.13,12.33,20.62,21.59
2071-11-02,17.0,12.21,18.08,10.46,10.37,10.25,14.96,10.83,10.96,12.46,18.0,25.12
2071-11-03,14.04,12.38,14.71,6.34,9.92,08.08,9.0,11.54,7.83,10.37,22.42,21.29
2071-11-04,18.71,15.16,17.08,9.17,14.37,12.42,15.12,14.25,12.29,16.13,10.71,12.38
2071-11-05,16.04,9.92,12.42,6.67,10.21,7.75,11.96,5.33,12.38,7.46,13.29,20.96
2071-11-06,15.83,12.17,12.46,6.75,11.29,7.46,9.54,7.25,9.83,10.25,15.54,22.29
2071-11-07,14.33,12.83,12.17,5.96,14.79,10.79,13.92,10.17,13.59,11.5,19.41,27.79
2071-11-08,23.96,18.25,16.71,10.83,15.16,10.08,15.12,11.25,15.5,15.12,24.3,38.04
2071-11-09,17.62,11.87,20.0,6.71,9.17,6.58,10.21,4.71,7.62,7.0,14.09,24.13
2071-11-10,7.75,2.92,10.5,1.42,4.92,1.87,6.21,1.63,4.67,3.25,8.33,14.42
2071-11-11,4.25,4.42,7.17,0.92,4.79,0.96,2.88,0.87,1.79,1.29,5.71,10.88
2071-11-12,5.37,4.88,7.0,3.33,8.92,5.33,09.08,5.13,8.12,6.5,12.25,16.08
2071-11-13,13.88,12.25,11.5,7.12,10.37,8.54,10.0,6.71,9.87,9.96,15.96,25.96
2071-11-14,9.29,5.46,9.33,3.17,6.83,3.54,7.58,4.21,6.21,6.42,9.38,18.29
2071-11-15,7.54,8.17,6.46,4.58,11.29,7.75,14.37,7.0,12.46,10.67,18.54,24.08
2071-11-16,11.21,9.96,10.41,08.04,12.54,8.75,14.37,07.08,13.37,9.87,12.29,27.16
2071-11-17,11.34,12.17,9.33,7.17,14.17,8.67,12.17,7.92,11.17,8.71,12.71,16.83
2071-11-18,16.92,11.17,15.96,9.87,14.0,9.62,11.63,7.21,9.59,8.83,13.42,24.83
2071-11-19,12.75,6.13,15.59,6.13,07.04,05.09,11.34,3.42,7.96,7.87,10.63,22.17
2071-11-20,18.75,18.91,15.34,9.87,19.67,12.96,13.13,12.21,13.33,09.04,20.67,22.71
2071-11-21,23.58,20.62,21.5,15.63,18.84,14.5,20.33,12.96,16.54,16.92,24.58,35.92
2071-11-22,18.21,16.17,16.83,9.71,12.67,9.59,12.38,8.5,11.54,8.0,18.96,24.46
2071-11-23,20.54,19.04,16.62,9.96,15.09,9.59,12.5,10.41,12.29,10.54,17.37,20.96
2071-11-24,6.0,1.21,8.63,2.21,03.04,1.29,07.08,1.33,04.04,2.33,5.63,12.58
2071-11-25,5.91,4.17,6.87,2.71,8.42,5.79,12.42,3.54,8.83,6.25,10.46,14.37
2071-11-26,7.92,6.58,5.5,3.71,9.54,5.96,9.21,6.96,9.38,7.71,16.33,17.12
2071-11-27,11.63,10.13,8.83,4.5,9.38,7.46,9.62,5.71,8.92,8.33,13.46,17.33
2071-11-28,7.5,8.67,5.83,1.29,7.17,4.67,09.04,2.17,6.46,5.13,10.75,14.21
2071-11-29,11.67,10.79,12.04,3.21,11.79,8.0,7.83,7.62,7.67,10.0,19.75,21.37
2071-11-30,16.29,16.08,8.33,4.0,11.34,5.79,09.08,5.83,08.08,4.21,18.79,15.29
2071-12-01,13.04,10.37,9.0,3.42,8.25,5.5,8.54,3.0,07.04,4.54,10.71,14.12
2071-12-02,12.5,10.29,12.96,3.46,6.17,1.96,5.13,1.46,3.58,2.17,06.04,9.87
2071-12-03,3.33,7.92,6.34,0.37,5.58,4.67,7.41,5.41,5.0,4.92,14.33,18.12
2071-12-04,04.08,6.67,7.12,02.08,05.09,5.25,9.67,4.54,6.58,7.0,13.04,16.38
2071-12-05,11.5,6.79,06.08,2.46,8.58,04.08,4.96,07.04,4.33,7.62,16.75,16.71
2071-12-06,5.29,04.04,4.46,01.04,4.67,2.79,5.96,3.75,3.75,5.75,10.63,18.0
2071-12-07,5.46,0.42,05.09,0.5,1.63,0.46,8.33,0.04,2.17,04.08,7.54,17.79
2071-12-08,4.67,0.67,5.75,0.33,2.13,1.71,8.42,1.21,4.17,4.17,10.83,16.38
2071-12-09,6.96,3.75,6.17,4.67,7.58,5.41,11.12,07.08,9.71,9.71,13.88,22.95
2071-12-10,7.96,6.21,07.04,5.25,8.87,6.75,11.58,7.12,11.54,09.08,15.87,20.75
2071-12-11,9.13,7.71,6.67,3.37,8.17,7.17,12.29,5.63,8.79,10.75,15.29,21.0
2071-12-12,16.33,12.75,13.67,6.13,10.25,9.42,10.88,10.34,9.29,12.25,21.75,20.79
2071-12-13,15.79,10.83,13.92,6.29,10.83,8.38,12.08,6.58,9.75,10.67,15.12,19.38
2071-12-14,20.38,18.58,19.12,11.25,17.58,14.0,17.04,15.0,14.62,18.54,26.34,28.08
2071-12-15,19.0,15.83,16.29,8.17,13.5,12.29,15.37,15.63,13.33,15.96,26.67,29.04
2071-12-16,17.0,16.96,14.46,7.12,11.83,11.17,12.29,10.75,10.79,12.75,20.96,21.59
2071-12-17,18.12,16.21,14.54,8.75,12.62,9.96,9.17,11.75,11.54,14.96,26.5,24.83
2071-12-18,26.5,20.25,20.0,15.09,17.58,14.21,14.62,14.21,16.29,17.29,28.04,26.42
2071-12-19,25.0,23.54,19.7,14.58,23.91,16.71,19.33,16.96,17.08,17.46,29.2,31.42
2071-12-20,21.84,21.17,20.08,10.63,20.38,16.46,21.92,17.54,18.71,18.5,28.16,29.95
2071-12-21,10.46,08.08,10.34,6.5,11.42,8.42,15.41,11.08,13.92,13.25,23.13,30.13
2071-12-22,7.58,05.09,10.83,03.04,4.21,1.38,3.96,0.54,1.87,1.58,7.46,14.88
2071-12-23,8.12,08.08,10.13,3.0,9.33,7.41,13.13,8.46,8.87,9.38,22.88,24.58
2071-12-24,18.46,15.25,16.38,7.83,12.29,11.96,16.42,14.92,13.62,15.67,27.84,26.04
2071-12-25,22.08,15.96,15.04,10.08,14.96,12.46,11.79,11.67,12.0,14.75,15.79,19.46
2071-12-26,15.12,12.75,17.04,7.79,11.17,8.21,11.04,9.25,8.83,07.08,12.04,13.88
2071-12-27,8.75,6.13,09.04,3.13,7.0,7.41,13.13,12.96,11.12,10.88,19.25,27.0
2071-12-28,13.25,9.67,19.12,7.5,11.34,7.33,13.25,9.21,9.46,7.75,09.04,15.46
2071-12-29,12.42,10.0,24.25,7.46,10.25,6.0,14.58,6.67,9.21,8.63,5.66,17.46
2071-12-30,13.04,6.34,27.67,8.42,11.54,4.12,16.21,6.71,10.46,7.29,6.67,16.46
2071-12-31,14.88,10.5,26.08,8.46,13.5,10.04,21.04,10.25,13.54,11.34,12.12,27.33
2072-01-01,9.29,3.63,14.54,4.25,6.75,4.42,13.0,5.33,10.04,8.54,8.71,19.17
2072-01-02,8.96,1.46,12.0,4.5,3.21,0.83,06.04,0.67,3.79,0.79,1.75,7.83
2072-01-03,6.83,0.67,9.25,2.29,2.46,0.17,3.88,0.21,2.88,1.25,2.21,5.88
2072-01-04,8.46,0.87,5.41,02.04,4.79,0.29,2.62,0.92,1.63,1.96,4.38,6.58
2072-01-05,10.88,9.17,5.88,0.87,02.04,0.13,2.75,1.38,01.08,1.13,4.83,7.29
2072-01-06,17.0,13.92,13.54,4.46,12.29,10.25,7.62,7.75,7.87,6.17,9.79,13.54
2072-01-07,13.92,12.0,19.12,8.0,12.5,12.08,16.46,11.63,11.12,13.42,14.67,25.04
2072-01-08,14.46,10.29,16.17,8.79,12.58,11.29,17.0,9.21,13.29,15.59,11.34,28.33
2072-01-09,11.0,7.41,8.5,03.04,7.54,4.29,5.25,3.37,5.79,4.21,5.0,11.08
2072-01-10,20.88,18.34,18.12,10.17,14.04,10.08,14.04,9.29,12.17,13.62,17.83,21.29
2072-01-11,13.29,12.17,13.29,4.96,8.83,6.67,11.34,06.08,8.17,9.38,16.04,16.13
2072-01-12,19.83,14.42,18.16,7.58,13.42,10.25,11.87,9.38,11.38,13.59,18.08,23.09
2072-01-13,8.63,4.58,9.29,2.17,04.08,1.87,4.12,0.75,3.46,2.71,4.5,8.92
2072-01-14,23.96,20.62,19.5,9.17,18.05,12.5,16.08,10.54,13.08,13.21,15.04,19.12
2072-01-15,9.17,10.71,15.16,6.34,10.37,7.54,15.34,7.58,10.21,10.46,11.0,21.96
2072-01-16,23.67,20.62,20.17,8.79,16.83,12.75,16.58,12.5,12.33,12.71,15.16,21.04
2072-01-17,14.5,18.71,10.25,5.91,18.41,12.75,12.38,12.87,13.25,11.25,13.96,21.62
2072-01-18,20.25,15.96,15.75,7.79,14.17,10.37,12.33,9.25,12.17,12.5,19.5,22.83
2072-01-19,10.34,10.88,6.96,4.46,10.04,5.46,11.25,3.96,9.0,7.33,12.21,21.25
2072-01-20,7.54,10.37,6.38,3.67,8.87,5.83,10.41,4.29,7.92,5.96,12.67,19.7
2072-01-21,7.21,7.29,7.12,1.46,7.71,4.75,10.41,3.54,6.75,6.13,10.83,16.46
2072-01-22,12.79,13.42,11.42,4.92,10.0,8.75,13.7,08.08,10.71,10.54,12.58,14.75
2072-01-23,20.41,17.0,18.46,8.92,13.92,11.29,13.0,12.08,12.46,14.5,22.29,23.0
2072-01-24,13.0,16.13,10.63,5.5,12.04,6.34,14.0,5.13,9.42,9.33,15.09,20.04
2072-01-25,13.17,14.46,10.79,4.46,11.67,7.71,9.13,6.87,09.04,08.04,14.67,17.37
2072-01-26,22.71,19.12,15.71,10.21,17.62,9.87,12.87,8.75,12.71,8.71,17.54,19.5
2072-01-27,26.42,14.83,22.13,15.21,15.0,12.29,18.05,10.71,16.62,19.55,19.25,33.25
2072-01-28,11.29,7.25,23.29,7.0,8.42,3.13,14.04,3.37,8.38,6.79,7.25,10.83
2072-01-29,12.29,8.58,19.29,6.38,8.83,5.0,14.92,4.63,9.17,6.58,8.63,14.21
2072-01-30,11.25,10.13,10.34,2.37,08.08,2.58,6.92,4.29,5.0,4.38,10.08,12.29
2072-01-31,22.5,22.29,19.08,8.0,20.96,14.5,12.5,14.33,11.5,10.25,20.41,22.17
2072-02-01,12.87,11.0,15.83,6.79,09.04,09.04,17.29,6.83,10.41,13.5,11.63,28.33
2072-02-02,33.84,26.38,28.16,18.41,24.25,22.5,25.04,20.79,19.92,20.96,24.21,33.63
2072-02-03,19.55,17.46,11.34,7.17,15.29,10.71,09.08,13.54,11.12,14.42,23.75,22.46
2072-02-04,13.04,9.67,12.79,3.58,08.08,6.25,06.04,4.54,6.5,4.96,10.17,12.04
2072-02-05,6.13,6.96,10.04,04.04,8.25,4.63,10.46,5.96,7.79,6.87,9.75,25.0
2072-02-06,2.79,2.29,3.21,0.96,3.21,0.0,1.92,0.21,0.87,0.5,02.08,6.71
2072-02-07,05.09,5.66,07.08,0.5,5.13,2.5,3.33,0.46,2.37,0.67,05.09,9.71
2072-02-08,14.21,13.75,12.08,5.63,12.83,08.08,8.38,6.87,8.17,6.83,12.38,12.38
2072-02-09,10.71,8.75,9.13,3.5,9.87,6.79,7.83,7.5,7.92,11.34,17.88,18.34
2072-02-10,17.12,11.25,13.17,7.17,12.92,9.59,10.21,6.29,10.88,10.46,16.71,17.88
2072-02-11,18.96,14.12,15.0,7.41,12.92,8.83,11.46,6.92,9.83,10.46,12.67,16.79
2072-02-12,16.33,14.21,10.71,7.54,15.0,7.83,13.67,7.58,10.21,8.96,15.29,19.04
2072-02-13,15.12,10.08,8.92,5.96,11.54,6.96,12.58,8.75,11.63,8.83,17.79,20.58
2072-02-14,12.46,10.79,9.17,4.21,10.92,6.87,9.21,5.54,7.54,6.63,10.13,14.42
2072-02-15,20.21,15.34,16.92,9.54,11.83,8.0,13.96,8.54,10.37,11.5,16.79,22.67
2072-02-16,24.37,23.79,16.42,11.54,20.62,13.08,17.12,18.91,14.42,20.91,32.08,37.04
2072-02-17,17.08,13.04,18.29,10.46,12.79,9.38,14.17,10.13,10.75,13.0,15.29,18.34
2072-02-18,9.17,5.0,22.0,6.63,7.58,4.58,12.96,03.08,7.25,06.08,5.0,10.58
2072-02-19,6.58,5.25,7.38,1.5,7.0,0.58,4.33,3.92,3.83,4.12,9.13,11.79
2072-02-20,10.17,9.83,6.21,2.5,10.37,6.25,4.12,6.58,4.96,4.83,12.04,11.71
2072-02-21,6.17,1.38,7.62,2.67,3.79,0.75,4.58,1.0,2.37,0.96,2.33,05.09
2072-02-22,9.29,3.21,16.29,5.58,5.41,1.25,7.5,0.58,4.25,02.04,3.13,5.54
2072-02-23,15.29,8.67,17.54,5.83,8.87,7.87,14.12,8.21,11.34,7.33,8.63,13.59
2072-02-24,17.16,12.17,17.12,8.58,11.58,9.0,14.42,10.46,12.71,10.79,12.87,16.04
2072-02-25,7.79,6.87,10.54,4.88,09.04,6.63,7.5,6.29,8.25,6.96,9.46,17.88
2072-02-26,11.17,11.25,10.58,5.46,9.96,6.92,8.29,7.17,7.29,8.33,11.42,13.7
2072-02-27,25.62,14.12,16.92,12.29,16.17,12.58,11.83,10.54,13.62,15.54,16.66,22.83
2072-02-28,12.92,6.21,12.92,6.29,7.71,03.04,08.04,3.92,5.66,6.29,13.42,13.37
2072-02-29,16.13,15.12,12.46,7.46,14.67,9.62,8.58,10.92,10.37,12.71,22.83,23.0
2072-03-01,6.21,7.5,6.67,1.96,7.46,3.13,7.38,1.67,4.21,2.37,7.83,11.25
2072-03-02,20.17,13.62,16.92,7.38,12.62,8.12,10.88,6.96,9.87,10.92,13.88,18.5
2072-03-03,26.3,22.29,19.04,14.17,21.96,15.71,18.12,15.79,17.96,19.04,23.33,27.54
2072-03-04,12.79,10.67,12.25,7.46,14.58,09.04,11.42,5.88,10.96,12.33,13.5,21.62
2072-03-05,16.5,12.71,10.63,6.25,11.54,6.79,8.87,6.75,08.04,8.42,15.09,16.58
2072-03-06,23.38,13.83,23.16,12.92,18.58,15.16,18.41,13.88,14.46,14.0,16.92,28.79
2072-03-07,24.71,19.33,29.95,12.75,16.0,11.5,15.83,11.08,11.75,11.08,17.79,21.5
2072-03-08,10.58,6.38,15.71,4.92,5.75,1.79,7.87,01.08,04.08,04.08,5.17,9.21
2072-03-09,6.29,9.33,6.58,2.29,7.92,03.08,4.83,2.75,4.67,06.04,9.79,14.12
2072-03-10,10.25,6.5,18.29,6.63,6.58,5.5,11.17,4.75,9.13,7.67,7.38,14.79
2072-03-11,15.21,12.54,32.75,11.12,12.83,11.46,18.96,6.71,12.33,10.63,10.46,15.59
2072-03-12,17.46,8.83,23.25,9.33,11.58,10.58,16.5,8.46,12.29,8.29,9.13,12.96
2072-03-13,15.83,11.08,15.67,07.04,11.46,8.29,11.46,6.21,10.37,8.12,11.21,15.0
2072-03-14,9.79,8.58,9.87,6.17,9.71,8.79,7.75,6.0,8.5,8.5,11.42,13.25
2072-03-15,1.46,6.67,2.92,01.08,4.5,1.67,3.29,2.17,1.87,2.0,9.59,6.54
2072-03-16,6.17,6.96,6.58,2.37,7.41,1.58,2.29,4.88,3.25,2.96,3.83,9.46
2072-03-17,09.04,11.08,8.67,5.0,11.46,6.87,6.5,8.12,7.83,5.66,8.58,13.25
2072-03-18,7.96,2.88,8.92,7.71,6.21,5.41,6.79,4.33,7.21,7.29,8.79,9.67
2072-03-19,9.87,2.0,4.92,3.33,4.75,2.67,3.71,1.54,05.09,03.08,2.79,08.08
2072-03-20,5.88,3.92,10.58,3.58,4.33,0.54,4.12,1.83,3.0,1.87,2.96,09.08
2072-03-21,5.71,4.63,11.08,3.79,4.75,0.71,3.63,2.79,3.21,3.71,8.17,14.29
2072-03-22,5.83,4.21,4.79,2.79,3.29,1.0,6.87,4.17,4.5,5.17,9.62,15.46
2072-03-23,5.58,4.21,8.63,3.21,4.79,1.17,3.88,02.04,3.58,2.96,6.79,5.88
2072-03-24,8.25,10.41,9.46,6.38,11.29,7.17,06.04,6.71,8.58,8.17,8.63,13.04
2072-03-25,13.79,14.62,11.38,7.12,12.62,8.79,9.46,7.67,8.17,6.13,14.04,18.46
2072-03-26,16.42,17.0,11.79,10.29,18.88,11.17,15.63,15.04,14.33,11.46,23.04,21.34
2072-03-27,27.12,24.67,17.29,17.16,28.16,17.0,22.92,21.75,22.5,17.96,28.88,27.37
2072-03-28,19.55,14.92,14.12,13.13,19.87,11.83,16.08,13.62,17.92,12.04,17.67,20.38
2072-03-29,11.54,10.04,11.0,4.92,9.46,6.34,9.54,7.17,9.0,7.12,11.71,15.34
2072-03-30,18.05,13.21,14.88,07.04,9.38,5.54,9.33,07.04,8.0,6.87,6.92,14.17
2072-03-31,12.21,11.04,12.08,6.13,11.17,07.04,8.54,8.96,9.17,6.96,12.29,11.25
2072-04-01,14.83,14.12,15.63,8.5,15.83,11.87,17.04,15.25,14.46,11.83,18.66,17.83
2072-04-02,19.95,17.21,17.08,11.34,17.04,12.08,17.33,15.25,14.67,13.46,19.29,20.3
2072-04-03,14.88,13.88,13.54,8.17,15.41,10.5,14.42,14.21,13.62,12.75,23.67,23.71
2072-04-04,23.13,19.55,16.58,12.0,18.91,12.67,14.21,14.79,13.88,11.63,17.29,14.25
2072-04-05,18.12,17.29,17.16,11.54,20.12,13.46,19.29,14.62,17.46,14.83,22.54,23.91
2072-04-06,18.91,16.21,14.21,8.33,13.25,7.67,12.62,9.33,9.83,8.17,15.0,16.88
2072-04-07,18.34,15.92,15.54,8.96,15.54,10.04,11.67,11.83,12.38,7.79,14.37,8.12
2072-04-08,15.92,12.42,11.29,10.29,13.67,8.83,14.88,9.0,12.79,10.83,11.12,21.0
2072-04-09,18.05,13.29,13.67,8.5,12.5,9.59,11.54,11.5,11.17,10.83,17.88,19.04
2072-04-10,21.54,22.29,15.12,14.33,26.58,15.59,18.16,21.04,17.96,12.83,25.5,20.3
2072-04-11,29.79,19.33,20.08,16.29,21.59,13.59,18.12,16.66,16.92,18.66,17.71,26.54
2072-04-12,8.42,5.91,9.71,4.58,6.25,2.17,9.17,4.83,7.12,4.0,7.58,10.63
2072-04-13,6.75,6.67,06.04,2.33,4.79,0.79,5.46,2.46,2.67,1.96,6.25,7.5
2072-04-14,19.29,9.29,13.46,9.17,13.46,8.67,13.92,11.71,13.42,12.38,15.83,21.42
2072-04-15,7.83,5.88,8.46,4.92,8.5,3.96,9.5,4.88,8.21,06.08,10.34,13.13
2072-04-16,5.79,5.17,04.08,3.37,7.38,3.42,6.25,4.79,5.63,3.79,9.29,13.62
2072-04-17,6.29,2.58,4.83,3.25,4.96,1.79,5.46,3.21,5.17,4.5,5.96,13.04
2072-04-18,9.21,2.17,5.37,3.5,4.5,1.75,7.75,3.29,5.33,6.83,4.79,10.29
2072-04-19,07.04,3.17,13.29,3.29,4.71,3.67,6.34,2.62,4.54,2.21,7.54,7.58
2072-04-20,8.38,3.54,14.04,3.88,5.54,3.54,6.29,3.42,5.66,3.92,4.63,10.67
2072-04-21,8.79,6.58,10.34,4.71,5.37,2.62,6.71,5.54,5.71,6.63,6.54,10.08
2072-04-22,13.42,11.29,23.16,8.58,11.58,7.25,12.42,9.46,9.25,9.25,13.59,10.13
2072-04-23,7.96,7.67,22.58,6.79,7.25,5.41,8.71,7.33,6.79,04.04,9.67,7.46
2072-04-24,10.13,6.75,22.08,6.0,8.42,6.79,11.34,5.58,7.92,5.33,9.83,6.79
2072-04-25,7.0,4.67,9.29,2.58,4.21,1.83,5.21,3.96,4.42,2.17,5.5,6.38
2072-04-26,12.17,7.58,8.54,4.54,6.71,3.71,8.0,5.66,6.38,7.87,7.67,13.13
2072-04-27,13.04,8.63,10.21,5.91,6.29,3.92,9.17,5.88,8.12,8.92,9.21,13.59
2072-04-28,14.79,10.92,12.92,6.75,12.33,8.29,13.0,11.96,11.38,12.46,19.08,21.25
2072-04-29,16.88,16.29,13.46,8.29,14.09,10.04,15.04,13.17,13.83,12.54,16.66,22.79
2072-04-30,13.62,12.87,15.37,6.29,10.83,5.58,11.5,8.58,8.58,8.58,16.04,13.0
2072-05-01,12.62,12.92,11.42,4.88,11.0,3.46,6.67,04.04,5.13,4.96,11.92,7.79
2072-05-02,13.79,11.5,5.63,3.88,9.33,3.88,4.5,6.58,4.46,05.09,11.83,10.88
2072-05-03,18.88,12.17,11.42,8.21,9.79,5.79,9.62,9.0,8.63,8.12,12.87,11.71
2072-05-04,17.41,11.71,20.3,8.92,9.59,4.88,9.83,9.54,8.0,10.41,12.04,8.38
2072-05-05,8.29,6.29,20.25,6.34,5.17,3.92,9.71,2.54,6.58,7.12,6.21,13.04
2072-05-06,9.5,5.54,08.08,2.29,6.29,1.0,3.17,3.29,1.75,1.29,7.87,8.21
2072-05-07,13.5,7.79,12.33,6.0,8.29,4.96,8.17,07.04,7.25,6.87,9.13,9.62
2072-05-08,22.13,16.0,19.08,10.17,15.41,10.67,15.09,13.08,11.87,15.29,17.33,21.59
2072-05-09,21.71,14.04,17.79,7.87,15.04,8.83,10.0,10.25,11.25,10.21,16.83,15.96
2072-05-10,13.62,11.5,8.79,5.41,12.12,7.58,8.67,09.08,7.96,5.41,14.54,11.17
2072-05-11,19.75,14.5,12.67,6.21,12.17,07.08,7.67,8.12,08.08,8.87,14.0,16.38
2072-05-12,13.96,10.29,12.67,6.87,10.96,5.58,8.87,10.08,8.83,8.54,16.21,19.75
2072-05-13,13.33,11.67,25.62,8.96,9.96,6.75,10.88,11.79,8.58,12.25,17.71,18.34
2072-05-14,14.12,14.04,22.17,8.83,10.58,09.04,10.41,12.12,9.62,12.87,17.41,21.87
2072-05-15,15.87,11.58,15.92,8.96,9.67,6.38,11.67,8.96,9.67,12.33,11.92,17.04
2072-05-16,8.58,4.33,7.21,03.04,5.29,2.0,4.21,3.79,3.83,2.75,11.71,9.13
2072-05-17,6.0,7.0,6.92,02.04,5.58,0.96,4.71,6.58,1.87,2.67,6.71,8.12
2072-05-18,10.79,9.29,10.37,5.63,8.79,3.71,3.21,3.92,4.0,2.71,6.83,11.54
2072-05-19,9.79,9.83,13.33,8.42,10.63,8.63,8.87,8.75,09.04,10.37,11.38,14.0
2072-05-20,7.12,7.5,11.25,3.96,8.79,2.67,10.04,4.58,6.79,8.54,8.17,15.25
2072-05-21,15.09,11.67,13.37,5.58,11.29,6.17,9.5,9.75,7.38,9.92,15.0,18.16
2072-05-22,20.0,16.29,12.29,9.46,14.83,9.87,08.08,11.25,10.34,10.71,19.33,14.67
2072-05-23,20.17,13.79,18.12,12.04,15.63,10.13,12.25,11.87,12.54,14.96,17.96,24.54
2072-05-24,22.67,21.46,18.08,10.04,20.54,12.12,13.33,17.88,15.21,15.92,27.16,22.95
2072-05-25,25.12,21.17,21.17,13.79,23.09,15.54,19.75,17.0,16.96,16.17,28.12,24.25
2072-05-26,28.79,26.0,23.63,16.83,33.04,17.88,24.5,20.41,21.62,17.79,27.71,29.5
2072-05-27,23.42,14.42,16.92,13.25,17.96,12.75,18.0,14.17,16.46,15.41,17.33,21.79
2072-05-28,17.88,15.37,15.5,9.0,19.29,10.37,15.0,15.67,13.59,13.29,24.58,21.46
2072-05-29,21.84,19.55,17.83,12.46,23.58,13.13,20.08,17.92,17.33,17.5,26.38,28.04
2072-05-30,19.08,15.59,13.37,12.25,20.04,12.83,19.55,16.33,16.62,16.42,20.04,23.25
2072-05-31,10.04,6.92,8.46,5.63,9.92,5.83,7.96,7.21,9.33,7.83,10.13,12.25
2072-06-01,5.58,5.25,5.91,2.17,4.92,1.58,3.25,4.12,04.08,4.38,11.58,11.87
2072-06-02,16.13,15.21,13.92,6.83,13.75,09.08,10.63,13.25,11.25,12.54,21.21,22.13
2072-06-03,13.79,10.21,11.83,5.71,11.08,8.25,11.38,8.96,8.83,10.96,19.0,17.92
2072-06-04,6.29,7.54,4.75,2.62,6.42,4.54,4.58,7.67,4.71,7.71,16.04,11.96
2072-06-05,9.96,6.38,11.38,4.88,3.83,5.0,5.96,05.04,4.21,04.08,9.17,7.5
2072-06-06,10.21,07.08,10.83,5.79,6.67,3.46,6.92,4.12,4.29,3.92,7.41,8.67
2072-06-07,15.71,10.21,9.25,7.29,9.29,6.92,09.04,7.58,8.96,9.67,10.58,11.96
2072-06-08,9.29,11.0,8.29,05.09,9.75,5.83,09.04,5.66,6.79,5.33,12.12,11.58
2072-06-09,14.96,15.5,6.58,5.66,11.04,7.58,7.5,11.04,7.96,8.87,16.71,15.09
2072-06-10,16.79,14.04,11.08,8.71,12.04,7.25,9.0,10.92,10.5,14.37,15.09,20.54
2072-06-11,9.5,9.79,8.25,03.08,5.54,1.87,6.0,3.21,2.83,5.66,7.21,9.96
2072-06-12,10.04,13.92,3.63,2.37,8.21,5.46,4.71,7.83,5.21,6.83,10.83,11.08
2072-06-13,12.21,11.96,17.25,7.83,8.25,6.42,09.08,9.33,6.54,7.0,12.21,9.71
2072-06-14,8.0,6.75,9.25,5.37,6.42,03.04,03.08,5.46,5.37,4.88,7.17,9.71
2072-06-15,10.71,8.75,5.46,05.09,7.71,4.33,6.92,6.38,5.5,6.25,8.42,10.41
2072-06-16,7.38,5.37,6.17,3.29,6.54,4.17,3.54,6.17,4.88,4.0,12.17,12.79
2072-06-17,20.75,18.29,18.46,10.13,16.5,13.13,15.04,16.38,12.87,15.37,23.42,22.54
2072-06-18,16.66,12.38,12.08,9.71,15.12,10.41,13.0,12.87,11.58,11.25,17.25,20.0
2072-06-19,14.67,12.92,8.75,7.0,12.79,9.33,11.63,9.59,9.29,9.29,14.79,14.88
2072-06-20,19.0,15.71,14.25,7.17,15.29,10.71,10.83,13.67,10.54,12.08,22.46,20.12
2072-06-21,15.59,14.04,15.59,10.21,16.75,12.83,18.38,14.88,15.71,14.21,21.25,25.17
2072-06-22,15.75,12.75,11.21,10.5,15.83,12.04,15.29,15.21,15.54,15.04,18.63,25.12
2072-06-23,10.37,8.96,9.38,06.04,12.67,8.25,12.58,6.17,11.0,8.67,14.92,16.5
2072-06-24,11.58,9.71,12.42,5.54,11.5,7.71,11.17,9.42,9.92,10.13,16.79,14.5
2072-06-25,11.58,9.59,13.33,5.21,10.63,7.75,8.21,11.5,8.21,10.83,19.55,17.21
2072-06-26,5.63,6.87,9.75,5.58,7.0,4.67,5.91,7.29,5.37,6.5,14.12,10.37
2072-06-27,9.71,10.04,07.04,6.25,8.87,6.63,8.71,5.79,6.42,05.09,9.79,9.0
2072-06-28,4.63,7.83,9.54,4.96,9.17,6.63,7.87,6.79,7.92,6.38,12.67,12.58
2072-06-29,6.92,9.21,07.04,3.46,5.25,3.33,05.09,05.09,4.67,4.75,14.83,9.87
2072-06-30,14.83,13.29,13.21,7.12,12.83,9.38,9.79,11.96,10.96,12.0,21.84,17.79
2072-07-01,11.83,11.87,08.08,06.04,13.04,9.29,12.71,9.71,10.63,08.04,17.29,17.12
2072-07-02,9.0,10.08,8.63,5.21,9.42,07.04,09.04,5.88,8.54,7.21,9.17,12.21
2072-07-03,14.5,13.92,13.25,06.04,13.92,6.42,8.75,4.29,7.83,3.79,6.87,8.75
2072-07-04,14.58,10.04,16.58,5.17,10.34,6.0,7.62,4.92,7.92,4.33,11.71,7.5
2072-07-05,7.58,09.04,8.46,05.04,9.71,6.13,8.42,6.46,8.96,5.75,13.37,16.66
2072-07-06,9.17,11.5,8.29,2.83,10.13,5.33,5.0,08.08,5.91,5.17,12.96,10.67
2072-07-07,12.46,8.71,12.25,5.91,11.63,7.54,10.92,06.04,10.83,7.83,11.67,15.46
2072-07-08,6.79,7.17,5.71,2.33,7.5,3.88,4.17,05.04,6.38,4.0,12.17,12.42
2072-07-09,11.79,12.96,09.08,5.58,12.38,8.25,9.92,8.92,10.21,7.25,15.71,15.79
2072-07-10,13.92,14.46,12.75,7.87,18.05,10.92,15.25,11.17,13.46,11.21,18.58,22.37
2072-07-11,9.5,8.42,09.08,3.58,7.75,4.63,08.04,5.71,7.21,4.63,11.58,13.67
2072-07-12,10.04,10.08,11.87,06.08,9.87,6.5,7.29,09.08,8.5,8.17,14.46,16.33
2072-07-13,3.25,7.12,6.46,03.08,4.38,3.0,3.79,4.67,4.12,3.96,7.71,8.71
2072-07-14,2.75,3.96,4.5,1.21,3.17,1.0,2.5,2.92,2.88,0.67,09.08,04.08
2072-07-15,4.75,1.96,9.42,1.54,2.33,2.67,3.54,1.33,4.75,1.38,4.5,4.88
2072-07-16,6.25,3.92,15.0,04.04,3.79,4.21,4.33,2.42,6.34,2.62,7.54,4.21
2072-07-17,11.54,5.37,19.04,5.46,6.63,6.29,6.58,5.58,7.92,5.13,9.33,2.92
2072-07-18,12.67,4.71,17.04,4.5,6.38,8.0,9.96,5.66,8.58,3.54,10.29,4.75
2072-07-19,3.37,0.96,9.92,2.79,3.63,2.42,04.08,2.13,4.79,1.83,9.71,2.5
2072-07-20,2.13,03.08,10.25,2.33,5.46,1.63,3.67,5.21,3.79,1.71,12.0,6.17
2072-07-21,3.0,1.42,10.46,2.5,4.83,2.88,03.08,2.67,4.29,2.58,12.87,7.5
2072-07-22,4.38,2.5,7.87,3.79,04.08,1.17,3.21,0.67,2.62,0.79,5.21,8.67
2072-07-23,4.42,3.92,5.0,2.37,5.75,1.75,4.29,2.13,4.0,1.46,3.33,04.08
2072-07-24,6.92,3.96,05.09,2.46,6.38,1.38,5.46,5.0,4.42,04.08,11.83,8.42
2072-07-25,4.17,3.63,3.88,3.58,4.63,0.54,4.21,2.67,3.63,1.5,12.87,09.04
2072-07-26,4.54,2.58,9.87,2.25,3.46,1.21,04.04,1.33,4.38,1.29,6.5,4.96
2072-07-27,4.71,3.54,5.79,1.29,4.17,0.79,2.33,2.21,1.92,0.96,5.25,06.04
2072-07-28,7.96,5.5,5.5,3.46,5.75,2.62,3.75,3.54,6.0,1.87,8.71,4.21
2072-07-29,7.62,6.29,7.5,4.17,4.33,3.21,6.17,1.71,5.75,3.25,7.79,07.04
2072-07-30,10.92,13.54,8.33,4.54,10.71,5.25,05.09,7.41,07.08,4.71,14.83,10.34
2072-07-31,22.42,19.41,9.0,8.0,15.83,7.29,8.33,10.67,10.13,6.29,17.25,12.79
2072-08-01,21.87,15.16,17.37,11.46,13.79,10.75,12.42,10.37,13.0,10.92,15.41,19.29
2072-08-02,14.88,10.46,8.25,7.25,10.08,5.13,11.5,8.33,10.71,10.17,13.08,18.12
2072-08-03,12.29,8.63,11.29,04.04,5.33,2.46,8.63,5.37,6.34,4.71,12.42,10.46
2072-08-04,13.62,11.08,10.75,8.12,13.62,10.21,17.54,11.54,13.17,10.79,13.08,18.05
2072-08-05,11.46,12.46,11.42,6.34,9.21,6.63,11.21,08.08,09.08,7.0,14.62,13.83
2072-08-06,14.04,13.75,13.25,7.33,10.13,6.25,9.83,8.92,6.21,7.38,17.08,13.62
2072-08-07,13.88,10.71,14.12,07.08,10.13,8.21,12.62,8.92,10.17,08.04,11.5,12.5
2072-08-08,14.79,12.58,11.0,8.25,13.21,08.04,14.12,9.71,11.96,10.54,12.67,15.16
2072-08-09,6.92,7.75,6.92,4.67,8.12,06.08,9.87,6.83,8.71,6.38,11.83,16.5
2072-08-10,5.75,7.12,6.67,2.58,7.41,4.79,7.17,5.54,6.46,4.42,7.96,10.5
2072-08-11,11.46,14.17,7.87,5.66,8.67,6.38,6.92,9.21,08.08,6.75,21.37,15.75
2072-08-12,15.96,9.17,10.41,6.92,08.08,9.59,9.92,7.41,10.58,12.12,10.71,18.75
2072-08-13,06.04,4.79,4.5,1.96,1.87,0.87,3.92,1.17,2.5,1.71,5.0,5.91
2072-08-14,6.17,5.91,5.63,03.04,3.54,2.17,07.04,4.42,4.88,04.08,9.33,10.5
2072-08-15,7.83,5.63,7.92,3.0,4.58,1.67,6.67,2.25,4.25,2.54,7.21,10.54
2072-08-16,8.29,7.46,10.29,05.04,8.75,7.29,11.54,10.88,10.41,8.63,18.91,20.71
2072-08-17,17.37,10.25,12.71,9.21,11.83,9.13,15.12,11.25,13.08,10.63,13.25,19.75
2072-08-18,9.96,05.04,08.08,3.42,5.37,4.25,8.87,3.5,7.75,6.38,8.38,14.75
2072-08-19,4.92,2.13,6.29,1.75,5.54,3.92,8.58,3.79,6.79,4.0,12.79,15.37
2072-08-20,10.34,6.87,7.17,04.08,8.0,5.41,8.25,5.21,8.12,5.41,6.29,11.17
2072-08-21,5.83,3.75,7.79,1.63,02.04,0.75,4.29,1.13,2.62,2.67,3.17,8.71
2072-08-22,3.75,2.21,4.67,1.42,1.54,0.92,2.62,1.42,2.79,1.42,3.5,6.75
2072-08-23,7.21,2.96,5.5,2.88,2.92,3.0,7.92,04.04,5.33,4.71,7.29,14.58
2072-08-24,7.25,1.96,9.62,3.42,1.63,1.79,5.0,2.54,4.88,4.12,4.21,9.67
2072-08-25,7.62,2.33,17.83,3.29,3.63,05.09,5.88,3.17,6.34,3.29,8.17,7.17
2072-08-26,08.04,1.42,9.54,1.25,2.17,1.38,6.71,2.54,6.0,3.54,5.79,10.58
2072-08-27,10.34,2.54,10.41,3.33,5.5,2.71,6.13,4.25,06.08,3.13,4.38,9.87
2072-08-28,8.17,05.09,11.42,2.25,4.0,02.04,6.83,2.92,6.13,3.92,4.42,10.54
2072-08-29,06.08,1.63,8.12,2.13,3.92,1.5,6.92,2.62,6.21,5.37,3.21,11.08
2072-08-30,5.37,04.08,9.62,2.67,3.13,0.08,4.88,2.13,2.83,1.25,3.79,7.75
2072-08-31,7.0,2.46,16.04,2.29,3.46,03.04,5.33,2.17,4.92,2.13,6.54,5.66
2072-09-01,8.83,1.92,12.67,2.92,2.5,1.29,3.67,1.79,4.46,1.67,3.75,3.83
2072-09-02,06.08,4.67,11.17,3.13,2.58,02.08,4.75,2.58,4.0,2.71,6.63,6.83
2072-09-03,8.71,06.08,19.5,5.66,7.38,4.46,6.38,6.58,6.71,5.0,11.46,11.38
2072-09-04,4.58,5.83,18.46,5.71,6.29,4.29,5.91,6.83,5.21,3.17,13.17,12.08
2072-09-05,3.96,02.08,05.09,1.13,02.08,0.67,3.96,0.54,1.96,0.29,05.09,04.04
2072-09-06,8.54,4.88,8.67,3.0,4.79,2.67,5.96,4.33,4.67,4.63,11.29,11.67
2072-09-07,10.46,7.87,7.83,4.46,7.67,05.09,10.0,4.63,8.96,5.25,9.5,14.42
2072-09-08,10.54,10.71,19.62,3.42,5.13,2.58,6.17,2.54,3.58,2.58,6.54,6.92
2072-09-09,14.21,8.79,14.58,6.54,8.54,4.67,10.67,4.71,9.46,7.38,10.83,14.92
2072-09-10,10.46,7.38,08.04,4.21,7.62,6.21,11.58,5.37,9.21,7.54,12.17,18.38
2072-09-11,9.83,9.29,8.25,4.83,8.25,6.58,12.38,6.13,9.92,07.04,12.58,14.25
2072-09-12,9.96,6.79,6.92,5.0,6.17,04.08,10.67,5.37,9.17,6.17,10.63,16.08
2072-09-13,13.33,10.17,9.59,6.0,09.08,5.54,10.13,6.75,8.83,07.04,12.67,16.04
2072-09-14,6.54,4.67,13.62,3.58,3.42,0.87,5.0,0.96,3.37,01.08,5.66,2.83
2072-09-15,5.33,2.67,5.37,1.54,1.92,1.42,4.54,1.96,2.33,0.79,3.79,4.38
2072-09-16,6.96,3.33,7.0,2.75,3.25,2.0,7.58,2.88,6.0,1.63,6.58,5.63
2072-09-17,7.21,5.63,9.13,2.75,4.42,1.0,3.88,5.17,2.37,0.71,5.41,5.29
2072-09-18,7.75,4.46,8.0,2.71,2.17,0.96,4.5,2.46,2.21,1.33,3.58,8.0
2072-09-19,6.79,4.42,12.42,03.08,1.87,1.17,5.83,2.83,2.79,1.38,2.83,5.25
2072-09-20,5.25,6.58,7.41,2.37,4.17,3.88,6.17,9.59,4.71,6.87,14.42,15.12
2072-09-21,6.63,7.92,8.87,3.21,3.46,2.33,07.08,5.75,4.75,5.33,9.29,13.54
2072-09-22,6.63,7.17,6.17,01.04,3.54,2.21,4.38,5.17,3.25,0.75,8.5,7.67
2072-09-23,16.0,12.96,11.87,3.46,5.41,5.5,7.87,8.42,8.0,3.96,9.33,11.25
2072-09-24,12.75,12.62,13.33,4.46,08.08,4.88,10.29,8.79,08.04,4.42,7.38,12.75
2072-09-25,11.42,11.08,10.75,3.37,5.88,3.88,6.63,6.21,5.21,4.71,8.54,12.5
2072-09-26,8.79,9.79,6.25,1.5,03.08,1.71,3.54,3.71,2.0,2.29,6.17,6.0
2072-09-27,4.63,5.63,3.42,1.0,2.25,1.17,3.5,2.17,1.71,0.46,4.71,5.83
2072-09-28,6.29,9.13,5.58,1.79,5.71,3.63,2.54,6.0,3.54,4.38,13.08,10.88
2072-09-29,15.92,14.88,11.71,7.5,10.54,9.25,8.33,11.92,9.13,10.13,24.54,19.0
2072-09-30,23.04,16.62,15.63,11.63,12.42,11.34,11.5,15.09,13.29,14.46,21.25,20.04
2072-10-01,14.17,12.62,11.17,6.38,11.29,8.25,11.42,10.37,9.21,9.25,15.04,20.38
2072-10-02,9.59,6.5,10.25,3.96,2.46,2.29,9.13,7.0,7.71,4.63,7.67,13.54
2072-10-03,10.41,3.54,5.75,1.25,1.42,0.33,3.5,2.75,04.08,01.08,3.17,7.46
2072-10-04,10.54,5.17,8.71,1.29,1.79,0.46,04.04,3.33,4.17,1.67,3.46,3.75
2072-10-05,18.88,16.66,11.92,5.21,9.42,5.41,07.04,10.0,9.5,07.04,13.0,11.08
2072-10-06,15.12,12.79,7.62,3.46,8.12,4.54,5.75,7.46,6.63,5.83,9.5,12.0
2072-10-07,10.88,12.79,10.58,5.66,9.38,6.21,5.5,7.46,6.92,5.33,11.08,12.96
2072-10-08,16.71,14.17,15.92,10.13,11.38,10.25,10.08,11.79,12.54,14.09,14.96,17.75
2072-10-09,10.41,10.88,11.54,5.46,6.17,4.29,7.71,6.0,7.0,6.79,10.17,11.67
2072-10-10,13.75,13.33,10.83,5.46,7.92,4.38,9.38,10.17,7.75,7.33,18.71,17.88
2072-10-11,8.71,09.08,12.62,4.96,6.63,05.09,11.25,7.67,7.79,5.58,13.5,9.33
2072-10-12,8.67,6.38,11.54,2.37,3.88,2.17,5.75,4.67,3.29,02.08,8.38,12.83
2072-10-13,7.17,5.83,13.17,3.71,2.79,3.33,5.91,3.13,4.46,1.79,3.88,3.33
2072-10-14,9.0,6.83,16.17,5.5,5.58,4.83,8.87,6.54,6.75,4.17,8.92,6.75
2072-10-15,12.71,7.87,13.46,05.04,6.38,4.83,10.29,8.54,7.5,5.13,8.67,6.13
2072-10-16,11.58,6.79,12.38,4.0,5.13,03.04,6.75,5.54,4.63,2.88,6.13,9.83
2072-10-17,8.79,5.91,14.83,4.92,7.29,3.58,10.5,7.38,07.04,03.04,6.25,8.33
2072-10-18,11.87,6.75,15.46,5.83,6.83,3.71,11.34,7.41,7.41,1.87,05.09,7.38
2072-10-19,8.63,7.96,13.62,4.92,5.63,1.54,5.83,6.29,5.13,3.63,9.13,14.09
2072-10-20,9.17,7.5,16.25,5.5,5.21,2.96,09.08,6.58,6.75,6.96,11.67,17.79
2072-10-21,8.46,5.13,10.96,4.67,5.75,4.71,10.88,08.04,8.75,5.79,12.17,20.41
2072-10-22,11.46,12.58,10.67,08.04,11.25,9.92,20.62,15.63,15.12,14.25,20.25,28.21
2072-10-23,10.0,12.83,8.79,6.63,9.83,07.08,14.0,10.54,10.67,9.79,13.83,23.16
2072-10-24,4.83,7.96,6.46,2.75,5.79,4.17,9.33,5.58,6.71,5.5,11.71,15.41
2072-10-25,11.83,11.34,8.87,4.21,9.21,5.83,9.17,10.25,8.71,9.25,19.38,20.04
2072-10-26,17.5,15.34,17.0,10.13,13.46,10.96,12.38,13.37,13.33,14.33,16.46,23.04
2072-10-27,11.92,14.09,13.0,05.09,7.38,04.08,8.33,8.33,5.33,05.04,15.83,12.25
2072-10-28,17.04,16.83,14.12,08.04,11.58,9.71,11.96,12.46,11.67,12.54,22.37,20.54
2072-10-29,22.0,17.41,21.42,12.29,15.0,12.62,12.87,14.58,14.12,16.46,25.17,25.75
2072-10-30,3.67,5.21,4.42,1.42,4.42,3.75,6.42,4.75,05.09,4.71,11.42,18.58
2072-10-31,10.71,6.25,11.04,3.88,4.38,1.13,4.58,3.37,3.75,1.71,12.54,13.13
2072-11-01,4.79,8.38,8.25,2.33,5.63,7.17,9.25,11.21,8.63,9.59,17.75,18.91
2072-11-02,7.54,7.33,11.46,2.13,04.08,5.63,8.12,10.41,7.75,9.13,18.41,19.55
2072-11-03,9.42,8.38,9.87,3.33,05.04,4.12,8.5,6.38,6.46,4.63,7.33,9.71
2072-11-04,12.25,11.67,12.96,4.17,4.92,3.25,3.79,5.63,5.41,3.17,7.67,6.71
2072-11-05,4.92,6.42,6.38,2.37,3.17,2.67,3.88,5.96,3.92,3.5,9.38,10.71
2072-11-06,7.12,10.13,12.92,3.0,4.88,06.08,8.46,10.75,9.25,8.42,14.79,17.62
2072-11-07,9.79,8.46,10.79,3.13,3.96,2.25,6.5,3.46,5.79,3.37,10.83,15.75
2072-11-08,7.38,7.79,5.71,1.42,5.83,4.38,7.67,7.41,6.21,6.5,15.54,20.96
2072-11-09,26.83,23.0,21.84,13.29,15.92,13.5,18.29,16.75,15.71,16.33,26.75,33.21
2072-11-10,15.67,19.08,10.63,8.71,12.46,7.12,15.54,13.13,12.12,11.04,23.25,28.96
2072-11-11,17.83,18.25,11.38,9.42,11.79,8.33,15.83,13.59,14.54,11.12,22.17,27.25
2072-11-12,21.5,20.12,15.96,09.04,12.71,7.41,12.33,10.63,10.88,8.79,13.62,14.46
2072-11-13,8.46,8.63,08.08,3.92,5.46,4.25,10.17,5.5,8.33,5.46,8.12,16.04
2072-11-14,8.5,6.54,08.08,2.58,3.71,02.04,7.67,2.37,5.41,3.58,7.29,12.92
2072-11-15,7.29,7.29,5.71,01.04,3.71,03.08,8.63,4.25,5.88,4.38,10.04,18.96
2072-11-16,7.92,11.04,14.29,3.63,4.12,1.58,6.71,4.29,3.46,1.29,6.87,13.75
2072-11-17,12.25,10.41,13.62,3.37,4.38,02.08,9.25,4.92,5.0,04.04,11.08,14.5
2072-11-18,17.83,14.21,15.75,6.21,10.88,7.83,10.88,8.33,7.75,8.75,11.38,18.0
2072-11-19,18.63,14.79,15.04,6.21,6.96,5.33,8.29,6.54,5.96,3.83,7.33,13.17
2072-11-20,19.62,26.46,14.37,11.87,17.58,9.42,14.5,10.37,13.0,6.34,12.25,11.54
2072-11-21,14.96,16.88,13.5,9.33,11.5,8.54,18.91,12.33,14.46,9.87,16.71,13.92
2072-11-22,8.71,8.83,7.87,3.88,6.0,3.79,9.96,5.79,7.83,5.66,12.42,22.63
2072-11-23,10.21,6.13,11.5,3.75,3.75,2.33,10.83,4.54,8.58,8.29,10.0,22.88
2072-11-24,7.29,3.46,9.5,03.08,2.25,0.29,6.71,1.75,2.83,1.67,4.29,8.46
2072-11-25,5.37,2.62,8.12,2.62,6.29,3.42,11.75,6.67,8.33,5.41,11.0,18.71
2072-11-26,7.5,10.17,5.96,1.67,5.29,3.83,7.87,7.0,3.58,4.92,14.83,16.46
2072-11-27,23.38,22.46,19.75,12.96,13.92,13.96,15.96,18.58,14.17,17.67,27.58,25.84
2072-11-28,13.08,17.0,9.62,6.21,11.5,8.79,15.0,10.21,11.17,11.83,18.79,25.46
2072-11-29,18.21,17.58,17.83,9.96,11.71,11.34,16.96,12.04,12.33,11.67,18.88,21.62
2072-11-30,13.17,17.04,10.34,6.29,11.21,09.04,14.62,10.46,9.75,9.29,16.92,18.0
2072-12-01,20.58,17.92,18.46,9.62,16.75,13.21,18.29,12.75,13.83,13.83,22.42,26.2
2072-12-02,6.0,10.21,4.75,0.87,7.17,4.92,5.37,5.58,3.71,1.71,08.08,9.59
2072-12-03,16.71,16.88,12.29,7.46,10.13,9.46,13.25,10.67,8.67,8.0,14.0,17.08
2072-12-04,20.21,22.79,16.83,11.0,12.0,10.79,19.38,10.71,13.04,11.54,14.25,20.54
2072-12-05,25.58,20.46,22.08,10.37,18.46,15.25,21.71,17.92,16.79,16.29,27.5,29.83
2072-12-06,16.88,17.67,11.58,5.54,12.08,9.59,12.87,8.83,7.75,8.5,12.87,18.63
2072-12-07,11.38,14.46,11.46,6.83,11.75,9.83,15.29,8.87,10.17,8.21,12.38,12.54
2072-12-08,11.08,10.08,7.21,02.08,4.67,3.67,6.87,3.67,3.21,2.13,4.75,6.92
2072-12-09,11.75,12.67,10.04,3.71,8.67,08.08,13.37,10.0,8.5,8.46,17.25,20.08
2072-12-10,15.46,18.5,12.67,6.42,13.88,11.0,17.5,9.33,11.79,11.5,19.0,22.71
2072-12-11,24.13,22.04,20.62,13.08,17.37,14.88,15.92,16.13,13.29,16.38,29.08,26.54
2072-12-12,20.25,18.63,17.33,10.17,16.42,14.62,16.92,16.46,14.04,16.17,27.21,26.25
2072-12-13,14.88,14.17,16.29,7.62,8.75,9.5,11.46,11.29,9.38,11.54,22.92,25.62
2072-12-14,25.96,23.45,20.04,18.46,19.04,15.71,19.08,19.12,15.12,14.92,24.25,20.79
2072-12-15,17.5,23.42,16.66,11.38,15.71,13.46,14.54,14.37,12.75,11.12,19.46,19.87
2072-12-16,16.25,16.13,15.21,9.96,12.5,10.88,13.88,12.08,11.38,10.92,15.29,20.17
2072-12-17,20.71,25.17,17.12,9.79,18.41,13.7,17.71,16.62,12.83,11.42,20.38,25.66
2072-12-18,9.87,16.04,14.33,8.25,13.75,11.58,15.71,10.63,9.38,6.17,13.79,25.5
2072-12-19,9.59,13.37,8.96,6.46,7.33,7.29,5.29,9.87,8.87,10.46,25.46,19.83
2072-12-20,8.46,12.08,8.42,5.17,7.46,7.17,2.13,9.59,6.54,5.37,20.54,18.16
2072-12-21,1.79,2.21,3.96,0.37,1.71,0.92,02.08,2.25,0.71,0.92,6.17,9.59
2072-12-22,5.91,9.0,4.75,2.17,06.08,3.79,2.62,5.46,4.54,4.17,14.88,15.29
2072-12-23,13.0,10.71,10.29,03.04,6.87,4.88,8.96,5.58,8.17,6.87,13.88,18.08
2072-12-24,15.0,16.62,13.96,5.17,11.38,9.29,9.71,9.96,9.0,7.41,14.42,14.88
2072-12-25,26.71,23.54,23.33,16.5,23.63,18.25,21.46,21.37,19.75,21.29,27.46,31.25
2072-12-26,14.29,12.33,11.96,5.41,8.92,6.54,11.08,9.13,9.59,9.17,12.62,15.79
2072-12-27,19.04,11.58,21.42,10.92,12.29,12.87,18.41,13.0,12.42,9.79,12.42,14.5
2072-12-28,30.42,20.3,17.08,14.12,14.17,11.96,14.33,12.42,13.7,11.54,15.87,16.04
2072-12-29,08.04,7.83,9.25,3.37,4.79,3.58,5.88,5.33,5.5,4.58,17.21,14.67
2072-12-30,13.62,14.67,11.83,7.54,11.04,8.54,7.83,12.0,11.29,12.12,21.04,25.0
2072-12-31,13.83,14.46,15.87,9.75,8.71,11.0,10.67,11.54,11.5,10.75,18.0,17.5
1973-01-01,16.5,15.92,14.62,7.41,8.29,11.21,13.54,7.79,10.46,10.79,13.37,9.71
1973-01-02,15.75,12.12,15.04,8.0,8.79,10.41,13.25,9.67,09.04,10.17,12.29,14.04
1973-01-03,7.38,9.33,9.17,2.21,3.13,2.54,5.33,1.63,4.46,0.71,2.83,5.63
1973-01-04,2.92,4.58,4.63,1.0,2.75,0.96,4.5,0.46,03.08,0.79,4.12,4.17
1973-01-05,6.42,6.79,6.25,1.33,3.29,1.0,2.71,1.79,3.13,0.58,3.67,4.83
1973-01-06,10.58,09.04,7.54,2.25,5.96,3.0,5.79,4.5,5.54,03.08,5.37,06.04
1973-01-07,12.08,10.88,10.13,4.25,6.13,4.96,5.63,6.34,5.25,04.08,6.46,7.87
1973-01-08,7.75,8.12,3.54,0.63,5.21,2.88,2.67,1.25,2.58,0.33,5.0,6.79
1973-01-09,12.17,12.08,6.21,1.5,8.38,5.41,3.13,6.42,03.08,1.21,8.63,7.79
1973-01-10,14.46,14.37,11.58,3.58,09.08,6.42,8.29,7.54,6.21,5.37,10.71,10.29
1973-01-11,15.79,14.75,15.71,7.38,8.58,10.29,11.58,10.34,8.42,8.42,12.79,13.04
1973-01-12,22.37,16.92,22.04,13.54,15.16,14.37,17.41,13.79,15.37,16.66,16.66,23.63
1973-01-13,12.71,2.67,13.42,5.46,7.33,6.63,10.0,4.25,8.5,7.62,4.83,14.79
1973-01-14,22.0,21.71,18.05,11.08,17.16,13.17,12.96,10.79,11.87,11.46,16.08,17.12
1973-01-15,14.33,19.62,11.71,10.88,17.33,14.0,22.04,16.54,15.83,18.96,25.37,30.37
1973-01-16,7.38,4.17,4.42,1.75,4.63,3.33,7.92,2.21,4.42,3.75,7.0,14.09
1973-01-17,6.42,03.08,8.38,1.54,2.83,0.13,4.5,0.79,0.67,0.04,7.12,6.5
1973-01-18,23.67,22.37,15.87,7.67,18.58,13.5,12.17,15.09,11.87,11.58,22.67,23.45
1973-01-19,17.21,8.42,25.08,13.75,10.08,13.17,25.12,7.75,19.12,20.83,8.63,32.66
1973-01-20,11.17,12.0,7.5,4.96,9.59,5.21,11.12,7.46,8.33,6.83,14.25,17.54
1973-01-21,11.58,8.17,7.62,4.63,7.83,5.71,14.71,5.5,10.13,7.71,11.38,24.25
1973-01-22,10.96,12.58,11.71,2.75,9.0,7.25,11.29,7.71,7.54,5.75,13.42,16.33
1973-01-23,10.34,12.25,8.92,3.33,9.42,7.96,12.87,11.25,9.33,08.08,17.29,14.5
1973-01-24,13.37,16.96,10.67,4.29,10.04,7.54,9.54,12.5,9.17,10.21,21.0,19.55
1973-01-25,15.54,14.17,12.75,7.67,12.0,11.38,12.83,10.83,12.5,10.63,16.25,16.75
1973-01-26,15.37,16.75,13.13,7.33,14.79,11.21,16.71,12.12,13.33,11.08,17.88,21.29
1973-01-27,15.5,16.42,06.04,05.04,13.29,5.58,6.83,8.38,8.0,3.0,9.46,10.75
1973-01-28,16.08,7.67,7.96,6.75,9.71,7.75,13.08,10.41,11.58,7.62,13.04,15.0
1973-01-29,10.21,11.42,08.04,4.21,7.25,6.92,9.59,10.17,9.38,10.54,15.34,16.79
1973-01-30,15.25,18.5,10.75,7.79,12.08,8.71,14.71,10.63,11.54,10.5,18.5,18.66
1973-01-31,15.25,14.46,8.21,5.13,11.46,7.41,11.08,8.38,8.46,7.12,12.96,11.0
1973-02-01,14.79,12.33,6.67,6.67,10.37,6.58,8.0,6.34,8.75,06.08,9.92,9.38
1973-02-02,4.0,3.54,4.29,1.63,2.62,0.37,4.25,2.58,3.92,2.96,6.21,6.79
1973-02-03,12.71,12.17,7.96,4.79,8.17,07.08,6.34,7.87,6.79,8.21,17.96,13.37
1973-02-04,17.88,13.08,12.75,6.21,10.37,7.33,9.67,9.33,8.5,10.54,14.88,17.92
1973-02-05,10.54,10.54,8.46,5.0,10.08,7.38,13.42,8.38,11.12,9.5,17.04,20.62
1973-02-06,12.83,12.92,11.67,8.33,16.29,12.21,20.08,11.63,17.5,14.96,19.58,27.08
1973-02-07,17.21,13.0,15.92,7.92,12.79,9.13,12.71,7.71,11.46,11.17,16.42,22.46
1973-02-08,13.7,10.37,9.54,5.21,9.75,5.79,8.79,6.5,8.92,7.41,11.08,15.29
1973-02-09,17.92,16.38,12.29,10.13,11.17,09.04,14.09,9.96,13.13,9.25,18.25,20.83
1973-02-10,18.46,17.67,13.67,10.58,15.75,10.29,14.71,12.83,16.0,14.09,18.46,27.71
1973-02-11,16.96,18.75,12.29,11.04,19.12,13.0,18.5,14.92,16.79,14.46,23.09,27.04
1973-02-12,28.01,28.16,17.58,16.08,28.62,18.58,24.21,22.67,23.63,19.67,30.63,35.75
1973-02-13,21.25,22.5,13.17,10.5,20.21,11.71,16.88,15.79,16.54,15.21,26.16,28.42
1973-02-14,18.46,19.0,10.13,8.25,12.04,7.96,10.88,9.62,10.41,05.04,20.21,13.59
1973-02-15,19.67,21.29,12.92,8.42,15.0,8.67,7.92,9.71,9.96,5.41,18.54,11.38
1973-02-16,11.12,9.5,9.46,2.88,6.96,2.5,3.88,5.25,05.04,1.63,10.71,13.0
1973-02-17,13.67,5.71,9.21,2.88,11.17,3.5,2.79,4.75,4.54,2.33,4.88,9.59
1973-02-18,8.21,6.0,05.04,2.88,7.75,4.38,09.08,6.29,07.08,05.09,12.33,17.04
1973-02-19,10.58,8.33,7.79,5.66,9.67,7.21,12.0,8.87,10.88,5.96,11.17,17.58
1973-02-20,8.79,8.38,6.79,5.13,9.83,7.29,11.58,7.83,12.17,9.17,14.12,19.75
1973-02-21,14.54,13.5,10.0,7.41,13.17,8.46,13.13,9.21,12.79,12.12,13.37,19.41
1973-02-22,19.5,16.54,11.04,11.75,17.41,10.46,17.83,14.42,18.29,13.88,21.59,31.46
1973-02-23,19.58,15.92,11.29,13.21,17.62,13.04,16.38,15.29,18.12,16.96,20.08,33.09
1973-02-24,11.08,9.0,10.25,4.29,7.67,4.54,9.13,4.5,7.33,9.13,7.96,20.83
1973-02-25,8.38,14.92,8.17,1.87,9.59,06.04,5.46,5.58,6.29,4.58,11.21,10.21
1973-02-26,11.42,8.21,6.79,0.63,8.46,0.33,3.17,0.96,1.75,1.79,3.33,8.67
1973-02-27,13.04,10.25,11.83,5.5,9.83,7.58,6.96,6.71,8.79,7.92,10.5,17.96
1973-02-28,9.21,9.67,6.58,3.0,6.71,4.42,4.58,5.13,07.04,5.33,8.67,11.12
1973-03-01,17.83,15.16,14.46,8.17,12.75,10.79,13.54,11.12,12.04,12.5,16.21,20.04
1973-03-02,18.25,19.08,15.16,9.13,15.25,11.38,14.83,17.79,13.0,15.59,22.5,24.37
1973-03-03,17.12,8.87,15.59,4.0,5.46,4.54,7.46,6.46,7.21,6.38,11.34,14.12
1973-03-04,13.08,8.75,13.25,6.5,08.08,6.54,8.71,6.67,8.79,8.42,12.04,17.96
1973-03-05,8.42,10.54,6.0,4.17,9.96,5.17,7.71,6.63,8.63,8.12,14.46,18.12
1973-03-06,17.16,11.87,13.62,8.71,12.87,8.92,13.13,9.54,12.87,11.46,13.0,19.87
1973-03-07,5.58,9.13,6.71,1.21,4.33,3.46,6.58,6.25,5.29,5.29,10.46,13.54
1973-03-08,14.29,18.16,8.79,4.67,10.96,6.63,5.21,8.83,7.41,7.87,12.75,14.83
1973-03-09,12.62,15.67,7.87,05.04,10.58,8.67,6.46,7.25,5.75,4.33,8.42,14.04
1973-03-10,12.83,15.71,6.87,3.17,10.21,04.08,3.79,4.96,4.17,2.42,4.42,7.58
1973-03-11,11.17,11.58,7.75,1.92,7.17,2.67,03.04,6.38,05.04,03.04,3.79,6.92
1973-03-12,6.42,8.42,11.83,2.21,3.96,02.04,6.58,3.75,6.42,4.33,3.5,9.17
1973-03-13,8.5,07.04,9.79,1.79,4.71,1.87,3.5,3.54,3.92,3.0,2.25,5.0
1973-03-14,6.83,7.17,10.46,2.37,3.21,1.96,4.54,3.25,5.0,2.54,3.21,6.29
1973-03-15,6.54,5.54,9.54,1.33,4.58,0.37,2.92,1.42,1.83,0.92,3.0,6.54
1973-03-16,5.21,5.63,8.58,3.58,4.25,1.33,3.17,0.75,3.88,3.46,3.0,12.54
1973-03-17,07.04,4.0,7.29,03.08,3.54,0.75,4.92,2.67,4.79,4.17,3.71,10.46
1973-03-18,4.42,4.79,8.12,3.46,4.83,1.54,6.96,5.29,6.96,7.25,6.96,12.67
1973-03-19,5.88,3.13,8.33,3.17,4.75,2.29,3.67,2.5,4.67,0.37,4.12,4.75
1973-03-20,4.17,7.67,4.0,2.67,5.21,2.42,3.83,2.79,3.33,2.71,6.67,5.17
1973-03-21,7.5,11.96,6.96,5.21,09.08,6.71,7.12,7.5,7.17,6.42,18.75,15.59
1973-03-22,11.25,12.04,11.12,3.96,9.21,7.12,9.0,13.67,7.21,10.83,21.25,20.08
1973-03-23,16.75,18.25,13.04,11.04,16.29,12.54,8.38,14.04,12.62,14.17,22.63,21.37
1973-03-24,22.58,20.91,18.58,12.5,17.5,14.12,16.38,15.59,16.04,16.83,24.75,25.37
1973-03-25,18.58,14.37,12.38,9.5,15.34,9.5,13.75,12.5,13.42,11.54,16.79,20.67
1973-03-26,11.0,14.92,8.75,5.29,11.17,6.29,8.21,7.75,6.38,6.21,13.37,13.96
1973-03-27,16.29,17.08,15.41,11.34,16.46,10.63,11.25,12.46,12.79,14.83,17.79,24.5
1973-03-28,12.04,9.46,11.87,5.83,09.04,5.83,9.79,7.83,7.87,07.04,12.08,18.0
1973-03-29,14.29,16.0,13.88,7.58,11.67,10.67,12.17,16.08,11.83,13.59,23.0,26.75
1973-03-30,18.5,13.96,14.54,10.21,15.25,10.79,14.12,11.21,13.59,12.12,18.41,22.37
1973-03-31,14.92,16.04,13.37,10.0,16.66,12.87,18.88,14.04,17.75,15.79,23.87,27.75
1973-04-01,17.41,17.08,13.59,08.04,12.0,10.04,12.42,10.88,11.63,10.83,14.58,18.34
1973-04-02,28.71,20.46,22.34,15.63,20.5,13.29,17.41,13.25,15.37,14.12,18.29,21.71
1973-04-03,14.62,13.83,12.58,7.46,10.46,9.46,12.21,10.5,10.08,10.54,18.58,19.95
1973-04-04,19.62,18.84,20.41,11.67,18.34,14.79,21.54,15.67,18.91,16.83,22.42,28.16
1973-04-05,12.17,14.21,10.79,8.54,13.67,11.71,17.0,17.62,16.66,15.29,22.25,28.21
1973-04-06,20.21,15.92,14.5,11.12,17.67,13.88,18.08,14.54,17.96,16.92,21.17,28.16
1973-04-07,16.71,10.92,14.83,7.79,8.87,8.92,11.46,7.83,10.08,10.54,14.21,22.0
1973-04-08,19.0,14.58,18.54,9.46,9.29,9.67,12.04,9.33,10.21,11.12,14.88,21.25
1973-04-09,11.46,07.08,10.34,6.21,7.41,3.46,8.0,4.38,5.66,3.63,8.63,7.96
1973-04-10,13.75,13.83,8.12,5.54,9.59,6.87,9.0,8.63,9.21,8.63,13.17,15.96
1973-04-11,19.21,15.37,11.75,9.87,10.58,9.83,10.04,11.42,10.63,11.75,13.96,15.75
1973-04-12,19.75,14.09,13.37,10.83,13.83,10.83,10.75,11.21,13.79,12.62,13.54,14.96
1973-04-13,8.63,5.75,07.04,4.79,5.46,05.04,08.08,4.25,7.21,7.38,6.58,12.75
1973-04-14,10.88,7.38,6.87,5.46,6.58,4.58,8.54,4.42,8.42,7.0,7.25,12.04
1973-04-15,7.79,6.63,7.29,4.63,6.63,4.58,6.63,5.96,08.08,6.38,8.12,10.92
1973-04-16,10.71,8.5,8.87,6.34,07.04,6.0,8.46,6.96,8.42,8.63,7.96,13.08
1973-04-17,09.08,8.92,8.42,5.0,5.29,04.08,8.71,05.04,6.38,7.62,7.92,14.09
1973-04-18,13.21,10.46,12.92,8.71,9.67,9.79,12.96,8.79,9.54,12.08,11.0,17.75
1973-04-19,11.17,12.58,15.21,7.41,11.04,8.71,09.08,9.83,11.54,13.83,12.42,17.29
1973-04-20,15.16,12.38,12.54,8.38,10.63,9.46,12.96,9.46,11.29,14.25,13.67,21.21
1973-04-21,16.33,13.46,18.41,8.83,13.21,10.41,11.71,11.17,10.5,12.79,14.17,20.41
1973-04-22,13.79,10.96,25.88,10.21,9.87,8.25,14.37,9.25,10.46,12.21,15.59,17.92
1973-04-23,14.67,15.41,29.79,11.25,13.46,12.29,20.17,14.33,14.21,17.75,21.21,22.54
1973-04-24,16.0,14.0,20.62,8.83,13.5,12.17,15.54,12.42,13.04,12.29,14.88,16.42
1973-04-25,10.54,9.25,10.58,03.08,6.87,6.83,05.04,6.34,7.41,4.38,10.41,6.42
1973-04-26,4.5,3.58,5.63,2.13,4.33,1.96,3.79,3.29,3.25,2.58,4.58,10.13
1973-04-27,4.25,4.96,5.91,2.42,4.5,1.83,1.75,3.75,2.83,3.29,6.54,8.42
1973-04-28,8.25,10.79,10.41,4.17,06.08,3.58,5.58,5.83,5.46,4.96,9.83,13.92
1973-04-29,14.75,12.96,13.13,5.71,10.63,6.0,6.63,8.33,6.92,4.42,9.59,8.38
1973-04-30,12.5,13.5,8.63,6.25,10.08,08.08,8.12,8.38,8.12,6.87,16.62,17.75
1973-05-01,11.92,6.38,8.46,04.04,8.0,5.71,10.58,4.88,8.79,6.42,8.17,15.37
1973-05-02,12.58,11.04,10.17,4.38,7.29,5.66,7.62,5.54,6.58,3.71,8.83,9.67
1973-05-03,16.29,14.09,14.79,9.59,13.21,11.34,11.75,15.09,13.25,12.0,17.33,24.08
1973-05-04,14.71,7.17,18.25,8.12,10.83,10.17,12.17,7.29,9.71,9.38,9.38,16.66
1973-05-05,12.0,13.59,11.63,6.25,11.08,8.54,10.92,8.29,10.21,8.5,12.08,12.87
1973-05-06,13.04,10.67,12.08,6.38,11.71,9.29,9.0,9.54,12.25,10.37,15.46,12.75
1973-05-07,22.46,17.08,13.5,11.5,14.83,11.92,12.38,12.17,13.92,13.79,16.17,21.87
1973-05-08,15.75,12.54,8.75,8.38,14.37,10.37,12.87,12.08,12.21,9.79,14.71,17.58
1973-05-09,16.0,15.0,14.37,8.42,16.38,10.04,14.5,11.92,14.17,11.92,17.79,20.17
1973-05-10,21.5,16.38,13.59,12.21,19.29,12.96,17.16,13.54,16.92,15.83,19.04,26.83
1973-05-11,11.0,11.0,8.29,7.25,11.63,8.63,11.12,10.29,11.87,9.59,14.09,17.88
1973-05-12,16.58,15.75,14.67,8.46,15.12,11.71,14.0,14.42,12.96,13.92,20.54,21.79
1973-05-13,13.17,11.12,12.33,5.91,9.38,6.96,7.96,7.0,8.21,09.04,8.96,14.96
1973-05-14,5.17,9.54,9.38,3.92,5.58,4.5,3.29,4.17,5.88,6.29,5.66,11.12
1973-05-15,9.67,6.58,11.12,3.0,5.33,3.46,04.08,04.04,6.29,2.92,4.67,9.92
1973-05-16,19.04,20.54,12.38,7.92,13.96,11.12,9.13,12.21,11.42,11.25,12.71,18.12
1973-05-17,21.79,17.88,17.83,11.58,17.37,14.5,14.29,18.5,15.63,16.92,16.79,22.42
1973-05-18,15.5,14.46,10.46,6.83,13.33,10.41,9.29,13.08,10.67,10.13,12.96,20.88
1973-05-19,9.75,07.08,17.92,6.79,9.54,10.79,13.04,11.17,13.37,11.12,12.04,20.54
1973-05-20,10.46,11.34,14.58,7.33,10.75,12.87,12.92,14.37,13.04,13.37,17.67,26.08
1973-05-21,13.33,8.79,9.54,6.17,10.25,9.87,6.54,10.29,09.08,10.17,11.83,19.75
1973-05-22,9.38,7.83,8.58,6.17,9.46,6.96,8.54,06.04,8.25,7.38,6.17,14.0
1973-05-23,8.0,4.92,5.54,2.75,7.41,3.58,4.79,2.13,5.75,5.79,3.21,8.21
1973-05-24,6.58,9.96,8.83,3.33,6.13,04.04,5.46,4.21,5.21,3.58,7.5,5.5
1973-05-25,11.58,13.5,9.62,6.58,12.33,9.0,4.75,7.83,7.87,6.87,10.71,12.04
1973-05-26,06.04,7.79,08.08,4.79,7.33,5.88,05.09,6.58,6.67,5.54,9.25,12.92
1973-05-27,09.04,3.54,5.88,1.96,05.04,04.04,2.25,4.12,5.71,4.75,7.87,8.21
1973-05-28,03.04,3.83,5.63,2.5,5.83,2.33,4.83,2.33,6.13,4.17,4.21,11.42
1973-05-29,11.71,9.96,9.96,3.96,8.5,5.0,2.96,5.75,6.17,3.58,09.08,07.08
1973-05-30,11.04,12.08,9.38,6.25,11.12,7.41,9.21,9.17,9.71,8.0,14.37,13.08
1973-05-31,18.25,14.29,11.25,7.92,12.46,7.17,8.0,7.71,9.29,9.42,11.92,16.71
1973-06-01,14.92,11.34,10.54,5.25,11.21,7.79,8.12,9.54,8.71,9.67,16.46,17.21
1973-06-02,14.92,13.79,14.5,6.5,13.92,8.46,8.58,8.17,10.25,7.25,11.87,8.75
1973-06-03,9.17,7.41,10.21,5.91,10.34,7.17,6.87,7.79,8.38,7.38,10.13,12.83
1973-06-04,3.37,04.08,5.66,2.13,04.08,01.08,3.17,02.04,1.54,1.13,5.29,7.62
1973-06-05,3.79,5.21,5.21,1.46,5.63,4.17,3.71,4.63,4.38,2.5,13.37,13.25
1973-06-06,05.09,3.13,7.62,3.0,4.21,1.63,3.21,1.79,2.79,0.96,8.92,10.75
1973-06-07,4.5,4.25,5.58,2.37,5.66,1.96,01.04,3.21,02.04,1.75,5.25,05.04
1973-06-08,11.42,6.79,4.5,3.96,9.42,6.13,6.63,5.79,7.17,4.0,11.12,13.62
1973-06-09,12.0,10.54,7.75,08.08,14.88,10.46,14.79,11.75,12.04,10.75,15.25,20.33
1973-06-10,12.71,8.42,7.87,6.87,11.79,8.79,10.0,8.46,8.96,8.25,10.88,12.38
1973-06-11,9.96,7.96,9.92,4.46,10.21,7.25,9.67,9.33,9.92,7.83,17.37,18.63
1973-06-12,16.17,16.75,16.29,9.87,14.83,12.33,13.75,16.33,13.83,15.59,23.13,27.16
1973-06-13,9.29,8.17,8.79,6.38,10.34,7.96,11.04,8.92,10.17,11.54,13.17,21.5
1973-06-14,7.12,13.25,9.0,5.54,7.96,6.29,5.37,7.41,5.46,5.75,18.05,12.29
1973-06-15,10.37,12.58,11.54,7.46,11.17,8.75,8.17,8.58,10.0,10.41,12.83,15.46
1973-06-16,12.54,14.96,13.17,7.17,11.92,9.71,09.04,11.71,9.29,11.71,20.3,17.92
1973-06-17,11.96,10.25,11.21,5.75,11.25,9.17,11.21,9.83,10.37,8.71,15.21,13.46
1973-06-18,10.96,12.71,11.92,5.88,9.92,8.38,7.79,13.08,8.38,9.29,20.25,17.29
1973-06-19,16.38,12.62,11.04,7.92,15.75,09.08,10.0,10.13,11.04,11.08,16.62,17.12
1973-06-20,14.5,6.54,13.67,7.62,10.17,07.08,10.88,4.17,9.67,8.67,8.83,12.04
1973-06-21,6.38,6.96,6.54,1.67,4.75,2.54,03.04,5.71,3.21,2.54,14.67,4.63
1973-06-22,6.92,4.46,5.71,3.0,7.0,4.42,2.75,4.54,5.75,4.92,12.87,7.92
1973-06-23,10.29,05.04,7.92,4.58,5.71,03.04,4.5,03.04,4.29,3.37,6.5,8.83
1973-06-24,6.54,3.21,4.46,1.87,4.79,02.08,2.71,1.46,1.96,2.67,7.21,05.09
1973-06-25,4.92,6.58,5.13,1.92,5.66,2.46,2.54,3.79,4.12,4.71,9.25,9.21
1973-06-26,3.75,4.67,13.13,3.13,5.54,2.46,3.63,1.42,3.71,2.13,4.21,5.41
1973-06-27,4.5,6.29,12.0,2.83,5.58,3.37,2.67,3.0,4.46,3.63,7.17,9.21
1973-06-28,14.21,9.87,10.25,3.75,8.29,5.41,5.96,9.75,7.38,7.71,17.41,13.17
1973-06-29,18.05,16.5,16.21,8.46,12.92,11.58,13.21,13.88,12.0,13.21,19.21,17.79
1973-06-30,19.46,12.42,16.66,13.04,11.25,12.08,12.79,9.83,13.17,15.21,18.05,17.33
1973-07-01,14.71,8.17,13.62,9.21,8.5,7.67,10.79,3.63,9.54,8.92,8.67,08.04
1973-07-02,8.0,12.17,7.75,5.37,9.83,7.33,6.0,7.79,6.92,06.08,15.5,10.0
1973-07-03,11.21,8.75,11.5,08.08,6.0,6.13,9.38,7.5,6.58,7.54,13.75,16.83
1973-07-04,4.5,9.83,06.08,3.75,3.58,2.75,3.58,5.21,3.33,4.79,11.67,9.21
1973-07-05,6.96,10.04,5.29,4.67,8.96,8.0,5.91,9.29,7.21,09.08,18.84,16.29
1973-07-06,16.21,11.21,7.25,6.42,10.04,6.54,6.42,04.04,7.83,8.58,9.33,12.54
1973-07-07,6.54,4.71,8.25,4.25,5.75,3.83,4.33,2.92,5.58,05.09,6.83,9.75
1973-07-08,4.88,9.13,5.13,3.58,4.21,3.71,04.08,3.96,3.29,3.46,14.5,7.38
1973-07-09,8.71,8.46,9.83,3.37,7.87,5.41,5.5,5.83,5.91,6.71,13.13,12.38
1973-07-10,5.91,4.96,6.79,4.5,9.5,6.71,10.0,4.63,9.25,5.83,13.0,13.88
1973-07-11,13.29,08.04,9.5,5.83,10.58,7.62,10.92,7.5,11.04,9.17,11.0,13.17
1973-07-12,5.96,5.91,6.75,2.88,8.25,4.58,5.54,6.25,6.34,4.63,12.92,11.08
1973-07-13,6.54,7.41,08.04,3.13,8.12,5.41,5.63,5.0,6.42,05.09,7.92,10.04
1973-07-14,4.92,6.63,05.04,2.62,06.08,2.62,05.09,3.25,3.46,02.08,6.17,9.5
1973-07-15,8.12,5.75,8.83,3.96,7.67,7.17,11.96,9.33,9.75,11.21,14.21,15.25
1973-07-16,10.37,14.37,16.04,11.04,14.92,12.79,17.92,13.88,12.58,15.67,18.5,18.54
1973-07-17,15.34,13.21,10.92,7.83,11.92,7.71,7.54,10.25,9.38,10.79,15.12,14.92
1973-07-18,12.08,09.08,10.75,4.67,9.96,6.42,6.58,6.96,07.04,5.75,11.38,10.29
1973-07-19,13.62,11.67,9.75,8.63,14.83,9.5,12.12,10.41,11.71,9.13,15.25,17.29
1973-07-20,11.63,9.5,8.75,5.79,12.21,8.71,10.5,7.71,9.62,10.34,15.59,13.17
1973-07-21,16.17,10.17,9.21,6.5,10.79,7.29,8.38,8.87,9.0,9.17,14.37,18.79
1973-07-22,7.17,3.33,9.83,4.33,7.54,5.71,8.33,5.71,8.42,6.63,10.17,13.67
1973-07-23,5.29,2.83,4.67,3.67,6.0,4.0,7.0,4.38,7.12,5.29,8.17,6.46
1973-07-24,1.25,6.0,3.42,0.96,2.33,0.13,1.42,1.13,2.67,1.29,4.33,3.88
1973-07-25,9.5,8.71,7.29,3.83,7.0,04.08,4.79,3.42,5.75,06.08,8.25,10.34
1973-07-26,9.0,6.25,6.5,04.04,6.83,4.21,6.29,4.21,6.54,7.25,6.21,13.75
1973-07-27,5.21,4.67,7.17,3.79,06.04,3.58,4.71,3.58,6.13,7.54,3.58,8.33
1973-07-28,5.63,4.21,9.29,3.21,5.41,2.5,2.37,2.83,3.46,2.17,6.21,4.38
1973-07-29,4.46,4.88,8.54,2.42,6.29,2.21,2.25,1.96,2.75,2.0,5.37,4.25
1973-07-30,8.12,4.71,4.38,2.29,5.58,1.87,02.08,2.21,4.46,3.75,7.92,9.96
1973-07-31,5.58,5.46,4.38,3.46,3.17,2.79,03.08,6.5,3.67,5.0,16.46,12.5
1973-08-01,7.46,10.17,8.38,3.58,6.0,6.58,05.09,7.29,05.09,5.33,11.79,13.62
1973-08-02,4.63,4.79,8.71,4.38,6.71,05.09,5.41,4.33,6.87,5.37,9.33,10.92
1973-08-03,12.17,08.08,8.75,6.13,11.46,7.96,7.79,7.5,8.5,9.0,13.33,16.17
1973-08-04,16.38,14.88,13.75,7.29,14.12,10.0,11.83,09.04,10.92,9.71,15.34,16.04
1973-08-05,7.33,5.71,8.87,5.41,7.38,5.33,8.38,4.67,6.87,8.17,13.54,14.79
1973-08-06,17.67,13.62,16.83,9.17,15.21,8.5,11.79,8.33,10.29,10.13,15.29,15.63
1973-08-07,15.92,15.37,11.75,7.87,14.67,9.75,12.21,10.46,12.83,10.83,15.67,17.5
1973-08-08,12.75,11.83,10.37,5.33,9.33,6.92,7.54,6.5,7.62,6.58,13.54,14.0
1973-08-09,18.75,16.42,17.0,10.75,15.63,13.67,15.63,15.29,15.16,15.96,23.33,28.79
1973-08-10,6.71,2.88,8.58,03.08,3.54,1.83,3.83,0.71,2.75,1.58,5.46,8.87
1973-08-11,5.58,2.46,14.25,2.96,2.29,0.71,2.83,0.92,1.25,1.29,4.79,5.33
1973-08-12,4.67,4.71,5.63,03.04,3.46,3.67,3.21,2.37,4.58,5.46,4.38,9.67
1973-08-13,5.58,3.21,4.71,2.42,5.71,04.04,3.42,2.29,4.0,2.83,6.34,7.58
1973-08-14,7.38,04.04,8.17,1.33,3.92,2.17,2.42,2.13,4.63,3.5,2.42,7.17
1973-08-15,6.54,1.54,6.54,1.67,3.29,1.83,2.54,1.92,4.38,4.25,3.58,3.88
1973-08-16,5.0,05.04,6.25,2.62,5.37,3.75,4.21,5.0,05.09,04.08,10.92,10.29
1973-08-17,11.08,7.67,7.58,4.92,5.88,3.0,5.83,3.96,6.5,5.37,8.67,16.21
1973-08-18,5.54,9.42,5.91,2.71,4.58,1.63,3.17,1.54,1.83,1.54,5.5,8.38
1973-08-19,7.46,8.71,9.59,3.63,8.83,5.29,3.96,5.21,5.96,2.5,9.71,12.96
1973-08-20,2.42,2.0,6.87,2.62,5.88,3.58,7.17,3.13,5.21,5.88,9.71,13.88
1973-08-21,6.75,06.04,8.46,03.04,6.75,4.29,7.71,7.0,7.5,06.08,8.58,14.09
1973-08-22,7.17,8.38,9.29,5.21,7.25,05.09,5.91,4.12,4.96,5.13,9.21,13.0
1973-08-23,2.54,2.25,5.13,1.75,4.29,0.87,2.25,01.04,1.5,1.21,5.33,4.46
1973-08-24,3.88,6.13,3.54,1.33,4.67,01.08,1.38,1.38,1.96,2.17,5.71,5.13
1973-08-25,3.29,4.79,4.54,1.21,6.17,1.58,0.71,3.29,1.75,1.58,6.79,8.12
1973-08-26,5.46,7.29,6.79,04.04,5.21,3.21,3.21,2.0,3.54,4.25,9.83,5.46
1973-08-27,16.33,9.67,9.79,5.88,10.37,5.5,2.92,04.04,06.08,5.41,10.75,13.42
1973-08-28,9.21,7.79,7.83,2.58,05.04,2.46,3.67,5.63,3.17,3.75,14.79,8.92
1973-08-29,14.17,12.12,10.08,06.04,10.63,6.21,5.75,6.75,7.38,6.29,13.79,15.79
1973-08-30,12.5,11.21,9.25,6.42,11.04,7.21,10.41,7.54,8.87,8.33,14.21,17.58
1973-08-31,15.29,15.71,15.71,7.87,19.0,11.87,15.41,15.0,14.29,14.54,24.25,24.54
1973-09-01,12.96,11.0,11.63,7.38,13.46,9.17,11.96,9.83,12.54,10.67,18.91,23.87
1973-09-02,12.08,13.67,11.25,4.92,10.17,5.79,05.04,3.58,5.58,5.13,10.54,17.08
1973-09-03,14.12,15.21,14.71,6.17,8.12,6.21,3.71,4.92,5.41,03.04,5.5,6.5
1973-09-04,6.34,12.38,8.54,5.58,9.38,7.21,6.13,10.46,7.71,9.54,12.29,7.21
1973-09-05,4.54,8.87,5.96,1.96,4.92,3.37,2.83,4.88,3.37,2.25,14.09,9.5
1973-09-06,8.96,10.88,10.58,4.42,8.29,6.71,5.63,10.79,7.21,08.04,19.58,18.12
1973-09-07,3.88,9.92,7.25,1.79,5.17,3.13,4.92,6.25,4.29,6.0,16.38,13.7
1973-09-08,8.5,3.83,6.87,01.04,5.37,1.83,1.83,1.25,2.83,1.79,9.5,5.96
1973-09-09,5.25,0.83,11.83,1.92,3.17,1.42,02.04,2.46,2.88,3.0,9.42,6.83
1973-09-10,9.46,1.75,15.5,3.25,06.08,5.66,6.79,4.29,6.63,3.5,08.08,9.92
1973-09-11,10.92,11.08,6.5,2.79,8.79,2.54,4.88,4.5,3.96,3.21,06.08,8.92
1973-09-12,11.71,11.5,10.41,4.12,9.33,4.96,04.04,7.17,5.88,4.42,8.5,6.92
1973-09-13,14.92,10.34,15.96,6.21,8.67,6.71,10.17,9.67,7.75,4.71,9.67,11.42
1973-09-14,17.12,13.04,14.58,5.75,9.87,7.83,5.0,10.17,8.92,07.04,10.79,16.79
1973-09-15,16.04,14.12,11.21,6.83,14.71,9.79,6.79,12.75,10.04,7.54,14.83,17.12
1973-09-16,11.5,7.46,13.59,5.79,6.25,6.25,06.04,07.04,7.67,6.21,10.83,12.5
1973-09-17,9.83,10.0,9.46,2.54,9.33,6.0,8.42,7.41,7.17,6.0,14.96,12.5
1973-09-18,17.04,11.54,17.79,4.42,9.25,5.0,6.25,04.08,4.46,2.96,8.29,10.34
1973-09-19,06.04,3.58,7.75,3.71,3.0,2.75,6.29,3.67,4.79,04.04,7.21,10.58
1973-09-20,5.13,6.79,9.42,3.75,5.71,2.54,2.96,3.92,3.63,2.96,6.17,8.54
1973-09-21,11.12,10.75,10.88,5.54,8.42,6.67,9.17,07.04,8.25,6.0,12.5,11.87
1973-09-22,16.83,15.67,14.75,8.5,11.58,8.21,11.71,8.29,10.13,8.29,15.54,19.38
1973-09-23,8.79,7.17,10.92,4.75,6.38,2.54,6.25,2.54,4.67,4.58,7.79,10.88
1973-09-24,12.33,13.25,10.0,3.79,9.25,5.17,4.12,7.29,5.13,4.33,12.67,16.96
1973-09-25,8.87,10.37,9.0,2.79,7.0,2.67,5.66,5.79,04.04,4.42,13.62,12.67
1973-09-26,10.83,9.13,11.08,5.79,8.92,5.71,8.12,5.66,6.87,6.79,13.21,16.42
1973-09-27,16.62,18.91,14.54,9.21,18.34,11.04,14.75,13.96,13.0,13.67,19.08,24.92
1973-09-28,16.21,23.21,13.21,9.79,17.71,09.08,16.42,11.0,11.21,11.63,17.79,22.08
1973-09-29,22.88,20.04,16.71,12.79,16.33,9.79,13.5,13.46,12.62,12.17,19.55,29.29
1973-09-30,18.16,12.62,17.16,8.54,10.04,6.17,10.17,7.33,8.71,9.42,11.12,20.21
1973-10-01,10.08,8.38,8.21,3.42,06.08,2.46,6.21,4.46,4.33,5.46,08.08,13.33
1973-10-02,8.33,5.96,12.83,05.04,5.46,2.17,3.58,3.5,3.75,4.29,3.88,06.04
1973-10-03,10.92,6.13,19.87,6.38,8.0,6.21,7.17,5.83,6.5,04.08,8.63,4.88
1973-10-04,11.42,7.67,12.42,4.29,7.33,4.79,3.88,6.96,5.63,5.13,7.62,13.88
1973-10-05,8.75,3.46,11.42,3.71,6.17,4.67,6.38,5.41,7.17,5.33,05.09,10.79
1973-10-06,13.67,4.67,9.33,4.29,7.54,03.04,4.25,3.29,2.96,3.75,4.54,9.13
1973-10-07,5.75,5.46,6.17,2.25,5.37,2.29,3.0,3.96,3.71,3.83,9.5,10.79
1973-10-08,12.33,12.17,11.67,5.37,9.0,5.79,7.17,6.42,6.34,6.38,11.42,15.54
1973-10-09,10.67,10.5,12.04,4.5,9.71,4.38,05.09,3.83,6.13,5.29,8.25,14.12
1973-10-10,10.34,11.08,15.79,5.17,10.46,7.79,6.96,9.0,7.33,7.75,13.04,17.75
1973-10-11,16.25,18.96,18.58,5.79,11.38,8.25,9.92,12.08,9.0,6.63,12.17,15.04
1973-10-12,21.59,22.25,22.63,9.0,19.38,11.75,12.62,14.67,10.5,8.17,16.21,18.21
1973-10-13,17.04,12.62,17.62,6.83,11.38,5.88,9.42,12.83,9.38,9.67,14.33,20.75
1973-10-14,13.17,10.34,8.5,2.42,7.62,4.5,2.58,10.04,5.17,6.13,12.0,15.83
1973-10-15,10.63,10.88,14.0,4.25,8.75,06.04,10.25,10.83,8.33,9.71,11.96,16.21
1973-10-16,18.84,15.54,24.67,8.29,10.17,8.0,10.21,08.04,08.08,09.04,14.12,20.75
1973-10-17,10.92,4.92,11.17,4.79,7.33,3.37,7.96,5.63,8.17,8.75,11.92,22.83
1973-10-18,10.54,6.75,9.42,4.42,9.96,7.33,10.46,8.92,08.04,8.5,15.34,17.46
1973-10-19,13.62,10.46,10.04,7.17,13.54,8.12,13.37,10.71,11.75,10.75,13.96,21.62
1973-10-20,17.41,13.83,11.34,8.0,14.54,9.21,12.17,10.75,12.5,12.5,15.25,22.58
1973-10-21,09.04,7.0,7.17,2.46,7.33,04.08,6.54,4.67,5.54,7.17,10.29,16.25
1973-10-22,12.67,7.38,9.62,3.83,8.42,5.46,7.12,6.87,7.83,7.67,11.46,17.46
1973-10-23,4.92,5.71,4.46,0.67,4.88,3.42,3.88,06.08,3.25,6.63,12.33,14.5
1973-10-24,10.46,11.79,8.17,2.46,7.41,4.75,4.5,8.63,4.54,8.92,17.54,20.38
1973-10-25,5.63,8.75,5.83,2.21,6.13,3.13,1.79,5.29,3.42,5.75,13.33,12.38
1973-10-26,11.75,10.08,08.04,3.46,9.46,4.83,3.58,6.92,4.96,7.83,13.75,16.17
1973-10-27,8.46,9.59,9.71,2.62,6.46,3.63,3.79,6.34,3.5,5.37,11.0,13.92
1973-10-28,6.83,9.83,11.08,2.96,6.87,2.83,3.21,2.71,3.79,05.04,05.04,11.83
1973-10-29,7.21,5.83,4.17,0.5,3.63,0.46,1.58,1.46,0.42,2.92,4.88,12.83
1973-10-30,13.75,14.5,8.12,2.75,10.75,4.71,2.62,6.21,4.25,6.58,07.08,9.25
1973-10-31,14.5,13.13,13.5,5.75,11.46,7.54,8.87,9.0,7.62,8.58,9.5,11.12
1973-11-01,10.79,12.75,9.59,3.58,7.87,5.5,5.17,6.34,05.09,4.33,4.75,10.63
1973-11-02,12.83,12.58,8.92,5.21,11.08,6.96,4.54,7.54,6.42,8.5,7.79,12.83
1973-11-03,11.92,12.62,10.25,4.54,9.92,07.04,5.54,6.75,5.41,6.75,5.71,11.0
1973-11-04,12.83,10.58,12.21,6.92,8.54,3.96,6.5,6.58,4.92,5.66,13.21,17.88
1973-11-05,14.42,14.83,11.67,8.17,11.17,07.08,10.41,7.33,9.54,9.17,14.25,27.92
1973-11-06,6.83,6.67,6.46,3.46,5.58,3.75,06.08,4.79,6.5,5.71,9.5,17.0
1973-11-07,12.33,13.92,11.83,5.96,13.42,9.46,10.46,10.96,12.17,11.58,18.38,22.79
1973-11-08,17.12,15.75,17.33,6.13,17.71,13.62,16.66,19.04,17.29,20.04,24.25,26.75
1973-11-09,22.54,18.54,20.04,11.87,14.83,10.58,13.67,9.0,14.21,5.96,4.63,9.92
1973-11-10,16.88,12.83,11.42,6.67,11.71,5.88,8.83,7.62,10.0,7.33,13.79,17.5
1973-11-11,9.83,9.62,10.04,4.79,08.08,6.67,9.0,8.21,8.79,9.67,14.42,24.54
1973-11-12,19.79,19.21,16.21,13.29,22.5,16.21,20.75,17.46,20.04,20.79,24.0,33.71
1973-11-13,13.21,13.62,9.79,9.87,17.04,12.42,12.87,12.17,13.46,13.75,18.88,27.29
1973-11-14,12.67,16.08,9.33,7.41,13.17,6.71,7.38,7.75,8.58,7.79,11.5,19.25
1973-11-15,7.71,11.25,6.63,4.29,8.17,4.42,7.87,8.17,8.83,9.83,11.83,21.17
1973-11-16,9.46,8.12,09.04,3.96,6.63,04.04,6.21,4.92,5.58,7.29,9.59,19.7
1973-11-17,13.96,10.21,8.17,3.17,11.12,6.87,2.75,7.54,6.79,6.83,14.17,16.62
1973-11-18,13.59,9.83,15.04,7.12,10.75,7.5,10.04,11.25,12.33,13.75,16.71,24.37
1973-11-19,8.5,5.91,10.13,3.17,6.58,1.71,4.33,4.29,4.58,7.62,5.83,18.38
1973-11-20,6.46,06.08,6.92,0.46,7.33,2.46,0.63,2.42,1.92,2.46,03.08,8.87
1973-11-21,6.67,8.33,7.54,2.42,08.08,3.25,0.0,3.42,4.92,2.79,8.25,13.5
1973-11-22,6.5,5.71,8.21,2.0,5.63,2.79,3.29,2.75,5.17,4.5,5.88,16.04
1973-11-23,5.41,4.92,6.25,3.25,7.75,4.46,8.38,6.63,8.58,8.58,11.63,18.41
1973-11-24,10.75,12.87,10.04,8.33,15.21,8.38,13.04,12.0,12.96,14.79,15.16,26.83
1973-11-25,9.71,8.21,10.92,3.92,07.08,2.21,4.67,4.33,5.13,6.34,10.17,21.21
1973-11-26,7.21,1.71,12.92,3.29,5.33,0.83,7.62,2.96,5.71,8.12,8.46,23.58
1973-11-27,8.96,8.71,9.0,3.21,8.46,3.0,4.46,3.79,5.17,4.79,09.08,11.42
1973-11-28,16.46,17.04,10.37,8.17,16.88,8.33,7.5,10.25,9.38,7.25,15.63,14.33
1973-11-29,9.17,08.08,10.25,3.63,9.33,2.83,2.33,4.21,3.96,2.33,5.37,7.5
1973-11-30,11.71,9.46,11.87,3.29,6.96,5.5,4.79,8.12,7.92,05.04,09.08,12.29
1973-12-01,16.29,12.29,17.29,3.96,11.92,9.54,9.13,9.0,5.58,7.41,11.08,15.71
1973-12-02,4.83,5.96,6.54,1.17,4.67,3.29,7.46,3.54,5.79,4.46,9.59,15.04
1973-12-03,14.21,10.29,09.08,7.12,10.88,5.96,14.21,10.46,11.04,9.62,13.92,22.04
1973-12-04,13.7,6.17,14.5,7.58,9.62,7.17,14.09,9.21,9.54,12.62,11.71,19.83
1973-12-05,8.79,8.42,8.96,3.37,6.75,5.41,9.62,9.0,9.25,9.46,13.42,19.46
1973-12-06,13.29,11.92,7.79,4.12,09.04,4.79,10.34,06.08,8.12,09.04,8.79,19.38
1973-12-07,19.75,22.54,12.75,9.25,20.0,10.54,11.92,11.29,10.29,7.21,16.58,16.96
1973-12-08,17.67,12.79,17.62,7.83,10.88,7.38,12.33,5.88,7.46,8.67,10.21,18.54
1973-12-09,12.75,12.96,9.17,1.63,11.12,8.58,8.96,9.92,10.37,10.0,17.83,23.45
1973-12-10,23.91,16.17,18.75,10.46,13.13,12.92,15.92,12.38,14.17,16.71,17.71,22.71
1973-12-11,10.0,11.25,08.04,4.38,8.17,5.25,10.88,6.17,8.79,8.12,13.0,20.12
1973-12-12,16.38,17.62,12.67,11.67,18.0,11.58,18.88,17.5,15.25,16.17,23.0,29.71
1973-12-13,27.29,20.83,11.71,15.41,23.29,13.7,19.25,18.21,16.42,20.75,17.92,30.96
1973-12-14,19.12,11.71,15.16,10.58,13.79,8.67,14.29,8.17,12.04,14.83,12.33,26.38
1973-12-15,11.04,12.46,11.67,3.92,11.21,6.96,14.33,9.25,10.96,10.96,17.12,21.87
1973-12-16,17.83,13.67,11.96,6.71,13.33,8.71,16.79,10.63,13.08,13.83,18.54,31.49
1973-12-17,12.75,11.17,8.67,4.79,10.04,6.75,11.96,7.79,10.13,9.21,13.96,25.12
1973-12-18,13.59,14.58,12.08,3.17,9.75,6.13,7.41,6.38,7.5,06.04,8.63,15.87
1973-12-19,17.29,14.5,23.29,9.5,11.71,10.88,18.25,9.83,13.96,14.25,7.87,23.67
1973-12-20,13.29,18.88,6.92,2.67,10.0,1.13,2.92,7.75,4.46,3.83,19.33,11.46
1973-12-21,14.42,14.46,8.42,3.58,8.79,2.21,4.88,2.42,05.04,3.75,7.25,7.41
1973-12-22,6.71,4.71,6.87,1.25,4.42,1.79,3.21,4.79,5.46,6.21,7.21,8.25
1973-12-23,11.83,8.17,8.21,03.08,5.58,0.54,03.04,4.17,04.04,4.96,6.17,17.12
1973-12-24,9.62,8.42,9.59,4.0,6.67,3.17,3.92,3.75,4.54,4.46,5.58,7.75
1973-12-25,3.0,4.83,7.71,1.42,08.08,4.92,11.17,7.96,9.67,9.38,11.71,19.25
1973-12-26,6.96,8.25,6.54,04.04,9.21,6.29,11.96,7.38,9.33,8.79,12.92,18.91
1973-12-27,12.46,10.46,12.96,06.04,11.21,8.92,10.96,11.63,11.54,12.12,15.71,22.79
1973-12-28,15.59,14.17,11.67,5.83,10.13,8.17,9.13,7.62,8.33,5.91,14.5,17.71
1973-12-29,21.12,18.58,20.12,12.08,16.0,14.0,16.33,15.96,16.13,18.34,24.54,29.04
1973-12-30,7.62,6.42,06.04,2.13,6.5,3.25,8.71,3.67,5.63,7.54,10.58,17.79
1973-12-31,10.67,10.04,6.87,1.46,6.96,5.75,3.83,6.21,4.75,6.13,12.79,15.79
1974-01-01,23.21,16.54,16.08,9.75,15.83,11.46,9.54,13.54,13.83,16.66,17.21,25.29
1974-01-02,26.63,22.34,25.62,15.37,21.59,16.83,15.34,17.83,19.83,19.79,22.29,26.87
1974-01-03,20.46,10.92,21.62,10.75,11.92,13.04,15.0,11.67,17.79,17.58,11.42,26.79
1974-01-04,26.08,17.71,24.58,15.71,15.92,14.21,14.04,13.96,17.88,19.58,20.67,24.08
1974-01-05,24.46,13.5,20.25,13.33,13.13,11.79,12.62,10.29,16.46,17.92,17.46,24.67
1974-01-06,21.09,16.66,15.21,7.54,13.7,8.71,09.04,9.71,10.92,11.96,19.17,19.0
1974-01-07,20.04,16.5,14.75,9.21,13.46,8.46,11.46,7.75,11.87,11.08,19.08,15.34
1974-01-08,19.75,17.37,16.29,11.75,16.62,10.13,13.33,11.87,14.33,14.67,23.38,24.92
1974-01-09,6.5,10.63,6.83,1.21,10.21,5.0,7.29,06.04,7.71,7.29,13.88,17.75
1974-01-10,28.75,26.63,24.58,16.17,23.0,16.79,16.92,19.67,19.5,21.54,31.08,31.75
1974-01-11,28.62,26.3,22.21,15.87,23.13,16.04,20.25,19.92,19.0,19.83,30.21,31.2
1974-01-12,27.58,22.75,21.21,15.54,22.42,17.67,20.83,18.54,20.08,21.09,26.04,32.3
1974-01-13,18.91,16.42,15.16,8.21,14.42,9.71,13.92,9.96,12.08,13.33,16.42,23.21
1974-01-14,25.7,24.33,21.37,11.79,16.88,10.0,13.67,10.79,12.33,12.58,15.71,20.62
1974-01-15,15.83,18.0,14.42,9.33,16.21,11.54,17.16,14.62,14.88,14.25,22.42,25.29
1974-01-16,31.75,22.67,23.21,12.96,19.17,13.13,16.96,12.71,13.7,14.29,18.08,28.79
1974-01-17,20.96,20.79,17.37,9.96,21.96,14.09,19.0,14.96,18.16,14.37,26.16,27.21
1974-01-18,18.16,16.46,13.42,9.46,20.67,14.04,20.62,15.75,18.16,17.5,25.21,31.2
1974-01-19,18.16,15.87,13.33,7.12,11.04,8.46,15.46,15.09,14.21,15.79,24.17,26.5
1974-01-20,18.79,16.21,15.63,9.33,13.59,8.42,7.25,11.04,12.71,12.0,21.84,25.96
1974-01-21,11.17,10.54,11.04,4.42,8.29,5.13,5.75,5.79,7.17,5.33,4.67,10.0
1974-01-22,13.46,13.08,13.88,6.79,10.08,08.08,8.71,10.08,13.0,12.25,16.62,19.58
1974-01-23,15.83,16.71,14.04,8.75,14.96,10.08,15.54,12.17,13.62,15.0,23.38,26.87
1974-01-24,12.79,10.96,9.79,5.79,10.08,7.12,12.04,9.17,10.13,10.21,16.46,20.54
1974-01-25,24.75,19.08,17.71,10.96,13.88,11.08,13.83,12.46,13.67,14.25,18.75,22.08
1974-01-26,22.25,17.83,18.91,12.08,16.42,11.79,15.46,12.38,16.04,16.58,18.71,21.34
1974-01-27,23.04,21.96,19.04,12.83,19.29,14.33,15.96,17.25,14.96,16.21,19.41,25.84
1974-01-28,19.92,17.5,18.58,12.58,18.91,12.58,20.41,15.54,19.04,23.75,25.96,38.79
1974-01-29,27.58,19.7,21.29,13.21,16.88,11.92,15.46,13.67,15.63,16.66,18.79,26.2
1974-01-30,14.92,13.33,16.54,7.92,10.54,6.79,10.0,9.87,11.17,11.0,18.46,19.04
1974-01-31,23.58,17.04,19.0,11.34,17.41,11.83,14.62,12.29,15.59,13.54,14.71,22.75
1974-02-01,21.59,16.54,21.09,13.04,13.96,12.33,15.92,12.46,16.04,16.5,9.46,22.67
1974-02-02,18.58,20.58,14.54,10.63,18.84,10.71,15.09,13.04,13.29,10.46,19.21,16.25
1974-02-03,13.88,13.37,11.08,5.54,12.17,8.12,10.29,9.54,10.5,9.79,14.37,19.29
1974-02-04,9.25,5.46,8.0,4.12,7.79,04.04,9.5,4.5,8.58,6.67,11.5,17.96
1974-02-05,11.63,12.0,7.71,2.88,8.5,5.71,8.25,6.63,8.46,7.75,12.83,16.96
1974-02-06,24.08,21.75,13.13,9.59,14.96,8.0,12.21,8.87,10.34,9.33,16.96,19.79
1974-02-07,11.38,9.96,8.63,05.04,7.67,04.04,6.83,5.17,6.67,06.04,8.46,14.09
1974-02-08,19.55,20.25,17.92,8.46,15.12,11.46,13.62,13.88,14.96,11.5,19.7,23.79
1974-02-09,21.67,20.3,16.38,09.08,15.12,9.67,14.17,10.96,13.33,12.17,18.5,20.75
1974-02-10,28.84,27.04,23.71,17.29,21.59,16.71,19.79,20.62,19.5,22.58,27.63,29.08
1974-02-11,14.67,11.63,13.21,6.17,11.71,06.04,11.38,10.17,09.04,9.87,17.33,20.67
1974-02-12,10.25,8.67,8.12,2.67,9.33,5.25,8.92,7.12,8.54,8.17,9.25,16.25
1974-02-13,12.0,10.83,8.71,5.37,8.75,5.88,7.71,7.29,6.38,7.38,7.0,8.38
1974-02-14,22.21,19.46,18.71,8.33,15.37,11.21,11.96,11.58,14.09,13.04,14.46,20.58
1974-02-15,16.58,10.71,17.04,08.04,11.12,08.08,11.83,08.04,11.34,12.0,5.13,15.87
1974-02-16,23.38,21.62,14.12,13.08,16.92,11.29,15.92,16.54,13.13,16.33,19.95,22.95
1974-02-17,10.0,7.96,9.33,4.29,4.75,2.71,07.08,4.21,4.88,5.58,5.58,11.25
1974-02-18,10.17,14.71,5.17,2.29,8.54,4.46,3.58,3.79,5.25,04.08,9.54,11.12
1974-02-19,11.04,9.79,8.17,4.63,6.38,1.25,3.37,3.42,5.63,2.96,5.54,8.71
1974-02-20,6.38,4.17,8.12,2.0,6.58,4.63,10.88,9.21,8.38,7.12,10.75,18.12
1974-02-21,9.83,11.29,10.17,5.29,10.75,8.12,11.96,11.12,11.92,11.12,15.92,21.42
1974-02-22,15.16,11.63,11.79,8.12,13.0,7.21,12.71,11.08,10.13,9.83,14.29,22.92
1974-02-23,4.17,0.63,7.41,2.67,5.41,1.0,7.0,3.71,4.17,3.58,5.79,10.67
1974-02-24,1.54,7.25,2.37,1.63,4.0,1.13,2.13,6.17,3.29,5.5,11.08,13.96
1974-02-25,1.42,1.42,2.5,0.58,1.5,0.5,4.63,3.29,2.71,3.33,5.37,11.29
1974-02-26,6.42,5.96,6.71,0.63,3.75,0.58,2.29,1.46,1.54,2.13,2.13,3.17
1974-02-27,7.5,8.67,6.92,1.58,7.79,3.33,3.79,5.13,3.58,5.37,8.42,11.34
1974-02-28,16.96,15.0,14.62,7.87,15.16,9.0,12.12,11.21,12.29,13.08,14.67,23.67
1974-03-01,12.67,11.5,10.04,07.08,9.75,6.46,12.04,7.67,8.17,07.08,8.5,15.34
1974-03-02,10.04,8.75,6.58,1.71,7.38,1.46,7.83,3.5,3.96,3.33,5.83,10.13
1974-03-03,13.46,8.79,14.21,5.91,6.5,4.17,9.83,4.79,6.42,9.13,6.96,15.67
1974-03-04,10.29,3.17,12.21,5.58,5.29,1.63,9.33,05.04,07.04,5.66,2.37,16.21
1974-03-05,10.17,9.75,6.63,2.79,7.21,3.79,3.83,6.83,05.04,4.21,7.79,10.34
1974-03-06,18.96,19.83,18.63,8.5,13.0,11.34,12.54,9.54,12.79,11.58,12.92,17.54
1974-03-07,15.75,19.79,13.08,9.75,15.87,11.63,9.17,15.34,14.09,13.62,20.33,21.79
1974-03-08,14.96,21.17,13.75,6.42,16.25,9.83,9.13,13.62,11.21,9.87,15.75,19.0
1974-03-09,10.41,10.13,16.54,4.96,8.63,5.71,11.46,9.83,8.83,6.75,10.58,19.21
1974-03-10,11.58,6.87,22.5,7.17,7.92,5.88,12.79,8.38,09.04,8.83,08.04,23.04
1974-03-11,9.17,6.58,14.79,5.25,7.87,6.38,11.38,11.58,7.79,08.08,10.79,24.87
1974-03-12,10.46,8.92,9.75,3.54,5.41,3.0,5.25,9.17,5.63,6.83,9.33,20.3
1974-03-13,5.25,2.29,06.08,2.5,4.33,0.33,04.04,1.75,2.96,3.25,2.54,7.12
1974-03-14,10.79,12.21,10.67,5.83,10.79,7.29,7.38,10.13,8.29,8.87,11.38,16.33
1974-03-15,15.34,16.88,13.83,10.58,16.71,10.75,14.04,13.96,12.46,9.5,16.62,13.25
1974-03-16,16.08,17.08,15.0,11.54,17.96,12.62,18.96,17.79,14.96,14.75,22.67,19.67
1974-03-17,19.41,17.33,17.21,10.25,16.17,9.83,15.75,16.0,14.29,13.46,21.87,23.96
1974-03-18,17.16,17.29,14.71,6.87,12.96,8.58,11.29,13.79,12.04,11.63,19.75,21.25
1974-03-19,15.79,16.17,16.71,7.71,10.92,7.5,8.12,10.46,9.21,8.54,14.25,14.58
1974-03-20,11.29,9.92,5.63,5.17,8.21,3.54,4.92,6.54,5.25,4.88,6.25,8.71
1974-03-21,12.12,15.0,9.96,6.71,11.08,7.25,4.38,11.58,9.54,8.42,17.12,16.71
1974-03-22,12.87,13.08,8.96,6.5,12.21,8.96,6.71,12.5,10.96,8.79,15.0,17.75
1974-03-23,14.12,6.25,14.67,4.96,8.75,9.79,13.7,11.67,14.92,10.34,9.54,18.0
1974-03-24,10.21,5.41,14.04,5.96,8.38,7.92,15.0,12.75,11.5,8.87,10.96,18.21
1974-03-25,07.04,5.46,9.5,2.5,5.66,1.71,4.83,7.58,06.04,4.12,6.34,12.92
1974-03-26,2.79,02.08,11.25,4.17,2.75,0.25,2.88,1.71,3.0,1.87,2.5,7.46
1974-03-27,3.96,2.67,13.67,4.21,4.54,0.25,2.42,0.96,1.17,2.17,5.21,02.04
1974-03-28,4.83,02.04,16.83,5.17,5.41,1.5,4.33,1.33,5.0,4.5,6.83,6.87
1974-03-29,3.37,5.75,6.54,1.87,3.5,1.29,2.33,4.79,2.37,4.71,9.62,6.83
1974-03-30,4.33,12.87,3.5,1.63,10.37,2.83,2.21,8.38,4.0,4.54,13.42,8.46
1974-03-31,11.17,17.46,5.13,5.25,15.09,9.21,6.25,11.25,10.54,8.25,17.21,15.83
1974-04-01,15.83,14.79,12.12,7.29,14.37,08.04,8.38,12.71,9.0,8.25,11.08,20.71
1974-04-02,18.21,11.38,15.09,10.13,15.29,9.13,9.17,11.83,10.04,7.17,10.29,14.83
1974-04-03,11.29,8.0,18.79,5.17,9.25,5.37,5.29,5.37,5.75,3.83,06.04,7.92
1974-04-04,8.42,11.29,9.67,4.5,5.58,6.34,4.75,10.0,8.42,6.42,6.71,09.04
1974-04-05,12.04,05.09,10.08,4.67,8.54,7.83,4.25,11.58,7.71,7.0,10.34,11.17
1974-04-06,13.13,2.71,13.25,4.12,8.29,5.13,6.87,9.96,8.0,7.0,8.63,13.75
1974-04-07,15.09,5.54,15.04,4.33,6.83,5.5,5.17,9.38,8.0,07.08,8.0,9.92
1974-04-08,13.59,4.33,15.75,4.12,6.75,07.08,05.09,7.83,8.5,6.34,08.08,7.62
1974-04-09,11.12,04.08,11.71,2.58,4.46,3.67,3.92,7.25,7.12,05.04,7.62,09.04
1974-04-10,5.13,7.54,7.21,2.54,9.54,2.0,3.37,10.08,04.04,4.38,9.79,7.21
1974-04-11,7.41,14.17,10.75,04.04,10.54,4.79,8.63,12.46,8.67,8.96,16.5,19.7
1974-04-12,9.79,7.75,10.46,4.96,11.42,8.12,11.92,15.41,12.29,8.54,13.08,22.63
1974-04-13,11.34,9.96,20.83,05.09,10.79,4.25,8.0,6.42,07.04,5.83,7.96,09.08
1974-04-14,9.38,5.5,18.46,4.21,8.29,5.0,6.75,7.58,7.17,3.5,8.17,4.33
1974-04-15,6.75,4.0,7.38,1.87,4.71,0.58,1.83,05.09,3.79,02.08,5.66,4.17
1974-04-16,4.92,8.46,6.58,2.17,4.79,1.17,2.96,5.75,4.29,2.5,5.66,4.54
1974-04-17,4.38,4.17,10.75,02.04,4.46,1.38,2.75,3.71,3.37,2.21,3.96,5.66
1974-04-18,7.21,4.0,15.41,3.71,5.21,3.29,2.25,3.0,3.21,1.67,6.63,5.33
1974-04-19,10.75,8.58,6.96,2.62,8.83,2.75,2.96,5.91,4.12,03.08,7.41,10.58
1974-04-20,7.0,7.62,4.79,0.92,7.21,1.0,1.33,2.92,2.62,2.25,5.79,10.21
1974-04-21,3.67,1.63,04.08,1.67,3.92,0.63,3.29,3.75,1.42,1.38,3.21,4.96
1974-04-22,3.63,4.96,7.62,4.5,6.5,2.79,2.21,5.75,4.12,4.46,3.88,8.46
1974-04-23,05.04,5.29,11.79,03.08,3.83,2.17,3.33,5.88,3.5,4.25,8.0,5.21
1974-04-24,5.41,2.5,11.0,1.67,3.58,0.63,3.29,3.96,2.58,1.79,8.25,5.46
1974-04-25,4.75,04.08,14.54,3.67,5.37,1.79,4.79,5.25,2.58,3.21,3.75,8.38
1974-04-26,8.12,4.88,14.25,4.54,5.71,3.67,7.62,6.29,5.75,5.75,3.88,11.58
1974-04-27,10.67,4.92,17.96,4.63,7.33,5.29,9.5,7.41,6.46,6.25,9.83,9.71
1974-04-28,11.87,06.04,20.46,7.41,7.96,4.29,11.75,9.0,7.41,7.46,9.25,15.12
1974-04-29,10.08,7.41,8.12,3.37,5.17,01.08,4.33,5.25,4.5,5.21,6.71,7.12
1974-04-30,18.41,16.92,12.08,6.21,15.25,6.63,7.41,11.5,10.29,7.83,15.34,13.5
1974-05-01,17.21,11.17,12.21,10.21,14.29,8.75,13.7,12.17,10.75,13.13,12.12,17.08
1974-05-02,17.04,14.09,10.83,4.71,9.75,4.29,8.71,5.66,4.67,5.0,6.5,12.04
1974-05-03,12.42,12.17,16.25,7.67,12.12,09.04,14.54,13.0,10.71,10.96,12.12,18.75
1974-05-04,8.87,3.37,17.58,5.41,7.46,7.41,12.92,10.88,8.63,9.33,11.87,13.21
1974-05-05,5.83,6.25,15.96,5.71,5.71,4.38,10.29,5.63,5.54,6.83,06.04,9.54
1974-05-06,4.83,3.96,7.67,2.96,3.33,1.17,5.91,2.71,3.79,4.88,4.71,11.58
1974-05-07,8.58,12.17,6.58,4.0,8.21,05.04,6.58,8.46,5.58,6.38,15.96,11.71
1974-05-08,21.75,15.0,18.63,10.13,15.29,9.96,13.0,14.17,13.75,15.67,16.17,22.42
1974-05-09,18.25,14.79,18.66,10.0,12.12,10.21,18.58,13.46,14.0,15.12,12.08,21.79
1974-05-10,14.21,9.0,17.25,7.92,9.29,6.38,13.54,10.46,11.12,13.37,10.75,22.71
1974-05-11,15.41,11.54,12.67,3.71,7.46,3.92,5.58,8.87,4.63,5.0,12.38,10.92
1974-05-12,24.13,17.79,19.55,13.0,18.21,13.5,17.5,17.04,15.54,15.25,16.38,21.92
1974-05-13,21.71,17.92,17.16,10.17,16.46,10.63,12.92,16.21,13.17,15.79,18.5,21.5
1974-05-14,14.21,18.5,11.17,07.04,14.04,8.33,9.13,12.42,10.08,10.41,17.83,14.09
1974-05-15,17.62,22.95,12.75,10.13,20.83,12.75,10.79,17.33,15.54,12.46,20.58,23.79
1974-05-16,10.04,10.96,10.04,4.83,7.83,4.12,7.54,7.17,8.0,9.54,9.59,16.33
1974-05-17,15.54,16.42,13.29,8.38,13.96,8.21,8.92,13.0,11.08,11.67,18.71,17.5
1974-05-18,9.87,7.25,8.33,2.79,6.34,03.04,2.67,7.0,05.09,3.58,10.96,7.25
1974-05-19,9.96,15.5,8.71,5.33,9.79,4.92,5.91,10.08,5.91,06.04,18.75,8.33
1974-05-20,14.09,11.92,12.75,5.83,12.17,6.87,9.96,14.5,10.79,11.87,19.79,19.08
1974-05-21,13.29,11.92,9.75,4.75,9.46,5.46,8.58,11.5,8.71,7.71,16.38,16.42
1974-05-22,18.08,15.67,10.37,9.5,17.75,10.83,14.62,16.38,12.83,12.12,19.0,21.04
1974-05-23,27.08,18.63,15.79,13.46,18.08,12.83,14.92,18.21,13.5,15.71,19.87,22.92
1974-05-24,14.75,15.83,26.2,10.17,11.75,7.54,11.38,13.7,8.83,10.46,19.5,20.08
1974-05-25,6.21,6.96,10.37,3.54,7.71,2.29,1.58,8.63,05.04,6.96,10.17,12.33
1974-05-26,6.67,6.54,3.21,3.42,06.08,1.92,2.37,5.37,4.25,05.09,6.54,12.87
1974-05-27,8.75,6.21,06.08,4.25,8.25,3.17,6.17,8.54,5.63,7.58,10.34,16.17
1974-05-28,15.25,10.67,9.46,07.08,14.04,6.92,12.58,11.25,10.58,12.87,13.59,17.88
1974-05-29,6.13,03.04,7.25,2.21,4.33,0.87,6.46,2.83,2.88,3.29,4.54,9.71
1974-05-30,8.33,8.71,6.67,4.12,7.87,3.63,6.71,8.63,7.83,7.58,7.71,13.96
1974-05-31,8.71,7.96,9.83,3.92,7.12,2.54,06.04,9.87,5.29,6.71,13.46,11.29
1974-06-01,16.54,15.92,15.46,9.87,13.67,9.13,9.33,13.75,12.08,12.17,22.34,19.7
1974-06-02,13.0,9.54,11.83,6.54,13.88,7.38,12.04,12.46,11.38,10.71,18.54,22.0
1974-06-03,8.54,6.5,6.42,4.5,9.83,4.75,9.21,10.29,7.21,8.83,13.88,20.17
1974-06-04,6.46,8.46,6.34,4.12,08.04,2.92,5.63,8.54,06.08,5.33,14.79,12.83
1974-06-05,17.04,14.62,11.46,7.58,15.12,09.04,11.75,13.75,10.79,8.96,18.46,18.88
1974-06-06,17.5,17.46,13.42,10.17,19.58,12.25,17.5,17.29,13.62,13.29,18.96,23.54
1974-06-07,8.12,5.29,10.41,4.38,08.04,4.83,10.21,9.79,8.17,7.71,11.54,17.0
1974-06-08,14.96,10.0,8.17,5.88,13.7,5.66,7.21,9.38,7.41,9.71,12.0,12.33
1974-06-09,18.96,11.63,10.63,8.0,16.0,8.63,10.34,11.46,10.21,12.46,12.87,19.5
1974-06-10,14.92,9.79,10.63,8.38,13.96,8.12,11.38,11.58,9.92,10.37,13.0,18.05
1974-06-11,15.0,5.37,9.29,7.0,11.87,7.96,14.12,12.5,9.62,11.63,12.71,19.67
1974-06-12,4.79,2.88,4.46,1.67,4.25,0.87,3.42,2.88,2.83,1.29,7.41,10.17
1974-06-13,6.5,07.04,7.25,4.88,6.87,4.96,5.33,7.41,7.17,6.25,9.38,13.83
1974-06-14,4.46,4.5,4.79,3.25,5.91,2.58,4.25,7.62,2.58,3.92,9.83,8.54
1974-06-15,08.08,08.04,13.04,4.33,6.58,2.67,3.29,5.88,4.21,4.0,5.83,9.38
1974-06-16,8.5,5.54,6.25,2.13,4.96,2.37,2.37,5.54,3.46,03.04,10.54,4.54
1974-06-17,14.67,10.21,8.21,5.21,12.12,5.37,6.17,9.21,6.13,6.87,10.25,8.87
1974-06-18,12.0,9.92,11.04,4.42,9.92,5.29,7.46,7.92,7.75,7.21,12.92,10.04
1974-06-19,10.92,12.62,11.75,4.17,7.71,05.04,5.75,11.17,6.79,5.33,15.63,9.62
1974-06-20,12.29,12.96,7.87,5.66,11.46,7.87,7.38,10.67,8.54,7.46,13.0,11.83
1974-06-21,17.12,20.17,07.08,5.63,11.08,7.17,06.08,12.0,9.21,6.92,11.21,13.83
1974-06-22,20.12,19.41,14.04,07.08,13.75,9.79,11.54,16.25,11.54,9.42,13.59,17.29
1974-06-23,10.17,2.29,10.08,4.5,7.5,8.0,8.5,11.58,9.67,7.67,10.37,13.08
1974-06-24,7.62,4.25,13.67,3.21,6.0,4.46,6.87,6.75,6.83,5.17,7.92,8.63
1974-06-25,12.46,6.5,18.0,3.63,6.38,8.42,8.42,8.38,9.0,5.66,11.38,8.54
1974-06-26,6.58,1.79,18.5,4.58,8.38,7.25,11.38,10.25,10.21,7.46,9.79,12.0
1974-06-27,8.38,3.88,19.0,4.96,08.08,5.63,10.29,9.25,08.04,7.12,9.71,7.87
1974-06-28,4.17,3.17,6.38,2.79,3.37,1.38,4.17,3.63,4.29,5.63,5.37,6.79
1974-06-29,6.0,4.42,7.0,2.62,6.0,3.5,3.17,5.75,3.75,4.21,7.5,6.71
1974-06-30,12.79,8.71,10.63,4.46,7.46,4.88,5.25,9.59,4.63,5.91,11.34,11.46
1974-07-01,13.29,6.92,10.37,7.17,10.13,8.29,12.96,11.08,9.79,12.12,11.79,20.5
1974-07-02,17.58,12.83,13.17,05.09,9.46,6.13,7.58,8.79,7.41,6.17,8.58,7.87
1974-07-03,15.09,13.21,13.62,6.42,13.62,8.21,11.12,9.75,9.25,08.04,11.92,14.58
1974-07-04,14.5,11.08,12.83,6.13,11.34,6.46,8.21,8.67,8.0,2.79,11.04,8.54
1974-07-05,12.87,09.04,10.96,7.92,13.59,8.79,12.42,12.08,10.37,9.83,13.92,18.21
1974-07-06,6.17,06.08,8.46,02.04,6.25,2.46,7.41,4.58,5.17,5.83,7.5,12.5
1974-07-07,7.62,11.54,9.5,4.29,8.29,5.88,7.0,10.63,6.96,7.12,18.16,9.38
1974-07-08,13.88,13.42,12.87,7.58,13.59,8.67,7.96,12.92,10.34,10.58,18.08,15.75
1974-07-09,11.87,10.04,10.37,5.41,12.58,6.71,10.41,9.54,8.87,8.38,16.46,16.46
1974-07-10,16.71,13.75,12.92,07.08,14.88,09.04,11.54,14.37,12.0,12.04,18.25,19.25
1974-07-11,11.25,9.67,10.37,7.0,13.29,7.87,10.67,12.0,9.96,10.46,16.08,18.29
1974-07-12,9.13,7.0,8.33,4.88,9.83,06.08,8.5,8.54,5.96,8.67,10.83,15.63
1974-07-13,13.79,8.63,6.79,4.42,8.92,5.63,5.91,8.29,4.71,7.71,11.58,14.62
1974-07-14,15.25,12.08,10.83,5.29,10.08,6.13,7.62,9.54,7.71,6.75,14.29,10.88
1974-07-15,18.58,15.34,15.63,8.54,16.25,9.75,12.5,12.75,10.37,9.5,17.08,14.0
1974-07-16,21.0,14.71,14.62,10.37,14.37,10.58,11.17,14.58,10.54,13.13,20.5,25.37
1974-07-17,14.5,6.25,9.59,6.25,8.75,4.88,7.12,6.34,6.25,07.08,9.62,13.5
1974-07-18,5.83,4.54,7.29,1.42,05.04,03.04,7.5,4.38,3.83,3.92,10.37,14.58
1974-07-19,6.96,4.29,7.41,5.17,11.75,07.04,13.17,9.21,9.17,8.63,14.96,19.75
1974-07-20,11.79,6.75,7.25,6.21,10.46,6.83,11.71,10.88,8.33,9.21,12.79,19.62
1974-07-21,7.25,09.04,9.29,5.29,12.87,8.25,16.29,12.12,11.87,11.25,17.92,23.21
1974-07-22,15.54,10.41,14.33,9.13,14.88,10.41,17.29,12.12,12.17,11.38,18.46,23.58
1974-07-23,9.29,09.08,9.17,5.29,8.83,5.58,10.08,7.87,8.0,5.63,12.17,17.58
1974-07-24,16.46,10.58,8.92,6.42,11.79,5.91,8.58,8.21,7.17,7.67,10.54,14.46
1974-07-25,9.92,8.92,9.67,4.33,9.46,6.17,7.87,9.33,6.75,5.79,11.92,13.83
1974-07-26,9.46,9.33,09.04,3.88,8.46,5.37,6.79,10.79,7.12,6.46,14.58,12.92
1974-07-27,11.0,10.46,12.92,5.71,13.25,7.46,10.63,8.83,9.71,8.0,12.17,15.0
1974-07-28,12.83,9.46,10.29,6.42,12.08,7.62,11.29,09.04,10.34,7.87,12.08,15.59
1974-07-29,12.58,12.62,14.0,6.34,13.21,07.08,8.5,04.04,7.21,4.0,7.29,15.0
1974-07-30,12.87,13.46,13.42,5.21,12.17,6.5,6.0,5.13,8.0,02.04,7.38,3.75
1974-07-31,13.54,7.38,13.04,4.58,8.42,2.88,3.13,3.71,4.12,2.33,5.83,8.33
1974-08-01,6.29,06.04,7.25,3.0,7.33,4.63,5.96,8.46,7.21,5.21,11.46,16.96
1974-08-02,5.17,5.83,7.17,03.04,07.08,4.5,6.83,8.46,6.29,6.46,10.37,14.54
1974-08-03,3.75,4.58,11.0,1.92,3.13,0.63,2.5,3.42,1.63,3.33,09.08,13.59
1974-08-04,5.54,4.96,14.83,3.37,4.17,1.79,3.79,1.79,3.67,1.75,4.29,6.92
1974-08-05,10.41,15.83,9.67,6.21,11.46,08.04,4.17,10.41,9.0,7.75,13.83,12.67
1974-08-06,13.25,16.38,11.5,8.38,13.42,8.92,5.29,12.0,11.42,11.12,14.37,17.92
1974-08-07,10.67,11.96,11.87,6.67,10.63,8.29,7.12,10.58,11.38,7.12,12.12,18.21
1974-08-08,9.5,8.58,9.13,3.54,6.92,3.88,5.71,6.46,5.66,5.66,10.29,14.04
1974-08-09,14.09,11.63,10.92,4.42,10.04,4.96,7.62,7.96,7.87,5.91,10.58,10.37
1974-08-10,16.92,12.46,11.46,6.79,12.12,7.25,11.38,10.54,9.38,9.17,13.04,16.46
1974-08-11,7.38,9.46,9.75,3.88,7.75,5.66,7.0,8.29,7.92,7.79,12.42,16.83
1974-08-12,9.96,9.96,11.25,5.29,11.54,6.34,10.63,9.62,10.92,9.42,15.75,19.29
1974-08-13,7.41,4.71,8.79,1.75,4.46,1.96,4.79,3.83,4.21,3.37,7.21,8.5
1974-08-14,18.71,17.21,17.0,7.29,13.37,10.13,10.25,14.37,12.5,11.21,15.71,18.41
1974-08-15,19.55,16.46,16.79,9.87,13.59,11.29,14.25,19.41,13.42,12.54,23.25,22.34
1974-08-16,7.71,7.87,11.58,4.46,9.59,07.04,10.96,10.04,7.75,9.13,10.75,17.08
1974-08-17,05.09,5.33,7.67,2.25,6.13,2.13,5.88,3.25,4.46,3.67,5.29,10.96
1974-08-18,7.41,04.08,8.96,3.96,5.13,02.04,5.46,6.0,4.38,5.29,6.42,9.59
1974-08-19,5.71,7.41,06.08,2.5,4.83,3.54,4.54,8.25,4.12,4.25,15.75,11.17
1974-08-20,10.34,13.79,10.79,5.37,10.04,7.83,8.87,12.5,10.67,10.37,19.41,19.33
1974-08-21,8.29,7.0,10.21,3.71,8.38,5.66,7.83,6.13,7.33,5.96,9.25,13.5
1974-08-22,7.96,11.58,07.04,3.17,6.87,3.79,4.92,6.13,5.96,4.83,10.88,8.87
1974-08-23,13.79,12.46,14.09,6.71,10.37,8.21,9.59,11.75,11.21,11.67,16.88,16.42
1974-08-24,15.16,16.21,13.88,6.13,9.79,8.46,10.04,14.54,10.79,11.29,20.25,19.92
1974-08-25,14.54,12.92,12.58,5.29,13.7,08.08,10.54,11.08,11.96,9.71,16.96,19.83
1974-08-26,15.67,11.71,8.42,4.83,9.92,5.5,6.67,6.34,5.79,6.0,11.17,12.33
1974-08-27,12.0,12.17,8.63,3.92,9.75,6.17,8.5,9.62,7.46,7.21,16.96,12.96
1974-08-28,17.67,14.04,15.04,7.75,12.12,8.87,7.71,13.59,11.12,11.92,19.41,20.33
1974-08-29,7.46,6.71,9.67,02.04,4.58,2.54,7.46,4.38,5.63,4.38,7.83,9.62
1974-08-30,8.67,7.21,13.37,04.04,5.96,4.71,7.46,06.08,7.21,06.04,7.96,10.67
1974-08-31,5.37,7.54,5.79,2.25,4.75,3.54,3.33,5.63,5.83,4.21,04.04,12.08
1974-09-01,13.5,11.75,7.38,3.0,8.17,3.88,4.42,6.42,4.92,3.63,11.79,10.67
1974-09-02,22.75,17.88,19.95,11.04,14.58,10.54,12.92,9.83,11.12,9.0,6.83,15.37
1974-09-03,16.04,15.34,12.5,6.83,12.96,6.58,10.54,6.71,8.42,8.33,6.13,14.67
1974-09-04,16.21,15.37,14.58,7.17,16.17,9.59,12.79,9.38,12.25,6.63,12.46,15.5
1974-09-05,16.5,11.92,13.37,4.96,11.87,6.42,08.04,8.38,8.63,6.83,8.58,11.12
1974-09-06,20.17,16.33,14.71,7.54,13.04,7.92,8.29,8.96,8.96,5.88,10.29,10.5
1974-09-07,29.54,20.54,23.21,13.7,21.71,13.83,16.21,12.62,14.54,11.29,15.04,26.42
1974-09-08,16.58,11.38,15.71,5.63,13.54,8.33,10.88,8.79,10.67,7.87,10.71,16.83
1974-09-09,10.21,09.08,8.92,3.42,7.83,05.04,6.92,5.91,7.29,4.38,9.29,11.87
1974-09-10,11.08,13.67,12.67,5.0,9.59,7.96,8.0,9.71,9.59,8.42,16.83,19.25
1974-09-11,16.71,13.0,12.67,5.54,12.46,9.33,9.13,10.34,9.17,6.71,9.17,11.71
1974-09-12,13.13,9.42,14.83,07.08,9.13,7.54,9.42,9.92,10.54,9.21,9.5,19.46
1974-09-13,10.0,9.75,9.13,5.75,10.83,7.54,10.37,9.75,9.25,7.92,13.5,18.05
1974-09-14,14.5,14.29,12.38,6.34,10.92,7.33,5.46,9.0,08.04,07.04,10.79,14.83
1974-09-15,10.92,7.0,6.67,3.58,6.13,3.0,2.79,5.37,03.04,4.38,07.08,10.25
1974-09-16,8.83,9.29,8.71,3.54,5.58,4.63,6.13,09.08,5.75,5.79,11.0,13.96
1974-09-17,12.87,10.63,11.34,5.46,7.87,4.5,7.67,6.38,6.13,6.96,10.46,19.33
1974-09-18,5.21,3.96,6.21,1.5,03.08,1.67,4.58,05.09,2.62,4.75,9.54,14.67
1974-09-19,10.0,8.25,7.75,4.79,10.58,6.21,9.5,10.96,9.67,8.58,14.71,23.16
1974-09-20,12.79,10.29,12.96,5.41,10.75,07.04,9.67,12.0,9.87,9.38,18.54,19.83
1974-09-21,14.71,18.88,11.12,7.71,14.75,7.67,13.37,13.04,11.42,10.88,23.04,27.12
1974-09-22,17.92,17.71,13.08,7.83,15.29,8.87,12.21,12.42,11.5,9.92,17.46,20.62
1974-09-23,27.0,25.08,19.7,10.54,16.62,9.59,11.17,12.92,11.0,10.04,18.46,26.63
1974-09-24,15.96,16.04,11.58,7.54,11.29,7.58,10.25,9.17,8.83,8.33,14.5,18.38
1974-09-25,24.04,20.21,17.29,12.0,18.58,11.12,13.0,13.75,12.92,9.87,19.92,19.25
1974-09-26,8.5,7.21,7.33,2.37,4.29,2.88,08.04,2.88,5.17,3.88,6.42,13.21
1974-09-27,14.12,9.13,12.42,4.46,6.79,3.17,6.46,6.46,4.42,2.96,10.37,8.83
1974-09-28,15.92,16.71,10.92,5.83,11.21,6.46,8.38,9.79,7.17,6.46,17.08,10.92
1974-09-29,14.12,10.96,8.5,3.96,8.5,4.0,7.83,7.71,5.79,7.33,12.62,11.12
1974-09-30,05.09,3.33,07.08,1.58,1.79,1.5,7.46,4.54,3.63,4.83,7.5,13.59
1974-10-01,8.54,04.08,8.33,3.96,5.5,2.0,6.79,4.88,4.63,04.08,7.33,16.54
1974-10-02,19.95,14.21,15.96,09.08,12.83,08.08,13.92,11.38,10.75,11.21,17.16,25.75
1974-10-03,13.88,10.41,19.41,7.21,5.91,4.67,9.92,8.92,7.87,9.59,13.67,25.21
1974-10-04,16.46,13.17,15.87,7.75,10.0,7.33,10.17,9.75,08.08,11.0,15.71,23.67
1974-10-05,10.54,8.42,11.42,4.88,6.29,4.79,9.62,6.38,4.88,6.96,11.87,18.0
1974-10-06,19.41,18.79,11.67,6.96,17.83,8.5,13.29,13.54,10.71,8.58,22.63,19.25
1974-10-07,25.08,18.12,17.96,10.25,13.88,8.87,12.67,12.92,9.33,9.87,20.0,25.46
1974-10-08,13.33,9.21,13.5,5.54,8.38,5.21,9.33,7.62,5.63,06.04,13.37,17.12
1974-10-09,10.88,4.75,9.83,3.0,4.42,1.96,8.38,6.38,5.13,4.12,9.79,15.37
1974-10-10,13.08,9.92,13.17,5.5,8.83,04.04,10.0,7.62,6.46,7.41,12.5,20.83
1974-10-11,15.16,9.17,13.96,05.04,7.54,06.08,9.75,6.5,6.87,9.25,11.29,18.38
1974-10-12,9.67,3.33,10.54,2.67,5.75,2.17,8.33,5.46,4.21,3.42,09.08,10.5
1974-10-13,8.12,05.09,4.79,2.33,6.63,02.04,8.17,3.96,5.54,3.42,8.46,11.71
1974-10-14,4.17,7.38,2.71,0.46,06.04,1.96,4.0,5.29,3.75,3.42,10.25,9.71
1974-10-15,8.12,2.71,3.79,2.0,2.67,0.79,3.37,1.29,01.08,01.04,3.37,5.37
1974-10-16,9.38,8.33,3.88,02.08,6.79,2.29,5.41,5.83,3.58,2.54,10.5,10.83
1974-10-17,14.79,9.67,10.71,4.21,8.96,05.04,7.87,9.21,6.75,6.79,13.67,16.0
1974-10-18,19.41,16.33,14.58,08.08,16.33,7.96,14.37,9.46,11.21,8.71,14.92,19.21
1974-10-19,13.21,13.08,07.08,5.83,11.0,5.29,11.71,8.21,7.92,5.29,15.96,19.46
1974-10-20,23.79,17.75,13.92,11.75,17.62,10.25,15.59,14.09,11.67,8.5,20.5,26.34
1974-10-21,16.29,11.75,14.62,9.38,8.96,6.46,11.87,8.21,7.87,6.87,14.92,21.59
1974-10-22,16.92,12.79,14.88,6.96,9.79,6.34,10.96,8.12,7.83,8.5,15.75,23.58
1974-10-23,10.08,08.08,13.33,4.88,5.71,3.5,8.87,5.41,06.04,7.29,8.75,16.29
1974-10-24,08.04,8.33,6.17,3.21,8.5,4.25,10.79,6.42,08.08,06.08,12.5,20.58
1974-10-25,13.96,8.71,7.87,7.17,11.08,6.71,13.67,11.71,10.71,7.12,13.79,18.08
1974-10-26,16.04,11.34,9.33,8.29,14.83,8.58,15.59,12.08,12.21,10.29,15.5,23.21
1974-10-27,26.5,17.33,15.34,15.75,19.92,14.12,22.29,18.66,15.87,20.88,22.46,36.63
1974-10-28,19.5,18.75,17.21,12.96,14.0,9.46,15.92,13.59,12.87,12.79,18.96,31.91
1974-10-29,16.38,12.71,19.12,8.92,10.67,7.33,13.13,8.67,9.54,9.25,12.33,24.25
1974-10-30,12.83,5.46,12.29,5.58,7.92,5.88,11.42,7.58,7.67,6.96,09.04,15.34
1974-10-31,9.25,6.79,7.67,3.88,6.54,4.21,8.54,6.29,6.29,4.67,8.38,8.96
1974-11-01,10.63,11.29,7.54,2.92,6.83,3.42,6.92,8.58,6.42,5.54,11.21,12.12
1974-11-02,14.17,12.87,13.21,5.29,11.67,7.12,9.21,10.63,10.25,11.0,15.46,17.37
1974-11-03,19.95,15.04,14.09,11.12,16.17,9.38,12.71,10.41,11.21,8.38,12.54,12.75
1974-11-04,6.63,3.92,10.96,2.46,2.67,01.04,5.96,3.67,2.58,2.17,7.21,8.29
1974-11-05,9.59,13.37,8.96,3.71,9.92,5.41,6.79,9.54,7.83,6.25,15.96,18.54
1974-11-06,8.46,4.63,12.17,2.83,5.58,1.13,5.41,2.33,5.17,1.63,1.96,6.34
1974-11-07,10.41,11.46,7.83,3.42,8.83,5.33,5.33,10.46,7.5,6.0,14.37,17.75
1974-11-08,13.59,12.58,12.21,6.42,10.41,6.67,11.21,9.83,10.58,8.83,12.96,17.25
1974-11-09,18.29,17.29,16.62,10.0,18.34,11.92,20.04,17.67,16.79,15.75,25.29,34.96
1974-11-10,22.71,21.87,20.17,12.33,20.38,11.75,19.25,18.16,15.46,15.63,24.96,27.54
1974-11-11,14.58,19.21,10.58,8.0,14.5,9.62,20.21,13.0,14.0,13.29,20.08,31.54
1974-11-12,13.54,13.54,9.67,4.21,11.08,5.41,11.75,7.83,8.79,6.83,10.79,19.21
1974-11-13,27.58,22.25,21.92,13.92,17.37,12.12,12.79,12.33,13.88,10.17,11.08,16.5
1974-11-14,22.63,18.66,24.37,13.92,20.04,13.25,19.08,9.87,18.25,14.29,8.79,17.29
1974-11-15,7.71,4.21,8.38,3.21,07.08,4.38,10.63,7.33,09.04,8.58,11.67,21.75
1974-11-16,4.33,4.25,5.91,1.58,6.21,4.0,9.62,7.33,8.54,7.58,13.88,19.87
1974-11-17,4.25,2.33,5.63,0.33,3.88,1.46,5.88,1.63,3.88,2.0,2.96,10.04
1974-11-18,07.04,2.17,8.33,0.75,1.87,0.13,8.25,0.37,2.75,03.04,1.25,10.79
1974-11-19,11.92,14.37,7.29,2.17,9.17,2.75,4.71,5.75,3.42,3.42,5.54,9.54
1974-11-20,15.41,13.37,20.41,6.29,10.88,4.88,14.29,11.63,10.0,6.58,8.5,12.75
1974-11-21,8.79,7.92,19.55,5.21,6.87,3.63,9.25,8.12,7.29,3.0,4.38,14.17
1974-11-22,6.67,3.79,08.08,2.67,5.91,1.5,4.83,3.13,4.29,2.21,3.25,12.92
1974-11-23,14.67,9.62,9.79,6.29,8.54,4.17,9.71,3.79,6.17,3.33,2.75,6.17
1974-11-24,18.79,19.83,14.33,10.58,20.88,11.96,18.0,18.84,16.25,16.66,23.63,28.84
1974-11-25,12.67,13.17,11.08,7.29,14.29,7.96,17.79,10.54,13.25,13.25,16.66,26.63
1974-11-26,4.0,8.58,4.38,1.63,8.46,2.83,6.96,4.54,4.54,04.04,7.62,11.25
1974-11-27,22.71,23.0,13.42,13.54,24.04,13.42,22.5,20.04,17.83,18.63,25.12,31.88
1974-11-28,20.04,16.33,13.5,13.21,19.41,10.96,20.67,13.33,14.67,15.25,18.63,30.71
1974-11-29,09.08,10.29,8.96,2.29,7.41,4.29,9.96,07.08,7.46,4.96,9.38,14.04
1974-11-30,12.92,12.96,10.37,5.0,14.37,07.08,13.29,12.12,11.12,8.21,14.04,18.79
1974-12-01,17.16,19.12,16.17,7.87,16.66,11.12,14.62,15.75,14.92,13.96,23.13,23.79
1974-12-02,11.38,10.37,12.83,05.04,9.46,05.04,9.87,6.87,9.25,8.83,11.25,19.46
1974-12-03,17.5,18.25,15.16,7.92,15.16,11.83,12.04,15.96,12.92,13.54,21.87,21.17
1974-12-04,12.96,16.83,10.04,7.5,17.37,8.58,17.41,14.29,13.75,13.08,21.62,26.83
1974-12-05,12.04,11.29,8.54,5.54,12.12,6.25,15.75,11.58,12.33,9.29,14.0,23.83
1974-12-06,13.92,13.54,10.29,06.04,16.38,7.87,17.04,10.79,14.12,10.21,16.08,23.33
1974-12-07,14.88,13.79,10.96,10.13,22.0,10.37,21.67,16.08,17.62,12.25,19.58,24.79
1974-12-08,16.83,17.75,14.88,9.29,15.59,10.46,14.92,13.83,14.71,13.96,20.04,25.08
1974-12-09,14.29,18.58,9.21,8.75,16.29,08.08,17.46,14.92,13.59,12.71,21.25,26.0
1974-12-10,18.25,22.54,14.25,11.29,21.04,10.41,20.21,15.5,15.67,12.21,21.21,29.38
1974-12-11,20.12,16.38,15.0,9.87,14.58,7.62,13.75,10.63,10.5,10.0,14.29,21.92
1974-12-12,29.5,19.87,15.5,16.08,22.83,13.79,17.58,19.7,16.88,15.75,17.92,22.92
1974-12-13,14.42,14.5,11.63,8.75,15.79,8.96,13.13,14.12,13.08,10.5,18.29,19.67
1974-12-14,12.0,13.88,10.92,7.87,13.13,08.04,14.88,13.96,11.71,9.62,16.29,21.84
1974-12-15,9.71,11.12,8.12,4.25,9.38,5.17,10.58,8.83,9.5,8.71,12.79,21.0
1974-12-16,21.21,22.25,15.09,12.75,23.13,13.33,20.79,21.09,17.92,16.75,25.12,29.95
1974-12-17,25.12,24.96,13.96,15.12,24.58,15.96,25.46,22.37,18.58,19.08,26.75,38.25
1974-12-18,12.04,12.46,8.46,6.54,15.0,6.13,16.66,9.29,12.71,9.46,11.79,20.17
1974-12-19,23.25,21.37,19.7,9.87,15.25,11.0,18.63,20.83,16.66,15.46,27.33,27.88
1974-12-20,26.54,23.0,22.75,13.88,16.04,12.17,17.46,17.5,16.88,15.25,21.5,23.5
1974-12-21,25.0,20.67,22.21,11.67,15.37,11.38,16.25,17.37,16.0,15.16,24.41,26.0
1974-12-22,22.58,19.55,17.88,10.13,15.5,9.67,15.21,16.58,14.0,14.17,19.55,22.42
1974-12-23,27.54,23.54,24.0,18.88,24.87,17.54,17.75,22.42,25.0,23.58,25.04,33.04
1974-12-24,10.41,12.75,8.79,3.79,11.87,5.29,11.12,7.21,10.34,08.04,13.33,20.79
1974-12-25,27.29,25.29,22.67,13.21,20.17,12.58,17.83,16.92,16.46,13.67,18.16,20.67
1974-12-26,25.41,22.21,19.55,12.87,20.5,12.71,19.5,14.5,16.75,12.87,15.16,17.79
1974-12-27,22.5,22.0,17.46,10.58,22.17,12.71,20.5,17.41,17.29,13.88,19.79,27.33
1974-12-28,25.84,22.83,20.88,14.96,25.92,16.62,25.33,20.04,22.63,16.88,15.75,25.96
1974-12-29,14.83,11.58,12.71,9.29,13.7,8.0,14.96,11.42,13.75,09.04,12.92,22.5
1974-12-30,13.29,13.42,13.17,3.63,9.75,6.34,11.08,12.17,10.83,9.0,18.16,22.13
1974-12-31,16.04,16.29,15.21,8.42,13.67,9.75,15.25,16.13,15.04,13.46,18.54,18.46
1975-01-01,14.04,13.54,11.29,5.46,12.58,5.58,8.12,8.96,9.29,5.17,7.71,11.63
1975-01-02,9.17,11.46,9.13,2.54,8.71,4.58,8.58,13.75,10.67,10.54,17.79,20.96
1975-01-03,9.54,5.63,7.29,3.5,7.71,3.33,9.96,7.12,8.46,7.38,11.25,21.84
1975-01-04,5.37,6.0,9.38,3.5,8.96,5.83,16.38,10.17,12.75,11.46,16.38,24.87
1975-01-05,11.92,12.25,12.17,5.75,14.92,10.5,21.59,13.13,16.38,14.58,22.13,30.88
1975-01-06,19.83,17.08,17.08,10.21,19.29,10.08,19.12,12.87,15.59,12.87,18.58,23.33
1975-01-07,11.58,10.79,8.75,6.0,12.62,6.38,10.88,10.29,9.46,05.09,11.46,13.29
1975-01-08,10.71,11.0,8.75,5.83,11.46,7.17,10.63,11.17,10.71,6.96,16.21,16.33
1975-01-09,14.71,14.79,12.25,6.29,12.29,8.5,14.25,15.71,13.5,12.29,19.87,20.62
1975-01-10,21.96,17.46,17.75,10.21,13.25,8.54,11.83,12.46,13.37,12.12,22.92,17.46
1975-01-11,22.13,18.12,19.0,11.12,15.67,10.04,17.41,14.42,16.42,13.37,24.92,21.84
1975-01-12,18.79,21.09,17.46,10.96,17.29,10.71,15.79,14.96,16.17,15.09,27.33,27.42
1975-01-13,33.12,25.58,25.88,19.0,21.79,17.5,19.62,20.91,21.0,21.54,28.71,28.71
1975-01-14,19.12,12.54,19.92,10.13,11.92,7.96,13.96,12.29,12.5,13.83,20.33,26.54
1975-01-15,18.05,11.58,16.5,10.58,12.96,7.83,10.83,09.08,12.67,10.17,12.96,17.79
1975-01-16,8.29,8.0,8.67,1.75,9.42,2.92,5.88,6.92,7.62,4.29,10.13,14.33
1975-01-17,8.0,10.71,6.54,3.75,10.08,04.04,9.62,7.17,9.71,06.08,11.46,9.17
1975-01-18,14.37,10.37,11.29,6.13,8.17,3.29,7.25,6.54,07.08,4.58,12.58,9.54
1975-01-19,22.37,22.08,17.67,9.21,16.33,11.0,12.12,16.62,13.88,12.92,23.63,22.46
1975-01-20,20.5,22.29,12.62,9.33,19.29,11.5,16.79,16.33,16.0,15.79,29.88,29.71
1975-01-21,19.55,18.29,13.25,8.58,14.21,8.33,14.42,12.12,13.88,10.5,17.5,20.79
1975-01-22,26.5,29.5,21.29,14.67,26.16,15.5,20.91,21.34,20.58,19.55,32.3,32.33
1975-01-23,20.62,23.63,14.62,12.87,22.29,14.75,19.5,20.12,18.96,16.13,31.49,34.54
1975-01-24,16.25,14.37,12.5,6.75,11.38,7.29,10.92,10.0,11.46,9.54,16.58,22.08
1975-01-25,19.41,16.42,15.29,8.83,13.59,8.21,13.17,10.71,12.38,10.71,17.12,23.13
1975-01-26,22.21,14.88,17.88,7.96,11.83,8.12,10.25,11.54,11.29,10.13,18.5,19.95
1975-01-27,18.66,19.46,11.21,6.46,12.5,5.29,6.67,7.62,7.41,5.66,13.59,17.37
1975-01-28,16.29,13.67,14.04,8.92,14.12,8.67,14.75,12.21,13.37,11.46,17.25,26.16
1975-01-29,17.62,18.38,10.54,4.5,10.46,7.0,7.87,10.92,9.67,6.34,16.04,17.29
1975-01-30,21.09,20.58,17.96,10.71,16.88,11.96,14.92,19.12,17.04,16.04,26.92,28.58
1975-01-31,18.34,18.66,14.25,09.04,13.83,9.17,14.58,14.09,13.75,10.83,23.75,22.17
1975-02-01,12.5,17.46,12.12,5.83,11.12,6.29,9.62,13.92,10.67,9.75,22.95,18.16
1975-02-02,11.96,21.46,8.87,6.34,12.46,06.08,4.42,9.75,10.29,7.79,18.91,11.08
1975-02-03,10.75,15.37,8.12,5.96,10.88,5.41,06.08,8.42,9.79,6.21,14.46,12.92
1975-02-04,12.04,9.33,9.54,4.0,7.83,3.67,4.12,7.33,4.21,4.67,7.41,10.92
1975-02-05,12.38,7.12,11.38,3.25,7.87,3.5,8.12,6.34,8.29,5.29,7.67,9.42
1975-02-06,19.0,17.79,15.92,5.54,11.71,6.46,8.46,11.63,9.42,08.08,15.96,17.33
1975-02-07,15.87,14.0,11.42,6.42,10.58,6.63,8.58,13.0,11.75,7.29,16.46,17.0
1975-02-08,15.41,14.17,10.54,04.08,11.29,5.83,7.54,9.42,9.62,5.71,12.38,14.92
1975-02-09,12.79,12.29,8.67,2.79,9.46,2.37,5.21,7.71,8.0,3.33,8.87,09.04
1975-02-10,14.25,17.54,10.04,5.33,11.63,7.0,7.0,8.92,8.46,3.5,10.67,11.29
1975-02-11,14.0,11.63,13.46,4.88,10.41,7.79,5.66,9.29,7.54,3.88,10.96,7.87
1975-02-12,7.46,06.04,9.0,2.62,4.5,2.67,4.67,03.04,3.79,0.92,06.08,6.54
1975-02-13,11.63,15.59,7.33,05.04,12.25,7.46,9.79,8.33,10.54,5.17,14.58,8.87
1975-02-14,14.21,8.58,9.92,1.96,7.67,2.21,4.21,3.92,5.91,1.38,3.75,7.29
1975-02-15,9.17,7.17,9.21,3.33,9.42,5.54,6.96,07.04,8.38,6.5,9.92,14.88
1975-02-16,14.42,14.0,16.96,10.5,11.96,11.42,12.38,11.83,13.92,13.59,19.25,23.16
1975-02-17,13.42,13.54,10.92,7.33,13.25,9.54,14.0,12.67,14.0,10.37,20.08,23.25
1975-02-18,3.71,5.29,4.33,0.67,3.13,0.63,4.0,03.04,2.46,1.5,8.0,11.34
1975-02-19,17.46,17.62,16.17,7.92,16.33,11.71,10.63,12.42,12.79,11.63,17.88,23.42
1975-02-20,9.67,7.5,16.08,4.58,5.17,1.67,6.0,1.63,4.33,1.13,6.25,6.58
1975-02-21,8.67,03.08,10.92,4.46,5.0,5.5,5.21,3.67,7.62,5.96,16.25,16.5
1975-02-22,16.46,14.42,14.37,8.17,12.92,9.96,7.92,12.75,12.79,12.92,21.0,22.25
1975-02-23,10.67,9.42,11.34,5.63,08.04,5.13,6.96,5.37,7.21,3.96,5.79,11.5
1975-02-24,11.38,15.29,9.13,5.91,10.71,8.21,6.34,10.71,10.54,7.29,12.54,14.96
1975-02-25,16.88,21.29,14.17,6.42,12.71,10.67,9.21,11.67,11.0,7.38,14.96,19.87
1975-02-26,18.08,19.17,15.83,6.42,16.38,10.5,9.25,10.46,10.46,7.96,15.5,18.0
1975-02-27,15.46,17.04,11.54,3.96,15.16,7.29,7.87,8.79,8.79,4.71,11.42,10.41
1975-02-28,11.21,16.88,12.71,5.75,13.83,7.83,7.92,9.96,9.33,5.37,12.29,9.54
1975-03-01,12.79,11.46,14.62,05.09,10.0,6.83,10.13,7.54,8.25,3.75,08.04,11.42
1975-03-02,11.67,11.42,13.46,5.71,10.17,7.21,10.0,7.96,9.71,5.79,10.37,12.92
1975-03-03,4.33,05.04,7.87,2.29,3.96,2.92,7.38,4.88,6.67,3.88,9.75,12.12
1975-03-04,4.63,5.46,5.66,0.5,3.42,0.0,1.63,1.54,0.54,0.25,5.5,5.41
1975-03-05,7.87,7.21,5.83,1.83,3.5,2.17,4.88,3.92,3.96,5.0,8.92,9.33
1975-03-06,14.62,14.71,14.0,7.46,14.5,9.83,14.46,11.71,13.54,13.17,19.7,22.37
1975-03-07,13.79,14.54,10.63,7.33,14.62,8.33,14.0,9.79,12.71,12.04,18.96,20.83
1975-03-08,9.5,6.54,7.21,3.17,6.79,2.58,5.33,5.37,5.91,5.83,11.87,14.54
1975-03-09,17.04,13.08,12.21,6.13,10.54,6.25,10.08,08.08,9.38,09.04,15.12,16.33
1975-03-10,15.29,13.83,19.0,07.04,10.83,8.33,12.96,11.08,10.46,11.92,16.92,21.75
1975-03-11,18.84,13.92,28.33,11.25,14.29,12.92,19.29,11.83,16.0,15.34,15.59,19.0
1975-03-12,10.63,09.04,15.21,4.79,7.5,5.91,10.75,7.12,9.75,8.25,6.63,17.16
1975-03-13,9.0,5.0,16.0,05.04,6.29,2.79,7.62,4.33,6.83,6.25,5.17,8.63
1975-03-14,12.38,6.42,15.54,5.54,6.63,2.88,6.46,4.38,6.87,7.0,4.54,9.17
1975-03-15,10.37,6.0,15.09,4.79,4.21,1.87,7.83,5.71,5.5,07.04,9.13,18.63
1975-03-16,11.38,9.46,12.17,03.04,4.21,3.21,5.58,5.13,5.83,4.92,4.12,10.67
1975-03-17,12.42,8.63,13.37,3.37,5.37,4.17,7.79,6.63,6.38,5.54,7.46,11.67
1975-03-18,12.83,11.12,13.21,4.54,7.96,4.21,10.5,7.0,6.29,07.04,7.92,12.08
1975-03-19,11.58,8.92,18.34,5.41,8.58,4.46,9.62,5.91,6.58,6.5,8.25,14.33
1975-03-20,10.71,6.63,20.54,4.5,6.13,2.46,8.71,6.96,8.87,06.04,7.71,15.67
1975-03-21,16.33,14.46,14.5,7.83,11.54,10.13,11.12,9.83,12.29,11.96,14.88,22.34
1975-03-22,16.54,13.0,9.59,7.62,11.46,6.63,10.92,09.04,10.13,8.87,13.04,14.21
1975-03-23,15.63,9.54,10.58,6.25,11.87,7.21,10.63,9.13,9.83,10.96,12.21,19.75
1975-03-24,17.16,7.67,12.08,8.0,9.71,6.75,11.67,8.12,10.21,12.42,09.04,22.95
1975-03-25,8.5,6.29,8.75,3.75,07.08,5.66,10.88,7.71,10.5,8.79,11.04,10.58
1975-03-26,9.21,8.63,13.29,03.08,6.29,5.63,7.33,7.54,8.96,7.0,14.42,16.71
1975-03-27,15.63,11.87,17.79,8.42,9.25,5.21,10.17,8.38,10.96,10.58,13.67,19.7
1975-03-28,15.87,12.67,12.17,6.0,10.21,7.62,9.42,9.29,10.75,10.0,16.17,20.62
1975-03-29,15.37,12.54,10.79,07.08,9.46,6.46,9.62,8.25,9.33,9.83,18.05,20.12
1975-03-30,16.08,16.96,15.12,7.17,9.75,6.54,8.58,8.42,9.5,9.71,15.87,14.62
1975-03-31,12.79,10.83,8.29,6.58,8.87,6.29,9.46,7.62,8.96,9.59,12.92,15.59
1975-04-01,16.5,11.54,10.5,7.71,9.25,08.08,11.71,8.92,11.04,12.17,13.79,18.16
1975-04-02,17.5,15.12,16.75,8.87,12.87,8.25,10.75,12.17,11.34,10.88,17.41,19.29
1975-04-03,15.04,11.54,17.58,08.04,9.29,07.08,11.79,09.08,12.04,14.83,15.16,25.62
1975-04-04,12.62,10.63,18.34,6.58,6.46,3.46,9.79,08.04,9.17,8.42,11.54,16.75
1975-04-05,9.92,7.33,13.54,4.79,5.29,2.0,7.0,4.92,7.12,4.88,10.41,11.92
1975-04-06,12.5,7.75,13.83,6.92,6.34,3.71,8.33,6.29,8.29,5.88,08.04,13.21
1975-04-07,21.84,15.83,15.0,11.58,16.0,10.92,17.71,14.04,15.71,20.54,20.91,33.04
1975-04-08,20.21,17.12,17.0,11.79,12.12,11.58,15.92,12.75,13.5,15.46,20.33,31.25
1975-04-09,15.63,09.08,13.13,7.54,8.71,08.04,10.54,6.38,9.46,10.41,13.5,18.63
1975-04-10,16.54,11.0,9.87,7.46,12.62,9.62,11.79,12.29,12.54,10.83,15.0,19.25
1975-04-11,14.88,7.87,08.08,6.21,9.46,7.41,12.83,8.96,11.63,10.34,12.5,18.41
1975-04-12,6.96,3.33,6.79,4.92,7.58,5.91,10.29,6.79,9.42,7.67,9.59,12.42
1975-04-13,12.33,14.29,10.37,5.66,8.33,6.63,09.08,11.5,10.13,9.75,16.42,14.0
1975-04-14,18.46,15.59,15.96,7.87,12.83,9.38,10.0,7.87,11.87,7.62,11.71,10.58
1975-04-15,13.08,9.13,7.75,3.54,6.96,2.62,4.46,3.96,5.88,04.08,8.38,6.71
1975-04-16,8.25,11.87,8.17,3.58,7.58,5.54,5.54,8.12,9.54,6.5,14.92,11.17
1975-04-17,10.17,11.5,10.92,4.71,8.42,6.63,8.38,9.0,8.92,8.38,15.92,12.0
1975-04-18,7.41,11.08,5.46,3.92,10.54,6.92,6.79,8.75,9.5,6.67,19.87,13.17
1975-04-19,13.62,13.21,8.92,5.41,13.04,8.63,9.79,10.08,10.63,8.71,17.54,18.5
1975-04-20,19.62,16.04,17.71,7.87,10.08,9.0,11.38,9.54,12.42,9.33,11.34,9.62
1975-04-21,10.46,7.62,13.5,4.17,5.54,4.0,4.67,7.71,8.79,7.5,9.62,7.25
1975-04-22,4.58,5.63,3.29,2.42,7.41,2.29,04.04,4.71,5.88,6.83,6.54,9.17
1975-04-23,08.08,5.71,10.79,4.21,5.75,3.0,2.54,3.5,6.71,5.54,4.17,9.96
1975-04-24,4.58,1.96,12.96,2.21,4.17,1.87,1.21,1.46,4.17,1.92,6.13,5.25
1975-04-25,4.25,1.42,6.38,1.92,3.63,0.17,1.87,3.54,2.17,2.13,4.79,2.29
1975-04-26,8.75,4.12,6.29,3.0,5.96,3.17,03.08,4.54,06.04,4.75,7.92,12.12
1975-04-27,7.62,9.62,12.71,4.75,6.92,3.67,4.83,3.75,5.75,5.0,8.75,13.42
1975-04-28,10.67,11.0,9.21,4.88,12.5,6.79,7.21,09.04,11.42,8.79,17.88,18.29
1975-04-29,14.17,16.5,10.34,8.17,16.42,9.83,12.96,11.96,12.83,13.25,19.33,23.25
1975-04-30,18.5,15.75,14.92,8.38,16.5,9.87,10.41,11.34,13.33,12.67,17.88,19.33
1975-05-01,22.54,16.04,17.16,7.75,13.92,8.75,13.88,11.04,13.42,11.46,15.25,21.67
1975-05-02,14.46,10.96,11.38,6.92,14.88,2.5,4.38,2.42,4.54,5.66,6.67,15.41
1975-05-03,6.25,6.29,4.92,1.71,3.54,0.29,2.54,2.42,01.04,02.04,6.63,6.38
1975-05-04,1.63,3.96,5.37,0.46,04.08,0.63,0.92,1.42,3.42,1.67,3.83,3.79
1975-05-05,6.13,4.21,15.71,3.88,05.09,3.96,5.63,3.58,5.46,3.37,7.83,7.33
1975-05-06,8.79,8.63,21.59,6.54,8.12,5.54,6.96,05.04,7.54,05.09,13.75,6.29
1975-05-07,11.83,9.33,27.67,8.21,7.58,6.54,12.04,06.04,9.29,6.75,9.83,10.54
1975-05-08,17.92,13.13,24.0,8.67,15.5,07.04,11.08,13.54,12.17,10.79,15.41,10.88
1975-05-09,16.66,15.41,13.67,7.0,14.09,08.08,7.41,12.96,11.25,13.17,13.92,19.62
1975-05-10,15.96,11.17,9.46,6.13,10.92,8.42,9.54,9.83,10.67,12.25,12.67,20.46
1975-05-11,11.42,09.04,9.17,3.58,7.0,3.33,5.33,5.17,5.83,5.88,10.37,11.58
1975-05-12,13.54,10.04,11.87,5.21,11.63,7.75,7.33,8.25,11.0,7.0,11.58,13.54
1975-05-13,6.79,6.13,5.91,1.67,05.09,1.63,2.13,2.92,3.92,3.83,8.0,8.96
1975-05-14,6.87,4.67,9.54,2.71,08.08,4.5,6.21,7.62,6.17,7.46,14.5,14.79
1975-05-15,10.04,9.25,22.17,5.33,8.63,5.63,7.87,5.41,6.21,3.71,14.17,10.71
1975-05-16,6.71,07.08,14.92,3.54,5.0,0.79,3.13,4.5,2.29,2.29,6.46,5.58
1975-05-17,6.29,2.83,11.58,1.87,3.75,0.83,2.21,1.92,02.04,02.04,4.33,06.08
1975-05-18,6.21,4.71,3.46,1.87,3.46,01.08,3.92,3.75,1.92,2.62,8.83,5.83
1975-05-19,4.38,6.46,03.04,1.5,3.13,1.33,04.04,5.41,3.5,4.21,15.54,13.54
1975-05-20,9.67,2.5,10.0,2.5,4.29,04.04,2.54,2.96,3.58,04.04,09.08,14.25
1975-05-21,6.79,2.75,13.42,3.92,5.0,4.17,3.71,5.41,6.42,5.37,15.75,18.71
1975-05-22,6.38,4.96,16.66,5.54,7.71,4.42,6.21,7.79,8.5,9.96,14.67,18.88
1975-05-23,8.21,9.59,10.79,4.5,6.42,4.71,5.88,7.17,8.12,9.29,10.88,15.92
1975-05-24,9.0,04.04,13.33,04.08,6.38,2.88,5.71,4.83,6.38,4.58,11.58,10.0
1975-05-25,11.75,5.75,16.5,4.79,6.54,5.88,7.96,6.63,8.21,7.12,10.5,12.21
1975-05-26,10.29,5.96,19.67,6.38,7.96,7.71,9.62,9.29,10.08,7.54,12.87,7.29
1975-05-27,12.83,8.21,23.58,7.38,9.5,8.75,9.92,9.59,9.25,7.67,11.42,8.25
1975-05-28,12.25,6.67,24.54,4.83,9.92,7.83,6.87,9.59,9.67,5.79,11.58,7.12
1975-05-29,6.92,5.17,16.21,3.33,4.29,3.21,3.92,5.83,4.88,2.21,12.67,4.33
1975-05-30,9.42,4.42,12.75,2.96,6.46,04.08,5.33,7.79,7.17,3.33,19.08,13.88
1975-05-31,9.33,7.17,7.92,3.21,5.71,3.42,3.0,7.21,05.09,5.79,9.38,13.54
1975-06-01,10.96,8.79,9.5,4.75,9.62,5.58,8.38,9.75,9.29,8.75,11.75,18.34
1975-06-02,23.21,16.58,18.79,13.13,15.92,12.08,17.21,15.46,14.58,20.0,20.25,32.79
1975-06-03,9.62,4.92,10.37,3.88,5.58,3.33,5.91,4.79,6.46,6.58,6.29,11.21
1975-06-04,11.83,12.71,10.54,4.96,8.87,4.83,3.75,6.96,08.04,5.79,14.12,12.83
1975-06-05,12.33,16.17,11.46,7.5,12.87,9.92,9.13,12.71,13.25,10.5,17.58,14.17
1975-06-06,11.12,18.38,12.12,9.25,16.54,10.67,7.46,11.67,14.54,13.04,18.75,22.79
1975-06-07,6.63,9.5,05.04,03.04,4.96,3.83,2.88,8.17,06.04,5.79,14.54,10.75
1975-06-08,7.67,8.96,2.92,3.54,8.54,4.92,3.92,7.0,6.96,6.5,6.79,09.04
1975-06-09,3.96,3.67,7.0,1.79,06.08,2.46,4.58,4.0,5.75,4.67,6.29,10.04
1975-06-10,7.0,7.54,3.67,1.25,6.42,1.0,1.58,4.33,2.75,0.54,5.75,5.91
1975-06-11,7.96,1.96,2.88,1.63,4.0,1.25,1.58,3.54,2.0,2.0,10.67,6.54
1975-06-12,10.17,6.58,5.88,2.88,5.46,1.75,3.75,4.96,4.58,4.54,6.42,10.13
1975-06-13,10.08,3.96,6.87,4.17,9.29,5.46,7.58,7.21,7.12,6.92,11.08,14.62
1975-06-14,13.33,9.29,8.92,6.71,11.92,7.92,9.0,10.83,9.46,9.92,13.08,17.88
1975-06-15,10.54,10.58,8.67,4.71,09.08,06.04,5.63,8.0,7.0,5.71,11.46,13.79
1975-06-16,9.79,7.92,7.38,1.92,6.54,2.13,3.33,4.25,4.96,3.13,7.5,9.21
1975-06-17,10.75,8.79,11.12,3.75,7.33,3.96,4.42,8.21,7.38,5.58,11.71,10.92
1975-06-18,15.0,15.21,14.75,8.33,12.75,9.79,10.46,14.79,12.58,12.58,21.5,20.46
1975-06-19,15.37,12.96,16.13,9.21,12.71,8.96,11.71,14.09,12.21,11.0,20.33,19.38
1975-06-20,5.41,1.79,6.38,2.0,4.88,1.25,4.42,4.33,5.37,3.63,8.25,11.08
1975-06-21,5.79,3.96,9.33,1.92,4.17,2.29,3.54,3.67,6.5,4.12,5.0,15.63
1975-06-22,5.75,3.21,6.13,2.25,4.71,1.63,2.5,6.38,2.67,3.63,7.0,8.63
1975-06-23,11.38,6.75,5.71,4.83,6.87,04.04,06.04,6.13,6.21,05.04,7.96,11.54
1975-06-24,8.25,9.46,12.58,4.96,6.58,3.79,04.08,5.75,7.41,6.13,6.17,8.79
1975-06-25,6.17,6.25,9.62,2.37,5.71,01.04,1.79,4.5,3.42,3.37,5.63,9.96
1975-06-26,9.5,9.71,17.0,5.88,9.42,5.91,5.46,9.46,8.87,8.12,10.41,14.96
1975-06-27,10.54,9.54,14.79,4.29,7.21,3.67,6.87,9.0,8.83,3.92,13.33,10.96
1975-06-28,10.54,5.54,13.62,3.71,5.75,5.58,06.04,7.0,9.0,4.33,8.58,08.04
1975-06-29,8.17,4.71,11.54,2.5,4.25,0.25,1.83,4.63,3.37,1.17,5.21,7.25
1975-06-30,9.13,3.21,5.21,2.21,5.54,1.5,1.63,3.83,3.25,4.46,4.67,10.67
1975-07-01,6.25,3.25,5.5,1.92,3.46,1.33,2.92,2.75,2.37,2.21,6.13,11.46
1975-07-02,4.96,4.54,3.5,2.29,4.46,3.54,4.79,4.25,4.5,02.08,5.91,7.0
1975-07-03,10.83,5.17,6.21,3.58,5.41,2.83,3.96,4.67,6.42,3.37,7.67,5.63
1975-07-04,10.08,8.0,6.83,3.42,7.21,2.46,4.12,7.29,4.38,2.0,12.54,6.17
1975-07-05,08.08,4.5,4.33,03.08,4.54,2.62,4.71,6.21,8.5,4.42,13.04,7.75
1975-07-06,7.33,4.63,9.96,2.0,5.79,1.58,4.63,3.83,5.58,3.0,6.87,7.87
1975-07-07,14.33,6.83,16.0,4.63,7.92,6.54,8.5,9.29,10.08,6.13,8.79,9.54
1975-07-08,11.71,6.96,12.83,6.17,8.63,8.92,8.67,12.0,11.25,6.71,10.71,13.21
1975-07-09,10.34,6.92,9.67,05.04,10.41,6.87,8.29,9.62,8.83,6.13,9.29,16.58
1975-07-10,10.08,7.25,12.08,5.46,7.12,3.42,6.67,2.96,7.87,3.33,7.17,7.96
1975-07-11,7.83,7.58,8.79,4.33,7.75,5.0,9.13,6.67,7.96,4.58,6.67,8.83
1975-07-12,12.79,12.71,11.25,5.5,10.46,5.75,5.96,7.79,9.13,05.04,7.67,10.96
1975-07-13,13.37,8.92,12.87,7.12,9.92,7.0,6.58,5.17,10.08,6.34,9.13,9.71
1975-07-14,15.41,10.75,15.87,7.62,9.62,6.54,10.71,5.41,11.17,8.0,9.92,9.54
1975-07-15,15.04,11.58,13.54,6.96,13.75,9.29,14.37,9.62,12.21,10.17,12.38,16.08
1975-07-16,1.71,3.63,7.29,3.17,4.46,2.71,7.58,5.37,5.63,4.5,8.25,4.67
1975-07-17,8.67,6.5,2.92,2.13,6.67,2.92,2.79,4.17,2.71,02.04,5.33,7.0
1975-07-18,7.0,9.54,7.96,3.96,7.71,4.63,5.21,5.71,6.67,4.29,13.37,5.37
1975-07-19,11.79,12.58,12.0,05.04,8.42,6.67,8.54,11.21,10.63,8.79,16.21,12.46
1975-07-20,10.13,10.71,9.71,5.13,10.75,5.58,9.79,7.75,9.71,06.08,15.25,15.75
1975-07-21,12.58,13.17,13.08,5.71,15.59,09.08,13.79,12.75,13.25,11.71,20.83,21.34
1975-07-22,18.88,16.29,20.04,9.71,20.12,11.71,17.29,11.08,15.63,12.25,16.88,15.16
1975-07-23,15.96,14.88,13.42,8.54,15.67,9.13,14.62,13.42,13.13,10.83,16.75,15.87
1975-07-24,16.75,12.87,12.04,7.96,15.75,8.67,13.75,11.79,11.04,10.21,15.09,22.46
1975-07-25,7.87,7.58,8.96,2.54,9.59,4.75,9.59,6.67,9.46,7.33,13.88,13.59
1975-07-26,4.17,5.41,9.13,3.0,6.87,4.79,9.46,07.08,8.63,5.71,15.12,15.63
1975-07-27,5.33,2.83,5.21,1.83,3.17,0.92,04.08,3.0,2.92,1.46,11.54,11.08
1975-07-28,6.34,06.04,06.04,1.96,4.88,3.33,5.83,10.17,7.38,7.92,17.62,15.46
1975-07-29,9.0,6.25,12.04,3.5,5.75,4.83,06.04,8.75,8.71,6.92,12.62,13.96
1975-07-30,7.25,9.25,11.96,2.62,6.58,3.54,3.75,5.83,6.96,5.17,7.38,10.21
1975-07-31,9.21,10.41,21.42,5.21,6.87,3.46,06.04,4.25,6.54,2.5,3.88,6.87
1975-08-01,8.12,5.29,16.38,2.96,4.29,0.83,2.71,2.58,3.37,1.63,3.71,13.92
1975-08-02,7.41,01.08,11.12,2.29,2.54,0.46,3.33,1.58,4.75,2.37,4.29,7.29
1975-08-03,5.83,2.46,5.54,2.62,2.0,1.25,4.38,0.46,04.08,1.96,3.71,5.21
1975-08-04,9.5,5.13,5.25,5.17,8.17,4.71,3.83,6.63,7.92,6.75,7.29,11.71
1975-08-05,12.46,15.12,10.96,9.33,14.96,8.63,7.75,9.5,11.63,8.92,8.29,15.87
1975-08-06,14.71,15.75,11.46,10.63,14.62,9.25,9.46,12.04,13.7,12.29,20.12,17.79
1975-08-07,8.92,10.58,6.46,05.09,10.34,6.42,4.83,9.46,9.71,8.54,20.08,14.21
1975-08-08,8.42,3.29,08.08,3.79,4.67,1.54,4.83,2.88,3.5,3.29,7.87,6.0
1975-08-09,17.83,8.46,11.79,7.92,7.54,4.75,5.29,8.92,9.54,6.67,9.21,14.5
1975-08-10,08.08,3.54,5.63,2.75,2.67,01.04,0.92,2.54,4.75,0.46,6.54,6.5
1975-08-11,6.13,5.41,5.79,3.92,5.58,2.29,2.75,1.38,5.41,2.96,4.79,6.54
1975-08-12,11.92,7.58,9.59,5.41,09.04,4.63,5.88,4.96,7.83,1.92,6.75,4.0
1975-08-13,06.04,4.38,5.13,3.0,4.96,2.92,2.62,4.75,7.46,4.54,6.42,9.38
1975-08-14,6.67,7.38,7.33,3.96,6.71,3.83,3.25,6.38,6.54,2.42,12.08,6.79
1975-08-15,6.87,7.87,6.42,3.46,8.96,4.96,5.75,6.0,8.79,6.25,10.75,8.46
1975-08-16,8.46,4.92,10.13,4.92,6.17,5.17,9.54,7.58,8.0,8.12,8.5,12.38
1975-08-17,3.67,5.29,4.67,1.79,3.37,0.92,2.79,2.13,0.87,2.25,8.38,8.21
1975-08-18,4.92,6.96,5.46,2.71,3.58,2.79,5.33,4.92,6.54,5.13,9.0,11.08
1975-08-19,14.25,13.5,13.92,6.17,11.92,6.92,8.38,11.96,11.21,8.92,15.25,14.25
1975-08-20,14.67,10.54,12.92,6.29,14.17,09.08,11.5,10.58,12.08,10.96,16.04,19.75
1975-08-21,13.42,9.87,8.25,4.33,10.0,5.71,8.42,7.5,8.5,7.21,12.29,18.75
1975-08-22,12.12,8.25,10.0,7.0,9.13,5.66,9.42,07.08,8.46,7.87,9.13,16.38
1975-08-23,9.5,6.92,8.63,4.88,8.58,05.09,6.29,7.96,08.08,7.21,11.63,13.37
1975-08-24,5.46,4.17,6.46,2.17,5.58,3.33,6.34,6.0,7.29,3.54,10.0,12.38
1975-08-25,5.37,5.83,6.34,1.96,3.83,2.42,5.0,6.92,6.38,4.88,12.71,13.7
1975-08-26,3.13,5.66,7.21,1.46,1.46,1.13,2.46,6.96,5.37,4.33,12.58,11.12
1975-08-27,4.21,3.75,3.46,1.5,02.08,1.58,3.0,03.04,2.96,1.29,7.0,4.75
1975-08-28,4.58,2.75,3.33,1.5,2.75,0.75,3.17,2.75,2.75,2.25,7.62,7.83
1975-08-29,12.87,9.42,14.5,5.75,07.04,4.46,8.29,8.46,7.83,7.58,11.5,17.41
1975-08-30,17.5,9.71,16.62,9.25,8.12,6.79,14.0,6.58,10.17,10.63,08.04,16.0
1975-08-31,08.08,3.46,9.13,3.96,2.46,1.75,6.42,2.88,4.79,1.46,8.67,9.79
1975-09-01,5.96,2.71,5.29,1.67,2.96,0.58,5.5,3.25,2.25,1.46,12.42,11.04
1975-09-02,7.33,7.58,8.87,3.58,6.17,3.83,7.46,8.63,7.21,4.67,14.25,14.42
1975-09-03,09.08,5.54,7.71,3.88,4.96,2.33,6.54,2.62,6.71,5.5,8.54,12.38
1975-09-04,9.17,7.83,9.17,05.04,8.29,5.29,9.71,6.79,8.46,6.63,15.37,17.12
1975-09-05,07.08,6.34,7.5,3.88,6.5,3.13,07.04,4.92,6.83,3.83,10.5,13.54
1975-09-06,7.21,7.0,6.46,1.63,6.25,3.17,05.09,5.17,6.21,3.88,7.54,7.79
1975-09-07,06.08,4.0,5.66,1.96,02.08,1.38,4.96,4.96,3.92,1.92,9.83,8.21
1975-09-08,11.5,9.75,11.38,5.75,10.25,6.75,10.0,9.71,10.13,9.42,17.62,18.79
1975-09-09,16.62,13.17,13.0,5.54,13.62,7.87,11.5,9.92,12.08,9.29,15.34,18.75
1975-09-10,10.37,9.59,9.42,3.37,9.79,5.79,9.33,6.96,8.75,6.42,12.21,14.83
1975-09-11,15.83,16.92,12.46,5.63,14.62,8.12,8.79,6.75,9.29,3.33,12.29,12.12
1975-09-12,16.88,10.67,12.54,8.33,12.92,8.5,12.87,8.63,10.58,10.21,13.21,18.75
1975-09-13,10.25,8.83,13.75,3.54,5.17,3.92,9.25,4.96,5.71,5.0,8.92,16.46
1975-09-14,20.5,12.83,16.46,8.21,10.41,8.17,12.92,9.38,10.13,11.08,18.12,25.46
1975-09-15,10.37,7.21,10.25,3.25,5.33,2.92,7.75,5.91,6.5,6.46,12.62,16.33
1975-09-16,5.63,3.88,7.83,1.38,3.96,4.21,4.92,5.0,7.46,3.92,9.83,13.42
1975-09-17,09.04,5.71,14.5,4.21,4.63,3.79,6.29,06.04,7.25,05.04,10.71,14.17
1975-09-18,9.38,5.83,8.96,4.42,4.75,4.12,6.63,05.04,5.96,5.0,8.58,13.08
1975-09-19,14.37,17.08,11.83,5.71,13.0,9.29,8.25,13.25,11.54,11.17,18.91,18.75
1975-09-20,12.46,11.96,11.04,5.5,13.13,8.33,11.42,9.62,11.29,10.96,19.58,25.58
1975-09-21,8.75,10.21,7.17,3.79,7.0,5.5,9.29,08.08,8.5,7.79,18.0,18.63
1975-09-22,22.21,20.91,19.67,12.04,16.21,14.96,16.25,19.29,17.54,18.12,28.79,30.54
1975-09-23,12.33,10.54,11.87,6.83,12.42,7.92,12.25,10.0,10.67,10.46,19.33,26.96
1975-09-24,23.54,20.08,19.04,9.38,15.37,12.96,15.67,18.25,15.37,14.62,25.5,25.41
1975-09-25,13.5,12.12,11.5,6.58,12.67,08.04,12.42,10.67,11.87,10.21,13.59,17.75
1975-09-26,11.5,6.71,8.75,3.88,5.25,3.58,8.12,4.17,07.04,4.5,7.25,14.83
1975-09-27,19.75,15.04,18.41,9.25,13.92,10.58,14.12,11.21,12.21,13.13,12.62,19.12
1975-09-28,20.33,16.92,17.33,8.67,13.59,8.5,9.96,10.13,10.71,9.46,13.21,15.79
1975-09-29,19.79,12.75,17.83,11.71,12.46,10.29,14.42,10.63,14.46,14.46,14.88,22.37
1975-09-30,13.17,11.25,14.88,4.79,8.92,6.75,8.67,6.34,8.29,6.83,7.71,13.46
1975-10-01,13.79,11.04,14.67,6.29,10.29,07.04,11.25,6.46,10.5,6.17,9.17,16.71
1975-10-02,19.0,17.0,16.04,8.38,12.75,9.42,9.75,9.71,11.04,8.42,11.5,16.58
1975-10-03,13.29,13.25,11.17,5.79,14.71,09.04,13.88,11.38,12.38,11.63,22.79,24.67
1975-10-04,16.25,15.46,15.46,8.12,20.67,12.46,18.46,14.67,16.04,14.0,26.71,29.08
1975-10-05,14.25,14.83,15.21,5.91,12.25,8.5,13.33,10.34,11.58,10.29,18.05,25.0
1975-10-06,3.25,3.21,4.38,1.71,1.83,1.17,05.09,2.13,3.88,3.54,8.71,12.46
1975-10-07,7.21,7.12,04.08,1.25,3.63,1.46,02.08,3.21,3.63,1.25,5.21,5.54
1975-10-08,4.21,5.75,6.58,0.33,1.75,0.17,01.08,1.13,0.29,0.21,5.17,6.96
1975-10-09,4.92,3.21,3.75,1.0,3.21,0.79,4.58,2.67,3.25,2.46,8.58,8.25
1975-10-10,12.08,12.12,14.17,5.5,9.17,5.29,8.38,6.38,7.96,4.79,11.21,12.54
1975-10-11,8.42,3.79,13.42,3.92,4.42,1.87,6.0,2.88,05.09,1.67,06.08,8.38
1975-10-12,5.37,7.12,4.92,0.96,4.96,2.13,1.46,3.5,4.17,2.42,10.58,8.63
1975-10-13,17.62,15.79,13.13,3.37,13.04,9.25,7.96,11.21,07.04,7.83,16.13,13.17
1975-10-14,9.83,9.29,11.54,3.0,10.25,06.08,07.08,5.54,8.58,09.08,11.0,16.0
1975-10-15,16.21,12.17,12.58,5.0,10.37,6.13,6.96,6.46,7.75,5.13,7.17,11.96
1975-10-16,12.12,10.08,7.62,3.5,8.5,4.63,05.09,5.66,6.67,5.71,10.58,9.21
1975-10-17,4.21,5.13,5.91,0.42,3.54,0.29,06.04,1.54,2.25,1.25,4.46,5.58
1975-10-18,11.21,16.75,6.42,2.21,10.08,4.67,4.29,7.0,06.08,4.71,11.21,12.04
1975-10-19,17.79,22.46,16.5,9.71,19.38,12.83,14.0,14.33,12.83,12.5,22.79,24.41
1975-10-20,22.0,24.41,18.21,9.67,23.13,13.7,16.04,15.87,15.34,15.37,24.04,27.84
1975-10-21,23.83,25.84,18.88,9.59,22.79,14.37,16.66,16.71,14.75,12.5,20.67,24.04
1975-10-22,27.42,22.54,24.41,14.42,24.41,19.55,21.42,19.29,20.3,19.79,23.5,32.46
1975-10-23,13.75,16.42,15.92,8.29,12.75,8.25,11.75,10.54,13.62,12.17,20.88,19.75
1975-10-24,17.5,17.25,15.29,9.0,13.46,8.79,08.04,12.46,13.0,12.46,24.58,22.08
1975-10-25,17.75,21.04,14.42,12.62,18.84,12.71,9.96,16.04,17.08,15.34,26.71,27.25
1975-10-26,14.67,18.16,12.42,9.5,15.0,12.17,3.46,14.33,16.21,12.17,19.17,23.63
1975-10-27,12.21,18.79,10.25,7.25,14.29,8.42,2.29,9.87,12.83,08.04,13.92,17.71
1975-10-28,10.75,15.54,11.54,8.29,12.25,9.46,5.5,7.41,11.54,7.0,13.88,13.79
1975-10-29,15.63,18.08,13.83,7.92,14.0,10.63,9.46,9.92,12.79,8.29,11.46,15.09
1975-10-30,19.92,17.96,17.21,9.5,14.29,9.79,11.42,12.75,13.37,12.92,19.04,20.58
1975-10-31,15.25,10.34,15.16,7.41,10.79,7.92,12.46,9.83,11.92,11.34,12.0,19.12
1975-11-01,14.12,11.92,9.71,04.08,8.54,3.67,9.92,4.79,6.58,6.17,11.21,12.71
1975-11-02,15.54,15.29,13.75,6.46,14.62,9.13,9.71,12.21,11.08,10.29,22.88,21.62
1975-11-03,9.75,12.46,8.25,4.79,12.33,5.88,11.67,8.58,9.54,8.75,20.08,22.46
1975-11-04,17.92,13.79,13.92,5.33,12.83,8.46,12.5,11.29,12.42,12.29,19.04,21.21
1975-11-05,10.0,10.13,8.46,02.08,09.08,2.54,6.38,3.63,07.08,5.25,10.71,14.21
1975-11-06,8.75,4.67,6.87,1.25,5.29,1.96,8.58,2.54,4.88,4.38,6.83,16.29
1975-11-07,3.33,2.46,8.38,0.37,03.08,0.08,5.5,0.63,0.37,0.75,5.88,8.25
1975-11-08,09.08,07.08,14.71,1.67,7.0,3.25,8.79,4.71,4.67,3.58,7.29,8.67
1975-11-09,12.42,8.92,16.13,4.25,6.21,3.71,11.67,07.04,5.54,5.79,7.96,11.92
1975-11-10,6.46,7.21,8.0,3.29,4.5,1.96,6.13,4.42,6.87,6.5,4.29,16.42
1975-11-11,7.33,4.96,8.0,0.67,2.58,0.29,5.66,2.75,6.29,3.5,4.21,10.25
1975-11-12,17.04,14.12,16.04,5.79,11.96,8.58,9.71,8.67,7.58,5.79,7.92,12.04
1975-11-13,11.38,9.0,11.71,3.67,11.67,5.63,6.96,6.83,5.54,4.83,6.46,12.67
1975-11-14,9.75,9.67,9.25,2.54,7.71,3.88,4.96,4.17,5.58,3.25,5.58,9.75
1975-11-15,13.67,14.0,11.75,5.17,11.34,6.54,9.87,8.54,9.87,7.75,11.54,14.0
1975-11-16,27.63,20.25,23.38,15.12,18.21,11.04,18.21,15.0,13.96,15.67,22.25,36.08
1975-11-17,22.75,19.12,23.16,13.0,13.0,7.75,14.0,10.41,11.08,11.46,18.96,29.63
1975-11-18,9.21,7.33,9.96,2.17,8.0,03.08,11.54,5.91,6.75,5.66,10.67,16.25
1975-11-19,12.87,13.0,9.83,8.5,16.96,10.46,18.54,14.5,14.42,14.21,16.92,25.08
1975-11-20,11.04,5.13,7.79,3.37,5.71,2.46,07.08,2.67,4.21,3.88,3.67,9.79
1975-11-21,2.67,2.17,1.5,0.58,2.71,0.37,0.63,02.04,0.42,1.21,5.79,8.12
1975-11-22,18.21,17.29,10.37,8.71,13.42,9.25,9.38,11.96,11.63,11.12,18.75,19.0
1975-11-23,14.29,7.5,12.21,5.83,8.33,5.66,9.21,5.75,10.29,9.38,12.25,14.25
1975-11-24,9.17,10.88,8.71,3.33,10.13,5.13,10.92,8.17,8.63,8.54,14.92,17.83
1975-11-25,13.13,15.37,9.83,5.96,12.42,6.17,11.87,8.5,10.41,8.21,15.29,17.16
1975-11-26,14.83,11.38,7.92,4.42,10.79,6.0,12.0,7.21,9.54,8.21,15.79,17.08
1975-11-27,19.0,18.41,16.46,9.71,19.46,10.5,18.66,12.29,14.92,14.58,20.17,28.42
1975-11-28,7.5,6.25,6.34,2.5,6.96,3.25,10.83,5.41,8.54,6.92,8.67,21.37
1975-11-29,6.38,4.63,4.83,0.17,3.63,0.92,8.38,1.87,5.0,5.21,7.67,20.04
1975-11-30,10.96,10.34,6.71,0.71,8.0,4.25,10.63,04.04,6.34,5.21,8.79,16.25
1975-12-01,20.3,20.04,18.16,8.54,18.91,9.71,13.96,11.0,14.17,10.17,17.71,21.04
1975-12-02,26.96,22.08,20.67,14.33,19.55,12.92,16.62,16.88,15.83,17.83,26.38,36.08
1975-12-03,14.09,10.04,13.54,5.83,7.62,04.04,10.46,6.92,8.0,6.92,12.38,23.0
1975-12-04,7.38,5.37,7.5,2.79,7.92,3.42,11.29,6.21,10.41,6.5,9.75,18.0
1975-12-05,8.75,4.42,5.96,2.54,5.33,1.67,10.46,05.09,7.17,6.75,7.21,17.21
1975-12-06,7.79,3.67,7.92,2.58,2.92,0.96,6.29,2.29,5.58,4.67,5.58,12.33
1975-12-07,8.33,3.58,6.79,3.25,4.83,2.5,8.87,4.38,6.83,5.96,9.79,20.17
1975-12-08,6.29,2.29,10.04,02.04,2.21,0.13,06.04,0.67,02.08,3.25,4.58,12.58
1975-12-09,5.63,3.96,7.25,1.17,1.25,0.13,7.29,0.21,2.29,1.75,5.13,13.67
1975-12-10,4.33,5.5,6.92,0.58,1.13,0.0,5.71,0.08,1.83,0.92,4.58,8.79
1975-12-11,2.21,3.0,03.08,0.58,4.79,2.37,5.33,5.25,5.63,4.42,13.21,17.46
1975-12-12,20.0,16.75,18.08,9.67,10.0,6.38,11.63,7.62,9.83,8.54,19.0,24.83
1975-12-13,13.62,7.0,18.5,04.08,3.71,1.5,9.5,1.96,6.63,4.67,6.79,12.87
1975-12-14,8.29,1.54,09.08,01.04,2.37,1.13,8.42,02.08,6.71,4.21,6.5,15.67
1975-12-15,8.58,2.62,9.92,02.04,1.21,0.21,7.92,1.71,3.37,2.17,04.08,13.0
1975-12-16,09.08,3.0,10.5,3.54,2.62,2.0,9.42,3.83,7.12,5.88,10.17,18.54
1975-12-17,16.17,13.33,24.41,8.5,8.12,5.96,12.04,5.79,9.0,6.71,11.04,16.62
1975-12-18,10.67,2.5,9.87,1.79,03.04,0.67,10.0,2.13,4.75,3.42,6.92,14.83
1975-12-19,6.71,0.54,6.92,1.21,0.54,0.25,6.67,01.08,2.58,02.08,4.46,12.21
1975-12-20,3.37,2.5,3.92,0.33,1.67,03.04,9.17,2.25,6.79,4.79,8.54,14.75
1975-12-21,9.87,9.96,8.92,03.08,7.87,5.71,12.33,6.79,10.58,9.21,16.88,20.04
1975-12-22,10.58,11.87,7.96,4.79,08.04,6.87,10.88,10.0,10.83,11.46,20.38,21.25
1975-12-23,16.17,14.04,14.29,7.17,8.71,6.87,12.5,9.33,12.08,10.5,13.7,20.58
1975-12-24,12.67,12.62,7.92,3.29,8.42,4.33,12.21,8.58,10.58,8.12,15.46,21.75
1975-12-25,18.71,12.33,12.58,9.33,12.71,8.75,13.96,11.0,12.87,13.59,15.79,23.0
1975-12-26,8.38,5.29,6.96,4.29,07.04,4.0,11.38,5.91,10.17,7.25,14.21,20.0
1975-12-27,12.92,12.92,11.92,5.79,7.38,6.83,13.17,13.04,11.96,12.42,20.08,21.96
1975-12-28,16.29,15.04,14.37,8.0,9.87,8.33,13.04,11.67,13.21,12.71,14.71,19.17
1975-12-29,12.42,13.62,12.04,5.25,8.46,6.42,9.46,8.75,9.42,8.71,14.58,17.5
1975-12-30,19.17,15.54,18.34,09.04,13.17,11.25,17.79,14.71,16.25,15.71,21.92,30.91
1975-12-31,15.59,12.33,13.42,2.37,04.08,1.17,07.08,4.25,5.91,6.34,11.38,19.55
1976-01-01,18.34,17.67,14.83,8.0,16.62,10.13,13.17,09.04,13.13,5.75,11.38,14.96
1976-01-02,29.2,25.29,20.25,15.46,23.58,14.88,18.96,17.25,17.62,18.29,24.71,27.54
1976-01-03,11.25,9.59,7.62,5.46,9.46,4.0,13.29,6.38,10.13,9.0,12.12,23.29
1976-01-04,12.67,12.79,12.92,6.46,12.92,8.71,13.62,10.41,13.13,6.96,14.04,17.12
1976-01-05,12.79,11.67,12.58,4.96,9.71,06.08,15.63,10.13,13.04,10.63,15.16,19.04
1976-01-06,11.17,12.08,13.37,3.33,9.92,7.5,14.83,13.33,13.13,10.96,18.71,19.33
1976-01-07,17.79,15.75,15.71,5.88,10.29,9.67,14.58,14.83,13.67,15.59,23.63,25.7
1976-01-08,15.59,16.96,15.41,7.87,11.08,9.5,14.37,5.5,11.34,5.25,4.21,11.42
1976-01-09,15.21,14.62,11.75,3.92,07.08,4.5,7.17,2.88,7.83,1.46,5.33,8.0
1976-01-10,18.0,20.75,14.29,12.96,23.29,15.04,21.29,18.63,19.12,16.38,23.83,28.42
1976-01-11,14.12,11.67,11.25,9.54,16.62,10.92,19.12,18.46,16.38,14.62,19.0,26.71
1976-01-12,12.58,12.12,11.67,6.92,14.25,8.29,16.42,10.88,14.33,10.88,17.41,23.5
1976-01-13,13.79,14.46,10.63,4.83,8.46,5.63,11.46,9.83,11.5,09.08,16.46,18.29
1976-01-14,9.13,8.87,8.67,4.79,9.13,5.21,11.92,8.96,10.96,10.46,16.75,22.04
1976-01-15,2.92,7.41,4.67,02.04,4.92,2.88,8.38,5.75,8.29,7.46,11.21,16.54
1976-01-16,1.63,4.33,4.29,0.21,1.17,0.96,8.25,1.17,5.17,4.46,6.38,14.5
1976-01-17,5.13,7.38,3.67,0.63,5.71,2.25,3.42,4.63,4.38,4.33,10.54,14.04
1976-01-18,16.5,15.09,11.46,7.54,12.83,8.12,13.83,12.29,12.58,12.71,18.88,25.0
1976-01-19,19.79,21.0,16.88,11.96,20.83,12.96,20.75,18.66,19.41,16.25,25.75,30.63
1976-01-20,24.25,23.5,17.58,15.34,26.25,16.75,25.96,21.29,22.5,21.79,29.33,40.12
1976-01-21,18.54,19.17,12.5,11.17,21.46,14.71,20.79,19.33,18.63,18.58,23.54,32.55
1976-01-22,20.58,19.7,15.67,10.71,20.12,14.29,21.67,18.54,20.17,18.71,22.83,29.29
1976-01-23,22.54,18.41,13.88,10.83,16.46,9.0,14.12,12.58,12.92,10.0,20.21,23.54
1976-01-24,19.92,17.25,19.08,8.96,10.0,08.08,13.29,8.5,12.38,12.46,22.13,32.91
1976-01-25,16.96,10.34,17.46,5.83,7.71,5.13,10.21,3.0,9.5,7.75,14.0,23.58
1976-01-26,11.96,7.62,11.0,6.54,7.25,05.09,11.46,7.21,10.0,09.04,12.87,20.88
1976-01-27,13.13,12.04,9.13,04.04,9.96,06.04,9.25,07.08,08.08,6.87,11.21,13.79
1976-01-28,20.3,11.34,20.79,12.21,12.29,11.08,16.71,7.41,16.5,18.08,6.54,21.34
1976-01-29,26.0,18.71,27.12,15.87,21.75,20.21,23.13,21.87,22.21,20.12,21.87,29.33
1976-01-30,21.17,14.37,26.08,12.33,17.46,16.83,23.5,19.12,18.63,16.29,17.88,34.25
1976-01-31,11.46,9.5,17.67,4.88,6.96,4.67,18.21,8.92,11.63,7.96,8.54,22.13
1976-02-01,09.04,6.13,12.04,03.04,3.83,1.58,11.58,5.54,5.66,6.17,8.0,13.79
1976-02-02,10.96,10.96,14.33,3.88,6.46,04.08,11.21,8.58,7.33,7.46,10.54,17.33
1976-02-03,13.37,10.96,15.37,4.88,9.83,05.09,10.58,8.63,8.79,5.91,07.04,15.34
1976-02-04,11.42,10.54,17.41,06.04,8.75,6.58,13.62,9.67,11.21,9.46,10.46,22.5
1976-02-05,11.46,11.87,14.0,4.33,7.21,03.08,12.79,7.87,11.12,10.75,09.04,18.79
1976-02-06,8.42,12.46,4.33,02.04,6.46,1.96,4.58,5.46,7.12,4.79,9.29,11.96
1976-02-07,16.75,16.08,12.04,9.17,14.04,9.5,9.5,10.88,13.62,9.87,17.21,18.08
1976-02-08,10.5,12.71,9.75,4.42,7.79,4.88,11.17,7.58,9.21,7.33,15.12,13.88
1976-02-09,16.46,19.08,16.83,8.71,15.79,11.29,16.17,16.83,16.58,15.71,27.58,28.71
1976-02-10,14.46,19.75,11.25,7.54,13.92,7.41,15.16,11.96,13.04,11.21,23.16,22.58
1976-02-11,16.88,18.46,10.67,8.5,16.79,7.17,17.12,12.67,13.29,10.83,21.87,23.87
1976-02-12,18.63,19.95,15.21,11.87,19.0,11.63,17.41,15.34,15.12,12.21,17.79,22.21
1976-02-13,12.12,7.25,14.04,5.63,05.09,2.37,8.79,3.21,4.38,3.54,5.83,8.38
1976-02-14,6.96,07.08,6.96,2.75,3.54,3.92,4.25,7.41,7.96,06.04,13.5,16.96
1976-02-15,8.0,12.46,13.33,5.0,6.38,04.08,9.42,4.96,6.67,6.63,6.0,11.12
1976-02-16,11.67,9.83,10.88,3.33,6.75,2.75,8.5,5.54,6.42,5.41,8.54,11.42
1976-02-17,09.04,11.34,7.79,2.75,9.13,5.75,4.38,8.25,8.21,6.42,14.71,14.88
1976-02-18,5.29,11.25,5.13,1.17,6.17,2.21,2.92,5.58,4.88,2.37,11.34,12.54
1976-02-19,16.04,19.33,12.0,4.92,12.71,7.38,10.08,10.13,10.34,5.58,13.92,16.25
1976-02-20,17.25,21.84,14.42,9.59,15.25,10.41,12.25,13.54,13.29,10.0,17.54,22.13
1976-02-21,12.62,13.79,12.83,7.25,9.59,05.09,10.17,7.0,10.63,8.87,11.04,13.96
1976-02-22,18.16,18.84,15.46,10.83,13.88,11.71,12.08,14.67,15.92,16.92,22.71,25.25
1976-02-23,14.46,7.79,14.37,7.12,6.54,3.79,11.29,6.29,8.17,6.5,10.34,14.62
1976-02-24,5.66,8.38,8.75,4.88,7.58,5.21,13.29,14.62,11.38,10.63,21.04,25.58
1976-02-25,10.08,11.46,14.33,05.04,8.58,6.21,14.17,13.33,13.7,13.79,19.79,22.67
1976-02-26,4.42,7.29,5.88,2.0,3.88,1.83,8.46,7.0,7.12,06.08,14.25,15.37
1976-02-27,7.25,10.71,6.42,4.58,07.04,3.17,5.75,6.58,7.71,6.79,11.5,11.29
1976-02-28,8.54,10.54,9.46,4.92,7.5,5.29,6.71,08.04,10.58,9.96,14.75,16.83
1976-02-29,10.41,10.79,11.08,5.96,8.58,6.21,11.71,10.58,10.34,10.17,17.16,22.29
1976-03-01,6.13,4.79,3.42,3.21,7.5,2.5,6.5,3.67,5.54,04.04,7.75,11.42
1976-03-02,7.96,7.75,7.5,4.0,8.92,5.37,6.96,5.25,7.79,5.79,8.87,11.46
1976-03-03,7.62,12.46,9.62,05.09,8.83,4.54,10.04,8.33,10.21,8.42,15.54,13.29
1976-03-04,11.92,14.92,10.34,6.75,12.08,6.96,7.87,12.12,11.67,11.75,17.62,19.12
1976-03-05,15.5,19.38,9.83,9.38,18.0,13.83,11.54,15.12,16.25,15.83,17.75,23.96
1976-03-06,21.0,18.54,21.17,10.25,20.21,15.0,20.79,12.75,16.79,14.33,16.29,23.91
1976-03-07,20.25,21.17,17.37,8.33,19.08,10.83,14.33,13.04,12.17,12.71,15.09,20.96
1976-03-08,10.88,13.92,5.91,3.29,11.46,3.25,7.54,7.0,08.08,6.75,11.67,9.29
1976-03-09,20.0,16.38,10.75,6.83,14.92,09.08,7.58,9.42,12.17,8.38,16.5,20.08
1976-03-10,23.96,18.71,18.46,12.04,18.75,11.75,12.71,13.67,16.46,15.92,17.83,22.92
1976-03-11,14.83,9.13,13.0,8.17,9.96,6.79,11.34,9.46,11.0,11.87,11.58,16.04
1976-03-12,25.33,24.04,19.67,11.12,20.21,13.96,15.92,17.92,15.37,13.13,16.71,21.71
1976-03-13,19.04,15.09,14.29,8.25,11.25,6.29,12.0,7.83,8.38,7.33,11.42,11.17
1976-03-14,12.87,14.83,12.21,6.5,13.13,9.0,15.37,11.92,13.21,14.04,16.5,24.25
1976-03-15,3.71,8.5,3.17,0.67,4.0,1.33,9.59,06.04,7.87,7.29,10.21,19.0
1976-03-16,8.21,9.54,9.33,3.83,9.21,3.88,10.79,7.41,10.54,8.25,11.63,17.16
1976-03-17,7.5,5.29,9.25,2.62,3.0,0.83,08.04,2.21,4.54,06.08,5.63,8.17
1976-03-18,16.88,16.62,13.46,5.58,13.62,6.38,11.12,11.42,10.67,7.54,12.08,11.79
1976-03-19,13.46,10.96,18.29,8.5,11.79,10.88,14.58,11.42,13.92,13.21,13.04,26.12
1976-03-20,19.29,18.0,22.67,14.92,16.92,14.09,16.88,14.12,19.83,19.67,20.04,29.17
1976-03-21,9.54,10.21,7.58,3.67,8.33,3.88,6.83,6.21,7.75,8.54,9.38,11.21
1976-03-22,12.33,5.37,11.46,5.13,3.83,1.79,5.71,2.5,6.92,4.71,9.83,10.0
1976-03-23,8.83,11.83,7.83,4.83,10.17,6.34,5.96,7.12,11.25,8.54,12.54,20.17
1976-03-24,11.83,12.96,13.13,6.46,11.92,6.46,12.96,10.79,12.87,12.0,15.41,18.79
1976-03-25,18.46,17.75,18.88,8.96,19.83,10.34,15.29,11.54,15.96,10.96,17.58,16.96
1976-03-26,13.92,17.21,13.04,9.0,17.29,10.0,16.58,14.04,15.59,14.21,23.0,24.41
1976-03-27,14.25,14.62,14.54,9.13,20.46,12.17,20.88,17.75,20.83,18.41,23.21,28.58
1976-03-28,17.21,16.13,18.16,9.17,17.04,13.04,18.71,17.5,19.67,19.75,24.41,31.2
1976-03-29,16.17,14.54,13.83,9.92,17.16,11.12,17.0,14.0,16.04,15.67,20.3,26.25
1976-03-30,14.29,12.83,12.21,9.17,16.71,8.5,15.63,13.54,15.12,13.79,17.41,20.46
1976-03-31,14.96,14.21,13.13,9.92,16.71,10.41,17.0,12.67,16.21,16.96,20.54,25.0
1976-04-01,7.58,9.21,7.33,3.96,7.96,3.37,6.87,4.0,7.75,7.58,10.37,13.67
1976-04-02,17.88,12.17,13.08,7.79,10.67,5.41,10.79,7.87,9.17,9.67,16.17,18.63
1976-04-03,14.96,12.17,12.83,6.67,13.13,08.08,12.87,10.96,13.5,14.33,17.79,25.5
1976-04-04,10.67,9.5,8.5,5.46,10.63,5.66,12.21,8.92,12.08,10.58,14.79,18.08
1976-04-05,13.79,8.21,9.42,8.0,13.04,8.46,16.38,14.29,14.62,13.79,16.33,23.91
1976-04-06,20.96,10.37,8.54,7.75,14.37,7.79,14.71,13.42,13.21,14.75,14.33,19.92
1976-04-07,13.21,12.25,15.09,6.79,12.04,5.58,10.63,08.04,9.29,10.58,11.08,13.79
1976-04-08,7.54,3.54,7.87,2.62,4.5,02.04,7.21,4.25,5.79,5.58,8.54,13.96
1976-04-09,5.96,2.17,5.13,02.08,3.79,1.33,6.0,3.33,5.79,5.17,9.79,13.67
1976-04-10,11.5,11.67,11.17,5.33,8.54,7.46,10.34,15.87,13.08,12.87,27.0,23.33
1976-04-11,16.88,14.5,16.71,8.21,10.13,5.88,11.34,7.5,9.79,7.96,13.75,14.88
1976-04-12,12.75,9.46,15.46,06.04,5.88,2.54,8.29,4.17,08.04,6.75,12.79,10.41
1976-04-13,20.91,16.46,14.09,10.04,15.87,12.17,15.0,15.83,15.5,15.25,22.54,25.04
1976-04-14,27.84,21.37,20.38,13.79,17.79,12.92,17.67,15.5,15.79,17.58,20.46,26.87
1976-04-15,14.71,10.13,15.96,6.29,8.38,4.83,8.79,4.96,8.63,08.08,9.5,11.96
1976-04-16,6.5,2.67,4.79,1.5,5.5,0.58,6.46,2.54,5.91,4.17,11.17,15.87
1976-04-17,4.92,3.96,5.13,1.54,5.46,3.33,9.42,4.96,8.5,6.83,12.79,16.17
1976-04-18,4.33,0.54,5.75,0.63,2.5,0.21,5.63,1.46,2.13,1.42,7.96,7.17
1976-04-19,11.29,8.42,11.54,1.46,4.46,1.38,5.88,5.29,7.58,5.71,6.34,9.25
1976-04-20,13.88,10.67,10.63,3.29,6.13,4.21,8.0,6.75,9.21,7.92,9.13,15.5
1976-04-21,17.71,11.0,13.37,5.83,9.25,9.59,8.83,11.21,11.04,8.42,11.96,12.42
1976-04-22,16.04,12.25,16.42,6.83,10.41,10.17,14.79,10.21,11.42,8.38,11.5,15.29
1976-04-23,10.29,7.25,14.37,4.12,6.25,3.67,9.96,6.21,6.38,4.63,9.83,7.5
1976-04-24,5.88,3.33,14.96,4.38,4.42,3.33,9.87,3.63,6.25,3.67,8.75,5.71
1976-04-25,8.96,3.67,17.71,4.71,4.79,5.0,11.25,5.75,8.38,7.54,11.54,5.96
1976-04-26,11.38,5.21,17.25,5.13,5.91,6.0,8.25,5.54,8.33,6.25,11.75,8.21
1976-04-27,12.21,6.34,14.79,5.88,07.04,5.21,9.59,05.04,7.33,4.75,7.29,9.21
1976-04-28,9.92,7.29,11.34,2.71,5.75,03.08,7.29,4.21,5.96,3.79,6.87,6.63
1976-04-29,06.04,3.79,5.75,1.87,3.46,0.29,3.54,1.42,1.25,3.17,7.58,11.25
1976-04-30,9.29,5.17,05.04,1.0,03.08,0.58,5.54,3.25,4.46,3.17,13.33,8.83
1976-05-01,16.66,13.46,13.04,7.17,13.13,8.46,11.96,11.17,10.71,10.54,18.29,19.29
1976-05-02,14.79,12.08,13.54,6.87,12.71,8.33,12.38,9.42,11.75,7.96,17.12,18.71
1976-05-03,17.83,13.75,11.75,10.08,16.46,9.96,14.96,10.96,13.88,13.25,17.92,15.87
1976-05-04,7.41,2.25,8.54,2.79,3.29,1.83,07.08,3.63,4.46,4.38,9.33,8.12
1976-05-05,8.96,7.41,6.54,2.46,4.12,2.75,5.54,4.0,06.08,3.88,13.29,9.54
1976-05-06,5.66,3.5,12.46,1.54,2.25,1.92,5.66,3.5,7.92,6.75,10.17,11.42
1976-05-07,8.29,9.54,6.17,2.67,5.71,4.29,5.33,6.54,6.79,6.0,13.83,11.21
1976-05-08,9.46,7.92,7.67,2.75,5.54,3.37,7.25,09.04,6.58,7.21,19.75,16.54
1976-05-09,9.96,8.25,6.79,3.96,5.46,3.88,4.33,6.29,6.5,5.63,11.17,13.17
1976-05-10,12.33,11.34,10.21,6.38,10.71,6.29,11.25,8.0,9.46,8.58,16.17,17.79
1976-05-11,16.04,13.75,12.83,8.17,14.92,9.62,14.17,11.58,14.09,11.42,18.91,11.96
1976-05-12,25.17,15.63,15.67,12.67,19.41,13.04,16.29,13.37,14.96,14.04,19.41,23.71
1976-05-13,11.58,9.29,11.04,5.33,6.34,6.17,8.96,9.21,10.46,9.21,15.63,14.17
1976-05-14,21.0,16.54,17.83,11.0,13.92,11.12,13.37,11.29,15.63,16.29,23.33,21.12
1976-05-15,18.41,14.37,18.84,8.96,14.04,8.75,13.25,08.08,13.75,12.38,13.92,15.41
1976-05-16,23.63,21.34,20.79,11.83,15.96,11.96,16.5,15.79,16.75,18.46,23.21,24.13
1976-05-17,19.17,11.5,20.08,10.79,9.25,4.83,13.88,8.5,10.79,8.71,12.21,14.88
1976-05-18,7.62,6.21,8.46,3.25,4.29,2.29,07.04,4.0,6.0,4.25,07.04,7.38
1976-05-19,12.21,11.83,7.67,3.63,7.58,03.08,07.08,2.62,05.09,3.54,6.13,4.5
1976-05-20,14.17,8.63,8.25,6.79,10.71,6.25,8.38,6.17,8.42,07.04,12.54,09.08
1976-05-21,15.37,15.16,12.17,5.88,10.37,7.62,9.83,9.13,11.21,11.21,18.41,17.46
1976-05-22,13.62,14.21,13.0,7.58,10.17,8.96,10.54,09.08,13.21,9.25,18.71,16.58
1976-05-23,14.17,16.38,11.79,8.5,14.04,10.5,9.5,11.83,15.54,11.0,19.0,20.88
1976-05-24,15.5,15.21,12.83,7.71,15.46,9.42,11.08,11.63,15.34,12.12,21.54,25.04
1976-05-25,13.46,10.71,7.87,6.34,11.54,7.41,10.0,9.21,10.46,9.83,17.12,16.54
1976-05-26,7.38,07.08,5.88,1.92,2.17,0.83,7.12,2.37,5.0,3.88,9.67,10.0
1976-05-27,6.79,11.54,8.0,2.5,5.83,2.42,3.29,2.58,4.75,2.67,13.33,5.29
1976-05-28,9.13,8.67,5.13,2.62,9.33,3.5,4.63,5.0,08.04,06.04,10.21,11.04
1976-05-29,11.83,10.0,10.25,2.79,7.0,3.83,3.33,6.42,6.29,4.58,12.29,6.0
1976-05-30,15.92,13.42,14.09,6.63,13.0,6.54,8.29,10.13,11.79,7.54,17.54,12.71
1976-05-31,9.96,11.42,10.41,3.29,9.75,05.09,6.29,6.75,9.25,5.88,11.5,9.42
1976-06-01,13.04,8.83,10.79,7.21,10.83,6.96,12.92,8.25,9.96,10.92,11.34,14.75
1976-06-02,5.37,3.25,6.54,02.04,2.13,0.04,4.29,1.5,3.83,2.5,6.34,6.79
1976-06-03,5.58,05.04,6.13,1.13,1.54,0.71,03.04,1.42,2.88,1.71,7.0,05.09
1976-06-04,08.04,10.21,10.29,3.42,4.12,4.0,5.75,8.0,6.79,5.63,14.88,11.83
1976-06-05,8.71,10.37,13.08,3.21,4.17,4.88,6.5,10.5,9.33,8.5,16.58,16.04
1976-06-06,6.96,10.88,11.46,04.04,4.96,5.21,7.87,9.79,8.83,8.21,17.79,14.37
1976-06-07,11.29,13.37,6.83,3.83,10.21,6.67,5.54,5.13,8.38,5.75,11.34,9.71
1976-06-08,12.83,13.54,12.83,07.08,9.29,9.33,7.75,9.13,10.54,9.13,13.54,12.54
1976-06-09,14.17,13.92,14.21,7.71,13.62,9.59,10.83,10.25,12.42,10.17,17.88,16.79
1976-06-10,12.33,14.21,12.87,7.33,12.33,9.75,10.83,10.46,11.42,9.62,19.08,18.12
1976-06-11,19.04,16.79,16.38,9.38,11.79,11.5,10.63,13.25,14.04,12.5,20.67,19.67
1976-06-12,11.25,9.75,13.96,5.0,10.21,7.33,13.13,11.75,11.17,10.13,19.62,21.34
1976-06-13,12.21,11.54,13.08,6.46,9.13,8.12,10.79,12.46,10.37,11.04,20.33,20.83
1976-06-14,7.75,7.17,10.71,4.0,06.04,6.0,11.92,5.91,10.13,6.58,16.21,18.46
1976-06-15,7.79,7.46,10.21,1.25,03.04,2.83,9.79,7.58,7.71,5.29,13.75,15.0
1976-06-16,8.75,7.12,8.87,3.83,04.04,4.42,3.37,4.38,5.91,3.21,9.13,6.54
1976-06-17,12.79,7.75,8.25,04.04,5.5,4.46,7.0,5.71,7.75,5.37,13.37,8.75
1976-06-18,14.09,9.62,11.79,6.21,10.75,8.63,11.67,9.21,10.37,10.5,15.34,19.79
1976-06-19,2.92,2.5,5.29,3.67,5.21,05.09,11.08,6.17,9.33,6.63,14.46,20.33
1976-06-20,7.83,6.92,8.42,04.08,4.75,4.17,9.96,4.58,7.75,6.5,09.04,14.54
1976-06-21,10.79,11.96,11.04,5.33,8.21,8.17,7.12,7.0,10.37,8.0,12.75,12.92
1976-06-22,13.88,14.21,11.0,8.67,12.83,9.83,8.96,7.33,12.83,10.83,10.04,12.96
1976-06-23,10.41,12.33,11.04,6.46,9.67,8.29,10.04,9.38,11.04,10.17,18.75,13.67
1976-06-24,10.54,13.25,11.46,7.12,10.71,9.46,10.37,10.96,12.58,8.79,20.46,15.34
1976-06-25,6.0,11.04,5.46,3.46,8.46,6.17,7.0,5.33,7.12,5.21,7.79,05.04
1976-06-26,7.29,06.04,9.17,2.62,6.17,05.09,7.41,7.46,8.0,6.67,15.16,13.67
1976-06-27,4.46,3.83,4.92,1.96,3.21,2.67,3.42,07.08,5.37,4.88,16.5,20.25
1976-06-28,4.33,1.92,5.46,02.08,2.21,1.54,5.58,2.5,3.21,03.04,8.63,06.04
1976-06-29,5.29,1.0,6.38,1.75,1.63,0.54,5.58,2.25,4.21,2.92,9.5,6.54
1976-06-30,8.96,1.38,11.04,3.21,4.25,3.21,06.04,3.67,6.87,4.12,8.25,9.29
1976-07-01,8.5,1.75,6.58,2.13,2.75,2.21,5.37,02.04,5.88,4.5,4.96,10.63
1976-07-02,9.5,4.21,5.71,2.67,3.0,1.92,4.67,3.5,5.29,3.37,5.96,4.96
1976-07-03,5.66,6.0,5.71,2.37,2.21,1.54,4.88,3.0,5.41,2.96,7.5,7.17
1976-07-04,4.96,5.96,4.75,3.79,05.04,3.21,04.08,2.46,6.79,04.08,7.21,8.42
1976-07-05,8.12,7.21,5.21,3.17,6.17,2.67,1.54,4.17,4.83,1.67,7.87,05.09
1976-07-06,5.91,3.79,8.71,3.0,1.58,1.29,4.12,2.96,5.21,2.37,08.08,6.63
1976-07-07,03.04,2.0,5.58,1.67,1.29,0.29,5.5,0.92,5.58,2.88,4.12,4.17
1976-07-08,09.04,8.75,6.54,4.67,7.5,05.09,4.29,3.42,6.21,4.67,5.37,7.83
1976-07-09,14.58,14.12,13.08,6.29,14.21,7.96,10.34,10.46,11.42,8.58,17.33,11.79
1976-07-10,18.08,16.17,12.46,9.67,15.67,11.67,9.13,9.59,13.67,11.75,21.21,16.08
1976-07-11,11.92,9.29,9.21,6.83,11.0,8.46,9.33,5.54,10.41,09.08,10.37,16.66
1976-07-12,8.17,9.25,7.46,6.34,8.29,5.83,5.75,6.75,8.71,6.5,10.83,11.63
1976-07-13,15.75,15.12,12.54,07.08,15.71,9.46,09.04,7.0,10.83,8.58,9.29,11.08
1976-07-14,11.46,11.17,10.88,6.42,10.41,7.87,10.34,7.58,9.96,8.87,16.58,13.7
1976-07-15,12.62,9.67,13.5,6.67,11.21,8.17,10.08,6.79,11.58,8.67,11.71,14.67
1976-07-16,7.17,7.79,7.46,2.37,9.87,4.58,6.54,6.83,7.5,5.13,14.58,15.0
1976-07-17,8.33,9.29,8.25,2.92,7.46,4.21,5.79,5.58,7.87,4.63,12.33,10.75
1976-07-18,14.92,13.13,13.88,8.25,13.13,9.42,10.25,10.54,12.21,13.5,16.38,14.96
1976-07-19,9.87,7.41,8.92,05.04,9.67,5.83,9.96,5.91,8.5,8.46,10.5,15.79
1976-07-20,11.71,8.33,8.54,5.75,09.04,06.08,8.83,5.21,8.83,8.63,10.17,16.75
1976-07-21,9.13,6.29,7.96,3.92,6.67,4.12,7.92,3.67,7.29,6.42,8.42,11.83
1976-07-22,6.42,4.21,5.75,2.21,3.37,2.54,5.63,2.75,5.29,3.83,8.17,11.67
1976-07-23,8.46,6.46,7.25,4.42,5.96,3.79,8.96,3.79,07.04,6.13,08.08,12.75
1976-07-24,10.08,8.67,7.96,4.17,6.42,4.25,6.58,3.42,7.33,6.17,8.92,11.71
1976-07-25,9.25,9.54,7.0,3.92,4.75,4.5,5.58,3.67,7.17,6.46,10.25,10.71
1976-07-26,6.21,5.41,7.41,4.0,3.71,02.08,05.09,03.08,6.5,6.13,6.67,9.54
1976-07-27,8.87,6.17,7.38,04.04,4.33,2.75,4.92,3.33,7.12,6.58,8.5,12.54
1976-07-28,7.58,6.38,8.25,4.38,7.62,4.42,5.5,06.08,07.08,6.71,10.79,13.13
1976-07-29,10.34,06.04,5.96,4.88,7.5,4.38,9.25,6.63,08.08,7.71,11.17,17.0
1976-07-30,13.04,9.54,8.12,6.25,10.96,6.83,9.87,6.63,9.42,8.25,13.7,19.55
1976-07-31,11.63,8.29,8.29,4.29,8.38,5.33,7.71,5.91,7.17,7.96,11.17,15.09
1976-08-01,13.0,8.38,8.63,5.83,12.92,8.25,13.0,9.42,10.58,11.34,14.21,20.25
1976-08-02,8.83,7.21,7.83,4.92,9.75,6.96,10.58,7.29,9.29,9.59,11.71,19.95
1976-08-03,5.54,5.0,5.79,4.79,5.13,3.58,5.91,2.71,6.79,6.29,7.38,10.88
1976-08-04,7.33,03.04,5.58,3.29,3.54,3.63,6.75,3.88,5.0,5.25,8.79,13.59
1976-08-05,4.71,2.13,5.83,2.54,4.38,2.75,4.92,3.37,4.92,03.04,9.96,13.5
1976-08-06,06.04,3.88,5.41,2.21,3.92,2.92,3.46,2.0,4.38,2.29,8.42,10.58
1976-08-07,6.75,3.79,6.17,2.33,3.5,2.54,03.08,1.0,4.54,4.25,4.63,7.54
1976-08-08,4.33,1.17,8.83,2.25,3.25,1.5,1.67,1.17,1.54,1.17,4.54,4.12
1976-08-09,05.04,2.71,07.04,02.04,04.08,1.38,1.67,0.63,2.42,0.96,03.04,3.67
1976-08-10,5.5,2.71,4.46,1.42,2.58,1.75,2.67,2.62,3.42,3.58,8.96,4.67
1976-08-11,6.25,6.96,6.21,03.04,5.83,3.96,4.71,5.37,4.38,4.83,14.0,12.0
1976-08-12,6.63,6.25,5.83,03.04,4.29,3.42,1.46,2.62,4.21,3.17,5.91,7.25
1976-08-13,8.25,3.29,09.08,1.92,3.5,1.5,2.42,0.87,3.96,1.71,4.54,5.33
1976-08-14,7.29,2.67,14.5,1.96,3.13,2.54,3.79,2.42,7.33,4.58,6.38,8.71
1976-08-15,4.21,1.46,8.54,1.13,0.92,1.75,3.42,1.46,3.46,4.21,1.87,7.12
1976-08-16,5.46,3.75,5.96,1.38,2.75,2.42,1.87,0.67,2.79,1.25,03.08,6.67
1976-08-17,7.17,6.21,6.21,2.0,4.92,3.17,2.0,3.0,4.96,1.96,4.63,6.58
1976-08-18,4.67,4.96,9.62,1.33,4.12,04.04,4.38,03.08,7.62,4.25,4.5,11.21
1976-08-19,7.17,4.5,9.71,2.0,3.21,2.58,3.0,4.12,8.38,5.96,7.12,7.67
1976-08-20,9.83,10.41,11.08,2.0,2.83,2.79,04.04,3.54,6.83,4.58,5.88,8.46
1976-08-21,11.42,12.12,9.92,2.96,4.54,5.33,6.87,4.58,7.12,5.63,7.29,9.0
1976-08-22,15.34,10.92,9.59,4.75,6.83,08.04,07.08,6.92,10.21,7.92,8.33,13.08
1976-08-23,9.75,6.58,6.79,3.37,2.5,05.09,5.79,4.92,9.59,5.75,5.25,15.25
1976-08-24,5.96,4.42,07.04,4.29,4.88,5.54,06.04,3.33,7.21,5.46,4.42,8.71
1976-08-25,4.38,2.54,4.12,0.92,2.13,1.96,4.12,0.79,1.83,0.87,3.5,3.92
1976-08-26,4.17,02.08,14.46,3.58,3.63,2.83,3.88,02.08,3.46,1.0,7.83,4.63
1976-08-27,7.33,4.96,17.41,5.33,5.37,4.88,8.87,2.83,6.58,3.42,9.25,4.5
1976-08-28,9.46,6.83,20.75,05.09,6.17,5.13,13.59,4.83,09.08,7.12,9.17,12.25
1976-08-29,10.17,8.21,15.04,5.41,6.75,5.17,9.67,5.13,7.92,6.13,7.96,8.87
1976-08-30,15.46,10.92,13.88,6.58,8.25,6.92,9.21,4.46,8.83,7.58,9.21,11.38
1976-08-31,9.42,6.29,7.71,3.71,5.96,4.96,8.63,3.13,5.71,4.25,7.71,11.25
1976-09-01,11.87,11.0,7.38,6.87,7.75,8.33,10.34,6.46,10.17,9.29,12.75,19.55
1976-09-02,14.75,13.46,16.17,7.79,7.79,7.67,11.63,6.5,10.13,10.54,12.92,21.84
1976-09-03,9.83,4.79,8.12,4.75,4.29,5.79,10.04,3.71,8.71,5.63,8.83,15.16
1976-09-04,8.92,04.04,5.88,3.79,3.0,5.37,08.08,3.21,7.25,06.04,7.54,14.0
1976-09-05,4.54,4.29,5.17,1.75,1.0,2.33,3.79,1.83,4.12,04.08,5.46,10.17
1976-09-06,3.42,3.0,2.96,1.63,0.87,0.96,4.46,0.87,2.25,2.25,5.96,12.75
1976-09-07,4.75,4.75,3.96,1.29,1.58,2.13,4.38,0.54,0.58,1.13,4.67,8.96
1976-09-08,10.13,9.33,9.46,07.04,9.62,8.75,13.17,10.34,11.04,9.83,18.25,23.0
1976-09-09,24.54,20.0,20.5,15.09,16.08,13.17,21.25,12.96,16.21,17.37,21.54,35.13
1976-09-10,15.12,13.67,10.29,5.17,11.83,08.04,10.54,7.25,9.96,7.38,16.54,22.34
1976-09-11,23.33,22.37,22.67,13.29,17.83,15.04,20.54,14.83,15.37,18.88,25.12,32.08
1976-09-12,17.33,13.17,22.21,8.96,11.25,8.54,12.33,06.04,10.46,10.58,11.46,18.08
1976-09-13,8.71,8.25,5.71,2.13,9.71,5.21,6.71,6.25,8.0,5.13,12.75,18.12
1976-09-14,20.83,17.29,20.62,9.67,14.37,11.21,12.17,11.04,12.33,12.29,19.25,29.63
1976-09-15,12.08,7.5,14.12,06.04,08.08,7.0,6.58,3.63,7.92,7.96,10.34,18.12
1976-09-16,5.66,5.54,5.33,1.63,4.29,1.29,03.08,0.42,2.5,1.79,4.75,8.17
1976-09-17,12.21,10.46,8.71,4.17,11.71,09.04,4.42,5.54,08.04,6.46,9.42,12.42
1976-09-18,7.21,6.92,8.33,4.38,7.21,7.38,5.66,3.92,8.92,5.54,7.67,15.83
1976-09-19,12.83,14.21,13.37,7.0,11.25,10.0,9.75,7.58,12.71,8.25,12.79,18.88
1976-09-20,11.79,14.58,10.17,6.58,14.21,8.75,7.25,08.04,12.25,10.71,15.92,15.87
1976-09-21,6.25,6.38,6.67,1.83,4.17,3.79,3.21,2.17,4.63,3.46,8.71,6.92
1976-09-22,5.21,6.92,2.88,1.13,4.12,2.37,1.63,1.13,3.0,1.13,4.33,5.54
1976-09-23,17.04,16.0,13.88,6.17,15.04,9.62,6.34,10.96,10.71,6.46,11.67,18.08
1976-09-24,13.59,14.04,14.71,7.71,12.12,11.46,15.92,14.79,14.54,11.25,17.5,28.96
1976-09-25,10.92,12.58,5.88,3.67,8.42,6.42,10.13,7.17,10.34,9.92,15.34,33.17
1976-09-26,11.63,11.0,9.42,3.83,7.41,6.38,8.17,5.66,9.62,5.88,7.33,19.08
1976-09-27,11.25,9.5,11.17,4.71,9.38,6.83,07.04,09.08,9.59,4.67,10.88,16.71
1976-09-28,13.08,12.38,11.04,4.83,10.96,8.29,7.71,7.71,10.5,5.0,9.38,14.75
1976-09-29,13.5,9.54,7.83,3.37,10.75,5.88,6.96,9.0,8.92,5.63,11.83,8.79
1976-09-30,8.79,8.5,9.38,3.13,6.75,4.83,5.25,3.83,7.83,3.37,6.71,6.92
1976-10-01,10.96,6.71,10.41,4.63,7.58,05.04,05.04,5.54,6.5,3.92,6.79,5.0
1976-10-02,12.38,7.58,7.5,3.92,6.34,04.04,2.67,3.5,4.79,3.17,7.38,10.13
1976-10-03,12.38,10.63,12.08,6.34,11.21,8.67,8.96,8.75,10.75,9.0,14.37,15.83
1976-10-04,10.21,9.33,5.17,2.96,9.59,6.13,5.41,5.41,6.38,2.5,11.87,11.17
1976-10-05,22.04,20.71,17.46,10.21,18.25,13.62,11.54,16.29,13.62,12.5,21.54,21.46
1976-10-06,21.62,20.67,19.95,12.96,23.09,17.12,19.21,21.5,19.87,21.92,34.83,36.51
1976-10-07,16.33,13.08,12.12,5.75,11.96,8.58,7.71,6.42,7.46,5.88,12.0,16.58
1976-10-08,8.29,6.34,6.29,2.79,5.91,5.29,03.04,4.46,06.04,5.33,8.0,11.54
1976-10-09,5.66,6.21,7.54,1.38,6.58,5.75,1.63,7.92,5.37,06.08,14.67,15.12
1976-10-10,11.12,13.04,10.29,06.04,12.21,10.29,7.41,11.54,10.79,11.42,19.58,19.25
1976-10-11,17.16,14.71,10.67,5.5,11.96,7.92,5.29,9.79,9.38,8.38,13.17,13.5
1976-10-12,8.63,7.41,9.0,6.96,8.58,7.25,8.33,7.0,09.08,9.25,11.96,21.12
1976-10-13,7.92,7.29,5.88,2.5,7.79,4.63,2.25,4.5,5.21,3.13,8.79,11.46
1976-10-14,28.08,16.0,26.83,13.88,15.59,12.08,13.83,9.71,12.0,12.42,12.12,16.54
1976-10-15,15.59,10.41,12.83,10.25,10.96,10.67,14.83,8.42,11.58,13.62,12.79,27.08
1976-10-16,12.92,12.54,10.37,3.63,10.54,7.58,4.88,5.29,5.58,4.88,7.21,11.42
1976-10-17,13.96,9.67,14.79,6.79,9.54,10.08,13.5,9.29,11.04,12.5,9.83,22.5
1976-10-18,8.63,4.0,7.71,02.04,5.46,04.08,1.54,2.46,4.38,3.63,4.58,18.46
1976-10-19,9.0,12.08,4.58,0.42,9.71,5.29,2.42,5.71,5.5,4.83,9.87,12.75
1976-10-20,16.38,13.62,9.5,3.0,11.75,6.5,6.96,6.5,5.13,6.42,14.5,8.87
1976-10-21,14.46,13.67,13.59,5.37,14.17,8.29,9.17,9.79,10.71,11.17,19.5,17.88
1976-10-22,9.62,05.09,8.79,2.83,7.92,5.5,06.04,3.75,6.79,6.67,8.79,16.08
1976-10-23,11.87,7.33,10.58,5.17,7.67,5.91,6.21,5.66,6.71,6.83,9.42,13.42
1976-10-24,06.08,03.04,5.5,1.21,3.92,4.5,1.92,0.63,3.29,4.12,8.25,14.62
1976-10-25,4.58,1.79,7.5,1.42,0.87,0.83,0.92,0.17,1.46,3.13,7.12,6.17
1976-10-26,12.79,12.58,7.25,2.17,10.04,5.21,2.58,06.04,5.37,3.88,9.59,7.5
1976-10-27,7.87,6.34,07.08,2.46,7.38,5.96,6.54,9.13,6.83,6.38,13.08,17.58
1976-10-28,9.71,3.83,10.08,2.75,2.88,1.83,2.58,2.42,2.67,4.46,5.37,8.71
1976-10-29,12.79,5.83,14.67,5.66,4.79,4.96,6.71,4.83,6.13,7.54,9.17,11.87
1976-10-30,10.71,3.25,13.79,4.5,4.79,2.33,4.46,2.92,4.29,5.83,3.5,9.25
1976-10-31,15.5,11.96,10.04,5.96,12.17,8.17,4.21,9.59,9.42,10.13,17.33,18.05
1976-11-01,13.96,15.67,10.29,6.46,12.79,09.08,10.0,9.67,10.21,11.63,23.09,21.96
1976-11-02,12.71,15.04,8.83,4.79,11.34,8.83,11.79,7.75,9.71,9.59,18.88,18.71
1976-11-03,9.21,8.12,6.17,2.96,7.46,7.5,7.54,6.0,8.17,7.92,15.16,20.0
1976-11-04,10.46,12.29,9.33,4.75,9.92,09.08,5.96,7.87,09.04,8.63,15.41,18.63
1976-11-05,17.37,15.5,11.38,5.96,13.25,9.17,9.62,8.71,11.54,12.92,18.58,19.25
1976-11-06,15.37,12.29,10.29,4.46,12.21,10.46,5.17,9.33,9.75,10.5,12.46,16.21
1976-11-07,10.83,10.41,7.79,2.54,9.83,8.29,08.08,6.67,6.71,7.33,11.29,15.67
1976-11-08,9.79,9.13,6.17,1.71,8.58,08.04,5.33,7.33,5.71,7.87,10.34,17.88
1976-11-09,7.0,4.29,4.33,0.75,4.88,04.08,5.75,2.17,1.87,3.75,11.25,13.21
1976-11-10,6.13,5.79,4.88,1.33,4.79,06.04,8.38,1.63,3.58,4.21,7.71,13.5
1976-11-11,3.5,2.83,03.04,0.13,2.88,03.08,4.96,01.08,0.58,0.92,7.25,8.71
1976-11-12,6.29,1.79,9.38,1.75,0.25,0.83,8.83,0.0,0.92,1.42,1.92,6.0
1976-11-13,7.75,9.5,4.88,0.21,5.5,5.66,6.58,3.29,2.67,4.29,7.54,9.75
1976-11-14,15.21,9.17,13.33,6.21,8.83,10.17,11.38,5.91,10.0,8.83,8.42,18.63
1976-11-15,10.88,14.09,9.87,4.17,8.12,10.13,8.29,8.75,08.04,9.13,20.41,19.5
1976-11-16,9.67,6.42,10.71,3.79,1.58,3.96,8.63,1.5,3.17,3.88,5.54,9.96
1976-11-17,10.96,13.92,11.38,4.25,9.54,8.67,7.41,9.79,7.79,9.92,16.0,17.54
1976-11-18,9.79,6.87,10.5,3.79,2.71,5.66,7.5,4.5,6.17,04.04,7.38,8.25
1976-11-19,6.21,3.92,5.5,0.54,1.92,0.96,2.17,0.87,0.17,1.21,2.96,4.38
1976-11-20,5.66,2.71,6.5,1.0,0.17,0.67,3.71,0.08,0.79,1.92,3.71,9.29
1976-11-21,7.5,1.42,9.59,1.79,1.29,2.75,8.46,1.54,2.25,5.54,6.38,14.33
1976-11-22,7.62,3.92,9.38,2.5,3.46,3.46,7.83,2.37,2.88,5.75,6.46,12.42
1976-11-23,9.87,3.96,6.87,1.42,03.08,2.92,8.54,1.75,3.21,4.29,06.08,12.0
1976-11-24,7.75,2.96,6.25,1.79,4.29,6.83,11.21,5.13,6.0,7.21,13.96,17.75
1976-11-25,17.46,15.25,12.17,5.83,9.17,11.0,13.04,12.42,11.71,13.83,22.54,22.17
1976-11-26,18.0,16.38,15.92,8.71,13.0,12.38,16.75,12.04,13.0,14.21,16.71,17.04
1976-11-27,20.46,19.38,16.0,10.58,16.08,14.09,15.5,13.67,13.92,15.71,25.75,24.87
1976-11-28,16.38,19.29,15.16,8.71,18.16,13.33,21.84,12.83,13.92,15.0,28.79,29.75
1976-11-29,13.46,10.83,11.21,4.25,10.37,8.38,13.21,5.37,9.29,9.54,16.21,20.41
1976-11-30,11.63,10.17,8.96,3.75,8.33,5.29,8.29,3.71,4.54,4.38,8.87,12.79
1976-12-01,13.46,16.42,9.21,4.54,10.75,8.67,10.88,4.83,8.79,5.91,8.83,13.67
1976-12-02,13.08,13.46,9.54,3.33,7.41,6.13,10.0,3.75,4.88,05.04,10.58,11.29
1976-12-03,12.12,12.62,7.5,1.96,6.54,4.17,5.75,01.08,03.08,2.75,6.58,8.17
1976-12-04,10.29,9.62,9.21,1.5,3.5,2.67,11.0,0.63,3.63,4.67,04.04,8.87
1976-12-05,16.88,13.37,14.42,5.33,11.5,09.04,11.83,6.83,8.83,7.67,12.75,15.29
1976-12-06,21.12,22.71,15.96,8.54,19.08,12.71,16.75,11.17,13.17,13.79,18.08,18.88
1976-12-07,16.0,18.05,13.37,6.96,14.09,11.79,15.46,05.04,11.38,9.5,9.54,14.92
1976-12-08,12.21,8.75,8.12,3.83,07.08,5.88,10.75,4.12,07.08,6.75,11.5,18.91
1976-12-09,4.54,3.0,3.71,0.17,4.71,3.29,7.25,0.75,1.33,04.08,3.92,16.66
1976-12-10,4.46,2.17,4.54,0.58,1.87,2.5,9.0,0.37,02.04,4.17,4.79,11.92
1976-12-11,4.58,8.54,3.17,0.0,4.83,5.33,2.71,2.62,1.5,2.42,8.79,11.08
1976-12-12,12.92,11.96,4.58,0.33,06.04,4.17,1.21,2.88,0.92,1.75,6.21,8.92
1976-12-13,20.21,16.83,10.5,4.0,11.87,8.75,1.21,4.79,5.79,05.04,8.0,11.17
1976-12-14,15.92,14.29,12.71,04.08,11.29,8.54,5.33,6.58,7.67,7.83,7.5,12.33
1976-12-15,14.17,10.71,14.58,04.04,8.25,7.17,5.66,3.75,6.42,5.63,3.46,14.12
1976-12-16,7.62,08.08,10.92,2.33,8.96,6.87,6.63,6.42,6.29,5.41,7.75,14.62
1976-12-17,8.29,4.67,9.38,0.67,4.12,2.92,5.63,2.83,3.67,3.75,8.38,15.96
1976-12-18,14.0,8.58,14.67,4.21,6.71,4.58,9.92,4.88,6.83,7.58,7.0,14.29
1976-12-19,9.79,3.54,8.54,3.37,6.13,2.58,3.17,2.92,3.42,6.42,2.88,17.21
1976-12-20,7.54,1.58,6.5,1.96,2.46,0.96,6.21,0.33,2.67,2.37,01.08,4.58
1976-12-21,8.87,9.59,8.75,2.37,10.58,4.58,6.5,07.04,4.25,2.92,9.46,9.0
1976-12-22,12.25,09.04,12.0,4.88,9.92,8.63,9.71,8.79,8.21,10.08,10.67,21.42
1976-12-23,12.38,11.38,12.92,3.58,9.75,8.38,6.63,8.63,7.5,6.67,8.29,17.96
1976-12-24,13.83,12.42,11.96,3.29,7.33,08.04,8.25,08.04,8.0,7.29,7.96,15.09
1976-12-25,9.59,6.13,14.83,4.38,5.75,4.96,5.96,3.92,5.0,4.88,4.67,12.0
1976-12-26,8.21,6.34,09.08,1.38,0.75,0.79,6.5,1.21,02.08,3.21,0.67,11.92
1976-12-27,09.04,6.21,7.87,2.83,4.79,6.96,11.67,4.42,7.38,8.58,14.5,23.42
1976-12-28,9.62,5.96,13.59,3.71,3.83,4.29,7.58,4.71,5.71,5.54,8.46,16.58
1976-12-29,23.83,16.38,17.16,7.25,13.08,12.38,12.33,11.71,13.83,16.04,13.37,23.33
1976-12-30,15.34,11.46,16.04,5.83,8.67,8.29,9.67,2.67,8.71,8.46,6.17,15.5
1976-12-31,8.67,8.83,9.38,3.67,5.37,4.58,7.92,1.79,4.46,4.38,6.38,15.67
1977-01-01,20.04,11.92,20.25,9.13,9.29,08.04,10.75,5.88,9.0,9.0,14.88,25.7
1977-01-02,9.75,1.54,12.54,1.83,3.79,2.75,9.46,1.21,2.33,4.58,8.25,12.38
1977-01-03,13.21,16.66,9.25,1.71,9.46,8.17,7.87,8.96,7.75,7.21,22.25,21.59
1977-01-04,20.12,15.92,18.91,6.75,10.25,11.83,15.41,14.09,12.83,14.71,20.5,27.16
1977-01-05,12.5,9.5,12.04,4.67,9.25,6.87,11.5,8.0,8.33,9.75,13.33,18.08
1977-01-06,05.09,0.96,6.87,0.37,1.79,2.0,08.04,1.54,4.12,5.58,10.08,17.88
1977-01-07,5.29,3.0,6.67,1.67,4.25,3.54,08.04,1.54,6.58,6.34,8.29,16.46
1977-01-08,8.54,6.46,8.25,4.42,08.04,06.08,11.38,6.5,9.67,08.08,13.0,17.16
1977-01-09,19.92,16.0,9.96,9.79,17.12,10.96,12.71,11.42,12.08,11.08,20.12,20.96
1977-01-10,18.16,13.59,16.46,9.38,12.17,8.67,10.75,10.21,8.54,10.96,22.08,31.75
1977-01-11,12.12,10.37,13.17,4.25,5.13,3.17,7.62,4.75,3.54,3.58,12.75,15.09
1977-01-12,7.79,1.75,7.54,1.21,5.54,1.42,4.96,2.88,1.87,1.67,7.17,11.04
1977-01-13,26.92,19.12,24.96,14.09,18.46,13.59,17.04,12.62,12.58,14.17,13.79,22.95
1977-01-14,25.84,15.79,24.54,15.0,16.66,13.5,22.08,9.67,14.58,21.04,18.38,34.29
1977-01-15,17.75,11.79,14.42,10.41,11.04,9.79,11.75,6.34,8.63,9.92,12.04,17.96
1977-01-16,08.04,5.5,6.46,1.29,3.63,1.67,7.17,1.75,2.79,4.0,3.54,14.0
1977-01-17,19.46,18.05,15.12,6.0,12.87,10.96,9.21,10.04,8.21,8.58,12.12,16.08
1977-01-18,11.42,8.21,15.37,07.08,9.92,11.58,14.83,9.0,10.83,14.09,11.25,24.25
1977-01-19,14.58,17.62,10.25,5.58,10.63,9.83,7.17,10.54,8.67,10.5,16.17,17.79
1977-01-20,22.37,15.09,22.5,13.88,15.83,16.62,17.12,14.37,16.54,18.5,15.46,26.12
1977-01-21,15.29,10.88,15.34,9.42,12.54,13.04,14.79,10.71,14.67,18.75,11.83,27.04
1977-01-22,3.92,6.83,5.96,0.58,4.0,4.88,4.63,5.5,4.79,7.38,10.13,17.88
1977-01-23,4.67,8.75,04.08,0.92,4.58,5.54,02.04,4.29,3.5,4.42,10.75,12.71
1977-01-24,15.5,14.75,14.46,7.71,12.58,11.87,10.34,11.0,11.63,13.04,15.34,19.0
1977-01-25,16.71,10.96,13.59,6.96,11.0,9.29,10.88,6.67,10.96,12.33,6.83,15.79
1977-01-26,8.5,11.83,7.71,2.5,6.38,5.66,4.96,2.96,4.75,4.75,6.13,7.5
1977-01-27,8.75,6.5,11.83,7.41,11.25,11.38,12.17,12.71,12.17,10.71,13.92,22.95
1977-01-28,9.29,11.17,15.96,6.0,9.0,8.29,8.58,08.08,8.87,9.17,8.63,14.09
1977-01-29,6.21,06.08,8.29,2.83,2.92,3.25,2.54,2.29,2.0,3.37,06.04,11.58
1977-01-30,17.62,12.04,13.04,5.25,10.08,11.04,12.79,6.75,12.0,9.0,7.5,15.71
1977-01-31,10.17,03.08,9.92,4.33,4.5,2.88,4.75,1.29,1.87,2.92,3.54,10.79
1977-02-01,11.83,9.71,11.0,4.25,8.58,8.71,6.17,5.66,8.29,7.58,11.71,16.5
1977-02-02,16.38,13.33,15.54,8.79,11.12,10.75,9.21,9.25,11.21,11.34,12.46,17.75
1977-02-03,14.21,14.04,13.88,7.46,11.67,11.58,18.29,9.5,12.67,12.92,16.08,20.04
1977-02-04,13.88,15.09,12.17,4.0,11.0,10.88,10.5,7.46,9.33,9.17,11.5,15.75
1977-02-05,14.58,14.75,12.67,5.96,10.21,8.71,10.08,7.0,7.83,09.08,13.96,17.83
1977-02-06,19.38,17.79,15.96,06.04,10.75,9.71,7.58,5.79,7.25,5.71,8.25,13.13
1977-02-07,18.75,18.96,15.04,10.0,15.63,12.5,16.66,9.96,12.87,10.58,13.79,14.42
1977-02-08,5.46,8.96,7.62,3.17,6.63,7.83,7.96,03.04,5.88,3.71,4.17,8.79
1977-02-09,9.67,10.5,10.25,4.0,7.0,9.25,9.96,4.75,9.13,6.34,6.21,15.04
1977-02-10,11.75,8.46,10.08,6.34,11.96,9.92,12.25,8.87,10.21,3.58,12.12,27.84
1977-02-11,3.13,2.62,07.08,2.13,3.5,6.34,9.13,03.08,7.25,4.63,7.33,26.25
1977-02-12,06.04,6.83,6.29,1.63,4.17,4.83,5.25,2.92,5.54,6.54,07.04,22.21
1977-02-13,8.12,5.58,9.83,2.17,7.71,6.38,5.46,4.96,6.96,7.75,8.46,12.04
1977-02-14,11.34,9.59,7.46,02.08,7.25,2.92,8.21,1.96,4.29,04.08,7.54,6.83
1977-02-15,13.7,12.21,11.63,4.75,10.13,10.96,11.5,08.08,9.54,8.54,11.83,12.29
1977-02-16,5.58,8.54,6.25,1.13,6.67,6.87,5.91,4.5,6.0,5.79,11.08,12.83
1977-02-17,17.71,15.12,15.59,7.62,14.29,11.75,11.04,10.04,9.5,8.83,11.71,15.87
1977-02-18,11.46,9.67,10.17,5.37,8.75,08.04,15.09,8.21,11.29,12.12,14.21,17.33
1977-02-19,14.42,11.92,10.79,7.12,10.63,10.0,13.04,9.71,11.25,9.83,11.79,12.92
1977-02-20,11.63,10.21,11.25,4.83,8.25,8.83,09.08,7.0,8.63,7.92,9.33,21.59
1977-02-21,9.83,9.87,8.46,02.08,8.33,5.0,3.83,8.96,06.08,10.21,13.5,23.09
1977-02-22,10.17,15.09,10.96,4.58,11.46,9.87,10.96,11.83,9.75,11.34,16.83,19.92
1977-02-23,12.54,15.21,20.62,10.25,14.37,14.37,17.92,13.5,14.75,15.37,17.12,24.37
1977-02-24,8.67,8.87,10.88,5.63,11.46,10.29,17.71,10.92,12.04,13.29,14.37,27.0
1977-02-25,5.5,03.08,13.0,2.13,3.17,6.58,10.46,6.5,7.41,8.67,6.21,14.71
1977-02-26,14.62,14.33,10.04,3.42,11.34,7.58,8.71,8.75,6.46,06.04,9.42,11.63
1977-02-27,25.41,24.79,22.58,11.5,20.41,17.79,17.92,16.62,14.67,12.0,15.79,23.21
1977-02-28,19.67,18.05,19.38,10.46,17.33,15.63,16.71,14.21,14.88,10.96,16.38,20.54
1977-03-01,8.63,14.83,10.29,3.75,6.63,8.79,5.0,8.12,7.87,6.42,13.54,13.67
1977-03-02,12.62,15.34,15.59,7.33,13.04,12.87,13.25,12.21,13.29,13.04,22.46,22.17
1977-03-03,11.12,12.5,12.92,7.29,11.21,10.25,16.71,11.96,14.79,14.29,18.25,23.29
1977-03-04,12.67,11.08,11.54,6.92,11.75,10.79,18.66,13.79,13.92,13.5,17.92,24.92
1977-03-05,8.29,08.08,10.67,2.92,5.91,07.04,11.04,6.83,07.08,8.58,10.67,17.33
1977-03-06,11.87,15.09,11.29,8.25,13.83,12.54,9.42,6.42,12.54,8.96,9.67,12.5
1977-03-07,16.58,15.96,14.92,7.21,13.13,12.5,14.0,11.92,12.12,9.79,15.96,18.79
1977-03-08,26.2,24.0,18.66,13.33,20.5,18.38,17.67,18.54,18.05,19.79,29.29,27.37
1977-03-09,21.17,15.96,15.16,9.83,17.46,13.62,16.88,13.75,14.42,15.5,16.38,21.71
1977-03-10,33.84,26.92,24.41,20.08,23.75,20.58,20.21,18.71,21.92,22.75,23.09,27.58
1977-03-11,14.33,12.42,13.13,7.41,14.92,12.12,14.29,11.12,13.42,13.5,14.62,22.46
1977-03-12,9.79,9.29,10.54,4.12,8.92,7.75,9.67,6.0,8.21,5.63,08.08,13.25
1977-03-13,12.92,11.92,15.29,5.88,9.79,8.63,13.33,8.79,10.46,9.92,11.12,16.13
1977-03-14,17.46,17.79,14.71,7.75,16.38,11.38,16.33,12.29,13.29,12.87,21.04,20.62
1977-03-15,28.33,19.55,22.0,16.79,18.88,15.67,19.79,16.42,18.46,18.21,19.87,26.16
1977-03-16,24.75,18.84,17.25,11.63,15.21,13.21,15.34,14.79,14.88,16.29,22.92,19.75
1977-03-17,27.5,18.75,20.21,14.46,17.0,14.88,18.34,17.5,15.96,17.54,20.88,23.54
1977-03-18,16.79,14.62,14.04,7.33,17.79,13.08,15.41,12.54,12.79,12.17,13.88,15.83
1977-03-19,21.29,15.75,12.12,8.83,14.67,11.38,11.08,12.58,9.54,9.5,14.46,13.62
1977-03-20,16.79,11.83,25.04,8.5,11.83,10.41,17.41,9.21,9.79,10.83,15.75,16.88
1977-03-21,14.54,11.08,28.25,9.75,10.46,8.58,18.21,7.38,10.79,7.71,9.79,14.58
1977-03-22,10.54,8.29,17.71,5.71,6.92,08.08,13.5,7.0,7.29,7.0,8.54,14.46
1977-03-23,9.33,3.96,8.67,2.88,6.54,5.46,12.08,5.13,8.17,7.33,7.92,18.29
1977-03-24,11.58,11.83,4.96,2.79,9.42,6.0,9.71,5.25,6.0,5.66,5.41,10.29
1977-03-25,19.12,19.5,14.62,7.58,17.67,14.25,12.08,12.92,10.58,8.75,12.79,14.04
1977-03-26,14.75,13.67,13.5,7.25,15.21,12.87,12.54,12.25,10.29,6.96,12.04,17.58
1977-03-27,14.5,15.09,30.84,10.41,12.87,12.08,19.33,13.42,12.17,12.87,19.79,24.13
1977-03-28,12.17,8.38,21.34,5.91,6.38,5.37,10.13,05.04,6.34,9.33,6.58,14.67
1977-03-29,8.58,5.5,5.54,02.04,3.58,4.71,7.79,4.54,4.58,5.54,13.67,12.62
1977-03-30,25.04,19.5,20.38,13.13,18.79,16.75,14.12,15.92,16.71,19.17,28.42,29.79
1977-03-31,26.16,22.17,24.08,13.79,21.67,18.41,19.46,19.87,19.46,19.7,26.96,25.12
1977-04-01,21.67,16.0,17.33,13.59,20.83,15.96,25.62,17.62,19.41,20.67,24.37,30.09
1977-04-02,12.17,6.79,10.13,6.17,9.21,8.67,12.33,09.08,9.62,11.29,13.54,22.79
1977-04-03,19.7,12.46,20.04,10.08,13.29,12.25,14.92,11.83,11.67,15.34,20.0,30.04
1977-04-04,12.96,9.21,9.21,5.0,6.17,5.96,9.38,5.41,07.04,7.46,12.25,14.92
1977-04-05,8.63,7.25,7.25,4.33,7.21,7.17,11.17,5.96,7.83,9.46,10.79,16.46
1977-04-06,14.37,13.21,15.04,8.46,11.17,11.38,15.67,10.79,11.34,17.83,18.25,27.54
1977-04-07,18.12,14.71,17.75,7.58,12.25,11.0,13.17,10.0,9.96,15.12,16.33,22.46
1977-04-08,15.75,9.79,10.21,5.91,10.13,8.58,8.63,8.42,08.08,8.33,15.54,13.33
1977-04-09,11.5,9.96,9.79,4.21,7.58,7.62,6.13,4.33,5.63,6.92,6.75,9.62
1977-04-10,17.33,12.83,9.96,9.13,11.67,10.21,13.83,8.33,9.83,10.0,12.46,15.75
1977-04-11,11.96,10.96,11.04,06.04,11.34,10.08,13.04,10.17,10.67,9.17,14.71,15.0
1977-04-12,17.21,15.71,13.62,10.5,18.34,15.54,21.62,16.38,16.62,15.41,18.25,22.21
1977-04-13,19.29,13.42,12.54,10.25,15.29,12.87,18.54,10.83,12.21,16.5,16.46,22.5
1977-04-14,14.79,8.54,10.46,6.83,10.88,8.96,14.12,6.25,9.29,11.34,10.58,17.83
1977-04-15,6.87,6.21,5.88,1.96,2.42,3.5,8.0,2.79,2.67,4.54,8.0,7.41
1977-04-16,11.08,9.75,9.75,3.54,7.21,07.04,8.42,4.92,4.83,5.5,10.37,11.17
1977-04-17,07.08,06.04,14.12,04.04,5.25,5.83,8.58,3.67,5.13,6.96,12.96,12.87
1977-04-18,9.79,9.62,9.17,3.67,8.92,9.13,8.21,6.87,8.0,7.17,7.33,9.79
1977-04-19,8.12,6.67,10.34,2.75,3.92,5.71,7.75,5.21,5.29,6.79,9.17,15.87
1977-04-20,13.13,13.67,14.54,7.21,9.67,10.25,14.29,12.04,12.12,11.04,18.34,15.37
1977-04-21,21.59,19.75,19.7,12.33,15.37,13.17,18.46,16.62,15.34,15.59,22.79,18.63
1977-04-22,20.3,17.58,20.04,12.46,21.25,15.59,26.42,16.33,18.12,18.71,23.75,22.63
1977-04-23,16.96,18.12,14.5,10.63,16.88,12.38,20.25,11.46,12.83,12.0,17.5,20.12
1977-04-24,14.29,13.67,12.54,7.21,10.54,10.04,13.21,9.17,10.29,8.79,14.33,13.08
1977-04-25,17.96,14.96,16.79,09.04,14.21,12.92,14.5,15.87,13.21,16.04,25.21,26.63
1977-04-26,13.7,15.34,9.42,7.83,15.92,10.41,14.37,11.21,11.79,10.75,19.5,21.96
1977-04-27,22.63,17.37,19.87,11.17,15.5,12.38,17.54,7.79,12.25,11.75,16.66,18.54
1977-04-28,16.88,14.54,11.58,7.54,14.37,10.67,14.09,11.58,10.08,10.54,17.62,14.88
1977-04-29,17.33,13.7,11.04,7.58,14.37,10.17,13.79,8.33,10.83,12.79,16.88,21.46
1977-04-30,15.5,10.96,07.04,5.63,11.04,8.67,10.58,7.96,8.29,8.79,17.12,17.29
1977-05-01,6.42,7.12,8.67,3.58,4.58,4.0,6.75,6.13,3.33,4.5,19.21,12.38
1977-05-02,6.63,5.29,10.75,3.42,4.63,3.46,7.41,5.46,4.71,4.12,13.59,10.71
1977-05-03,12.79,7.38,11.58,6.21,7.29,7.21,11.04,6.75,8.29,9.96,10.37,15.83
1977-05-04,8.83,4.25,6.21,2.46,4.79,6.92,8.96,5.41,6.25,9.25,11.38,15.12
1977-05-05,8.75,4.75,7.5,1.79,3.29,5.71,7.96,03.08,3.17,3.5,8.25,12.08
1977-05-06,7.58,6.71,8.54,3.67,6.87,7.5,9.87,5.79,6.42,6.63,11.63,15.59
1977-05-07,11.71,10.13,11.38,8.87,12.67,11.63,17.08,13.0,13.0,15.16,16.38,25.75
1977-05-08,8.79,8.38,8.54,5.79,7.12,7.17,8.87,5.37,6.42,5.75,7.71,9.33
1977-05-09,13.54,9.75,9.21,4.83,9.13,6.83,6.58,4.96,05.09,3.71,8.21,6.87
1977-05-10,5.41,8.17,7.62,3.67,4.42,6.21,7.67,04.04,4.58,05.04,12.33,12.87
1977-05-11,17.41,14.71,16.66,7.71,14.09,11.58,15.71,12.62,12.71,13.37,18.08,15.87
1977-05-12,17.92,14.33,9.17,6.38,12.04,9.46,10.75,7.67,8.42,9.62,14.96,18.21
1977-05-13,7.96,5.0,10.58,05.09,5.25,5.33,7.96,4.46,4.63,7.5,8.21,11.92
1977-05-14,8.42,9.83,6.29,3.83,6.13,4.83,6.67,3.75,4.46,3.13,7.75,7.62
1977-05-15,14.21,12.67,17.04,5.75,8.75,9.17,8.71,7.79,6.34,6.29,11.04,10.25
1977-05-16,12.17,11.79,23.16,7.62,7.79,5.46,9.62,8.96,5.91,7.29,12.29,14.79
1977-05-17,6.87,4.63,16.33,3.37,2.96,4.79,05.09,3.37,4.71,3.58,4.63,9.71
1977-05-18,3.88,4.42,12.21,1.25,2.33,1.5,4.71,2.42,4.12,05.09,9.46,9.92
1977-05-19,4.54,5.41,5.96,1.83,2.21,2.96,4.5,5.25,3.67,02.04,13.25,8.83
1977-05-20,6.38,06.04,15.63,4.17,2.79,6.25,10.83,3.13,7.46,4.38,5.71,12.92
1977-05-21,12.71,7.41,22.46,7.58,07.04,8.71,11.96,4.92,7.87,5.91,7.67,9.0
1977-05-22,11.38,9.25,18.63,6.17,5.17,9.21,08.08,05.04,7.12,04.04,08.08,04.08
1977-05-23,12.29,6.63,16.46,4.29,06.08,08.08,09.04,2.92,6.58,3.67,10.41,4.54
1977-05-24,11.92,7.0,20.17,4.5,7.33,8.83,11.58,7.17,9.62,7.33,11.17,12.33
1977-05-25,11.04,6.42,21.25,5.66,6.83,9.71,11.5,4.96,8.79,6.5,8.5,11.96
1977-05-26,11.0,1.25,13.0,04.04,4.71,08.04,10.54,8.0,10.63,7.92,9.92,15.5
1977-05-27,6.87,6.75,6.17,4.33,08.04,6.83,09.04,6.38,9.42,7.5,8.42,16.08
1977-05-28,4.21,05.04,5.88,1.63,4.33,3.75,7.29,3.54,3.79,1.29,6.67,05.04
1977-05-29,05.09,5.37,13.0,3.25,4.0,4.75,10.17,5.29,6.92,4.67,8.42,9.92
1977-05-30,7.96,2.88,13.5,3.79,4.12,7.38,12.5,4.79,7.5,4.38,7.21,15.04
1977-05-31,8.0,3.63,12.58,3.21,5.37,4.12,7.58,2.37,5.75,4.29,5.71,9.96
1977-06-01,07.08,5.25,9.71,2.83,2.21,3.5,5.29,1.42,2.0,0.92,5.21,5.63
1977-06-02,4.75,5.75,14.67,3.42,3.17,3.46,6.87,2.17,3.42,2.75,4.71,2.58
1977-06-03,9.62,5.13,6.17,5.71,8.17,5.5,8.5,4.79,4.0,5.71,7.83,12.21
1977-06-04,16.71,7.21,10.58,6.21,11.34,9.5,12.83,9.62,10.5,9.92,13.54,14.54
1977-06-05,17.79,11.75,11.17,7.75,15.92,10.41,13.04,9.17,10.54,11.46,14.09,17.08
1977-06-06,20.62,18.71,14.71,9.83,18.46,13.04,14.67,13.29,12.87,12.71,21.34,21.84
1977-06-07,17.62,11.17,11.21,6.79,13.29,8.17,11.67,09.04,7.87,9.54,16.13,18.79
1977-06-08,9.0,6.87,07.08,3.17,6.87,4.71,6.71,5.58,5.63,5.63,11.08,13.25
1977-06-09,7.41,8.5,12.83,3.0,6.67,3.75,7.58,4.29,5.88,3.79,12.33,9.79
1977-06-10,14.12,12.75,27.25,8.29,10.88,8.17,16.0,10.08,9.54,10.04,19.62,20.79
1977-06-11,13.75,10.58,21.0,08.08,9.46,10.17,14.79,8.63,9.83,10.96,18.34,19.12
1977-06-12,7.0,6.79,8.58,4.63,6.34,7.38,7.67,4.33,6.63,6.17,8.17,9.33
1977-06-13,12.87,08.08,9.25,4.58,7.0,6.63,6.21,5.91,5.58,5.58,9.46,7.0
1977-06-14,11.92,11.17,18.66,6.87,9.87,8.79,11.08,8.75,9.33,9.29,13.62,16.62
1977-06-15,7.21,9.21,20.5,4.79,06.08,6.87,11.0,5.54,7.46,7.54,14.0,9.83
1977-06-16,8.5,2.58,18.0,2.21,6.34,9.46,10.0,5.83,9.87,7.46,12.29,9.62
1977-06-17,11.46,4.29,15.59,2.88,8.38,9.25,9.42,7.58,9.21,5.25,13.04,5.71
1977-06-18,6.21,7.0,13.79,3.25,7.38,6.0,5.54,6.0,4.92,4.29,13.5,12.25
1977-06-19,07.08,7.29,8.75,3.0,7.21,5.58,4.0,6.87,6.5,5.83,10.5,12.0
1977-06-20,4.83,4.54,12.54,1.96,4.88,2.83,4.0,1.0,3.37,1.46,9.29,4.88
1977-06-21,4.83,4.38,10.75,02.04,5.63,2.25,2.96,2.21,1.67,2.42,5.79,4.79
1977-06-22,6.0,3.25,4.21,1.71,3.79,3.58,2.79,1.17,2.92,2.96,2.96,3.58
1977-06-23,7.33,7.71,6.5,3.5,06.08,6.29,5.0,3.71,4.42,5.37,8.33,8.33
1977-06-24,13.5,11.71,10.79,4.12,10.41,8.17,06.04,4.5,5.54,4.12,9.38,6.25
1977-06-25,16.25,07.04,9.38,6.5,10.17,09.04,8.79,6.0,7.62,8.63,9.13,12.42
1977-06-26,9.79,6.92,9.38,4.38,9.38,7.79,9.75,05.04,9.25,7.12,12.12,11.58
1977-06-27,11.08,7.54,12.12,4.21,7.92,6.71,12.25,4.71,8.79,5.83,6.0,07.08
1977-06-28,14.58,8.71,8.42,5.75,9.33,8.12,07.08,5.66,6.63,7.0,9.71,10.79
1977-06-29,13.08,11.25,7.25,5.25,13.25,8.92,7.5,7.0,7.46,6.25,12.46,12.54
1977-06-30,19.21,17.46,16.0,9.21,17.83,12.25,14.96,08.04,12.71,11.5,15.67,15.04
1977-07-01,15.41,16.29,17.08,6.25,11.83,11.83,12.29,10.58,10.41,7.21,17.37,7.83
1977-07-02,15.59,15.87,15.34,8.46,13.62,11.79,13.08,11.96,11.63,11.79,24.5,17.33
1977-07-03,6.25,12.62,9.0,4.83,10.54,8.96,7.33,8.29,8.54,10.21,19.79,12.5
1977-07-04,6.71,12.17,04.08,4.71,10.04,7.83,4.17,6.46,8.58,9.42,15.54,10.79
1977-07-05,5.79,1.13,7.33,2.37,1.58,2.62,4.21,02.08,6.17,4.21,10.0,05.09
1977-07-06,4.46,03.08,9.71,02.08,3.13,4.42,6.21,0.21,5.79,3.33,6.87,7.17
1977-07-07,8.87,9.21,6.5,1.92,8.12,4.21,4.29,5.25,2.83,3.37,8.21,7.87
1977-07-08,18.08,12.25,13.88,07.04,10.37,7.58,8.42,7.92,8.12,9.0,12.71,12.46
1977-07-09,8.96,8.79,20.33,6.42,8.25,6.96,8.87,6.87,6.42,4.17,14.62,6.25
1977-07-10,8.58,5.0,16.33,04.04,7.29,7.21,8.42,4.33,9.29,6.0,10.46,4.5
1977-07-11,7.25,4.17,15.71,3.46,2.83,5.66,6.79,2.79,5.71,4.92,8.42,5.58
1977-07-12,6.58,2.75,12.5,3.13,06.08,7.67,09.04,05.09,7.17,3.75,14.58,6.17
1977-07-13,4.63,03.08,14.33,4.58,5.0,5.79,6.79,3.92,4.67,03.08,12.0,05.04
1977-07-14,4.79,2.46,8.46,2.75,4.42,2.67,6.17,0.37,3.79,2.5,4.5,6.34
1977-07-15,9.38,5.21,6.38,3.5,5.58,06.08,7.17,5.13,5.71,5.37,11.0,10.37
1977-07-16,11.0,6.87,7.54,3.46,6.58,4.29,09.08,5.66,5.5,05.09,12.46,13.5
1977-07-17,18.63,13.54,14.17,8.79,15.54,11.29,14.17,12.08,12.38,11.34,18.25,19.04
1977-07-18,15.46,10.75,11.12,9.0,15.67,12.04,18.16,12.42,11.83,14.0,18.12,18.75
1977-07-19,14.04,12.71,11.0,7.92,15.59,12.04,17.5,11.63,12.46,10.67,17.92,18.0
1977-07-20,16.25,9.33,10.63,7.96,11.71,9.25,15.29,7.62,10.21,11.83,11.63,18.21
1977-07-21,5.5,8.42,7.92,2.96,8.46,6.46,7.83,2.71,7.38,5.88,10.37,10.0
1977-07-22,08.04,10.37,9.67,4.25,9.96,8.29,13.21,09.08,10.04,9.59,16.58,13.08
1977-07-23,18.79,14.96,15.92,8.87,13.21,12.04,15.5,12.83,12.75,15.25,18.08,19.04
1977-07-24,13.33,13.62,11.5,9.38,15.12,11.58,17.21,11.83,11.63,12.71,16.92,23.21
1977-07-25,20.33,16.25,13.67,11.79,15.59,12.29,15.41,9.83,11.04,13.33,15.34,23.29
1977-07-26,12.79,7.92,8.21,5.71,11.42,7.33,11.58,6.46,7.79,08.08,10.63,15.63
1977-07-27,13.17,7.87,6.46,5.25,9.38,6.71,9.42,4.83,7.12,06.08,9.83,11.0
1977-07-28,10.63,7.0,11.42,4.63,6.96,6.25,9.21,5.75,6.96,7.58,9.0,12.96
1977-07-29,8.75,3.96,6.87,3.92,4.42,4.79,7.38,02.04,4.54,04.08,9.96,11.71
1977-07-30,10.88,07.04,5.17,4.25,7.54,6.17,7.41,4.29,6.87,7.71,8.12,12.79
1977-07-31,8.42,3.88,07.08,4.33,3.63,3.5,7.21,2.0,04.08,4.67,6.87,12.29
1977-08-01,4.33,2.96,4.42,2.33,0.96,01.08,4.96,1.87,2.33,02.04,10.5,9.83
1977-08-02,5.46,5.0,7.96,2.88,6.17,4.5,8.87,3.0,4.71,4.17,9.62,10.29
1977-08-03,11.29,6.58,9.54,4.67,7.0,5.83,9.62,4.33,7.12,4.5,11.42,10.41
1977-08-04,16.79,14.12,15.16,7.17,13.59,10.79,14.88,9.59,13.0,11.71,15.41,15.79
1977-08-05,8.75,8.87,11.42,4.92,05.04,5.46,9.0,4.42,5.79,6.83,9.46,13.0
1977-08-06,6.71,2.71,13.37,2.88,1.71,2.79,6.34,1.75,3.54,2.75,4.58,7.29
1977-08-07,4.54,3.67,6.75,2.29,1.54,2.37,07.04,01.04,3.96,3.5,4.25,7.38
1977-08-08,3.92,03.08,4.54,1.42,1.92,2.17,4.46,1.38,3.63,2.79,3.75,9.87
1977-08-09,5.79,2.5,5.46,1.92,1.42,1.96,3.71,1.13,2.33,1.79,5.91,05.04
1977-08-10,05.04,10.25,5.41,3.79,6.63,5.37,5.83,3.75,5.75,5.88,11.96,9.83
1977-08-11,6.87,11.87,5.79,5.25,8.67,7.54,6.5,4.58,7.21,6.25,11.79,11.08
1977-08-12,6.29,13.25,4.75,3.54,9.29,7.17,7.21,3.67,5.54,7.0,06.04,12.25
1977-08-13,12.0,16.33,4.88,3.88,10.63,7.54,6.54,6.29,07.08,6.75,12.96,16.96
1977-08-14,7.58,6.67,6.96,5.46,7.5,8.63,7.87,5.33,7.17,5.83,9.75,11.75
1977-08-15,3.17,2.92,07.08,2.75,1.13,3.71,7.67,1.0,5.63,5.33,5.63,12.54
1977-08-16,11.71,7.79,18.0,6.21,7.71,9.25,15.37,7.54,10.75,8.38,10.21,16.0
1977-08-17,13.67,10.58,27.88,10.0,10.75,10.63,19.17,8.12,11.34,10.46,13.13,11.92
1977-08-18,10.08,4.83,18.0,04.04,5.41,4.25,9.17,3.75,4.96,3.46,7.62,6.29
1977-08-19,6.5,3.42,11.75,3.42,4.46,4.17,7.12,1.33,4.29,3.29,05.04,3.96
1977-08-20,10.88,5.58,12.75,5.41,6.58,4.88,7.46,2.83,5.83,3.96,6.58,03.08
1977-08-21,11.83,5.37,8.63,4.58,4.12,2.79,7.96,2.83,4.38,1.5,6.5,8.5
1977-08-22,6.79,6.21,15.21,3.63,3.5,4.29,9.21,1.54,4.67,3.92,4.71,11.21
1977-08-23,11.83,12.42,10.04,6.63,12.67,8.67,8.54,6.83,7.96,7.21,10.63,10.5
1977-08-24,13.62,9.25,17.0,6.54,8.83,11.0,16.29,06.04,10.83,12.58,8.83,23.42
1977-08-25,11.04,9.59,9.96,3.96,11.42,7.62,9.67,3.33,7.79,4.58,8.21,6.79
1977-08-26,9.92,12.33,9.21,5.29,13.0,7.25,10.67,9.21,7.25,9.21,18.84,24.08
1977-08-27,19.38,11.08,17.83,8.0,9.13,8.38,10.54,5.66,7.17,07.08,10.0,14.29
1977-08-28,10.88,11.25,10.29,2.71,6.79,7.79,09.08,12.0,9.13,8.75,22.29,20.67
1977-08-29,12.17,8.21,11.34,5.17,9.67,8.0,11.58,10.0,9.25,9.5,17.67,20.88
1977-08-30,9.79,3.58,8.92,3.83,3.21,4.17,7.46,1.87,2.96,1.58,9.54,5.96
1977-08-31,7.62,7.29,10.75,3.5,4.79,4.75,7.46,4.83,4.58,3.96,11.75,10.58
1977-09-01,17.37,16.33,16.83,8.58,14.46,11.83,15.09,13.92,13.29,13.88,23.29,25.17
1977-09-02,12.75,11.87,11.17,6.54,12.92,10.25,14.37,11.04,10.41,12.5,18.96,24.25
1977-09-03,11.12,11.75,9.38,4.63,10.0,8.46,12.12,9.17,7.67,08.04,19.38,19.12
1977-09-04,19.25,15.83,17.0,7.5,15.04,12.54,16.04,12.71,13.04,15.04,21.71,26.12
1977-09-05,9.0,10.5,8.17,4.71,9.71,7.46,11.63,7.29,9.25,8.58,16.25,20.58
1977-09-06,16.66,12.42,14.12,7.92,12.12,9.21,14.46,8.0,10.29,9.75,14.25,17.0
1977-09-07,6.46,3.17,4.75,01.08,3.37,4.21,8.17,2.75,4.88,4.33,11.5,17.33
1977-09-08,10.92,7.46,8.38,4.83,9.21,7.21,10.58,5.13,8.33,6.87,12.0,14.54
1977-09-09,11.38,11.34,10.71,5.33,8.42,8.5,11.75,8.83,8.21,7.33,15.87,17.29
1977-09-10,15.75,15.54,18.5,8.83,13.88,11.04,20.46,11.08,12.46,9.79,17.21,15.41
1977-09-11,10.29,8.75,12.25,6.21,10.29,10.83,14.04,10.67,12.42,12.08,17.12,22.92
1977-09-12,8.79,6.96,8.92,4.17,03.04,4.38,7.92,2.75,4.25,5.5,7.0,14.09
1977-09-13,3.88,4.42,4.29,1.54,2.79,2.83,4.58,2.88,3.92,3.92,9.21,11.87
1977-09-14,3.21,3.54,4.92,1.63,2.29,03.04,8.58,1.63,4.75,5.21,9.29,17.04
1977-09-15,4.58,2.25,8.71,1.38,2.46,1.42,2.42,0.42,1.79,0.83,4.83,8.58
1977-09-16,12.04,5.21,11.25,3.63,7.71,8.12,13.46,7.41,9.33,6.96,10.71,16.17
1977-09-17,12.71,12.71,14.0,4.46,9.38,7.5,10.58,06.04,6.96,5.71,11.0,14.04
1977-09-18,10.34,6.54,13.96,3.21,5.46,5.83,8.38,3.0,5.0,04.04,8.58,6.54
1977-09-19,9.92,4.63,11.83,3.33,3.67,4.5,8.5,2.42,4.58,3.42,6.92,7.29
1977-09-20,9.38,7.33,10.37,2.96,5.37,4.79,7.5,2.83,4.96,4.21,7.29,8.87
1977-09-21,6.46,2.71,8.21,2.42,4.29,2.83,5.13,0.29,1.67,0.29,4.33,02.08
1977-09-22,8.92,11.42,7.0,1.87,7.54,3.29,5.0,3.67,4.83,04.08,8.63,9.71
1977-09-23,24.79,23.09,15.71,10.0,20.58,14.46,15.21,12.46,11.71,11.75,16.79,18.25
1977-09-24,17.0,13.13,18.38,10.41,14.37,16.08,20.12,12.58,14.75,17.79,17.54,27.04
1977-09-25,13.83,12.46,12.46,4.46,11.12,8.42,11.08,10.29,8.92,9.0,15.16,16.88
1977-09-26,12.5,12.04,12.08,06.04,9.71,8.87,8.67,10.21,9.54,10.34,14.92,15.59
1977-09-27,14.5,15.54,11.67,7.58,10.37,7.54,9.83,9.46,9.0,07.08,12.08,13.21
1977-09-28,19.83,18.05,15.46,12.54,21.34,15.34,21.09,18.05,16.42,16.46,23.75,29.63
1977-09-29,20.33,17.04,17.25,10.96,21.71,13.37,20.3,14.67,16.46,15.04,23.79,28.84
1977-09-30,20.21,18.25,17.75,10.41,19.7,13.13,21.12,16.04,15.75,15.37,22.17,25.46
1977-10-01,16.75,15.34,12.25,9.42,16.38,11.38,18.5,13.92,14.09,14.46,22.34,29.67
1977-10-02,7.41,5.46,7.62,2.92,6.75,5.33,10.79,6.17,7.83,7.0,9.75,16.29
1977-10-03,14.62,13.54,14.29,05.09,10.13,8.21,10.17,9.75,10.08,6.87,14.62,15.16
1977-10-04,13.33,14.33,9.62,5.63,12.79,8.63,11.21,9.59,9.92,7.71,14.79,16.29
1977-10-05,7.33,6.34,6.54,1.42,6.63,4.58,7.75,5.83,7.0,6.87,11.54,15.71
1977-10-06,17.25,18.08,21.0,8.75,11.75,8.17,14.96,12.0,10.63,10.08,19.79,21.67
1977-10-07,9.75,8.96,09.08,4.58,9.75,7.33,10.88,9.87,9.13,09.04,12.17,17.37
1977-10-08,8.0,4.25,08.08,2.83,5.37,6.54,10.41,10.08,9.96,10.04,16.38,18.25
1977-10-09,16.33,15.41,11.79,8.21,16.58,10.71,15.25,13.33,11.79,9.75,17.58,13.46
1977-10-10,12.21,11.54,7.62,3.71,8.0,6.21,9.75,6.71,6.75,6.34,09.04,13.21
1977-10-11,25.92,20.46,20.96,13.46,18.05,13.67,16.29,17.37,16.58,17.46,24.25,24.04
1977-10-12,16.83,15.83,14.67,8.25,16.5,12.87,16.71,17.92,14.83,17.12,26.58,28.46
1977-10-13,13.88,14.83,11.79,5.66,12.67,8.67,10.58,13.0,10.5,7.41,16.42,15.83
1977-10-14,13.21,14.04,13.08,7.46,13.62,10.37,12.54,12.12,12.79,7.92,15.21,20.25
1977-10-15,17.0,18.08,15.67,8.38,15.46,14.58,18.21,14.71,14.5,8.38,16.29,22.79
1977-10-16,13.08,18.41,11.29,4.75,14.71,10.5,11.29,13.17,11.67,8.96,16.21,20.38
1977-10-17,12.5,14.79,12.54,5.79,12.46,13.29,13.33,09.08,10.21,6.63,12.54,16.17
1977-10-18,13.5,13.7,13.7,6.96,12.17,11.58,12.17,11.17,13.46,9.75,12.29,20.79
1977-10-19,15.34,11.21,13.79,7.87,9.21,9.87,12.04,11.96,12.67,11.46,15.29,17.12
1977-10-20,8.33,10.13,10.04,3.21,6.25,6.58,8.92,8.0,7.67,7.54,10.96,13.17
1977-10-21,14.62,13.37,13.75,8.29,10.88,9.21,11.83,9.92,12.83,9.79,10.63,12.58
1977-10-22,18.25,11.5,15.16,6.13,9.25,7.33,10.58,9.71,9.75,10.37,14.54,18.63
1977-10-23,22.29,20.08,16.0,7.87,14.0,12.5,16.5,14.46,13.7,12.71,21.25,21.59
1977-10-24,15.79,11.21,12.67,7.25,9.67,9.46,14.88,11.92,11.63,10.63,19.41,22.58
1977-10-25,10.67,12.71,8.83,04.08,8.12,8.79,9.79,12.83,8.46,8.92,21.87,18.38
1977-10-26,20.04,18.05,15.25,8.83,13.79,12.42,13.0,14.67,13.96,14.09,28.75,25.84
1977-10-27,11.79,13.96,8.54,06.04,12.17,8.5,13.25,12.29,11.25,11.17,24.67,24.96
1977-10-28,14.25,12.83,11.12,4.79,12.83,9.33,14.92,14.54,13.37,10.37,22.67,23.42
1977-10-29,23.91,18.41,16.42,10.96,14.46,12.08,14.37,16.21,14.5,16.5,25.66,25.41
1977-10-30,27.71,20.08,25.12,15.0,13.54,12.92,18.05,17.41,14.54,16.79,26.67,27.12
1977-10-31,13.25,15.83,9.13,5.79,11.21,8.21,11.75,8.42,9.87,8.42,16.71,18.54
1977-11-01,16.71,11.54,12.17,4.17,8.54,7.17,11.12,6.46,8.25,6.21,11.04,15.63
1977-11-02,11.54,10.92,7.38,3.92,9.0,6.67,8.46,7.87,7.5,6.42,15.16,15.5
1977-11-03,15.59,18.91,12.33,8.75,15.46,9.96,18.29,12.79,12.42,10.92,20.96,27.5
1977-11-04,14.62,14.17,10.54,4.75,10.13,8.38,12.62,9.25,9.13,8.75,14.83,19.79
1977-11-05,20.33,17.75,16.46,9.0,13.5,10.63,15.29,13.17,12.42,12.96,16.96,20.38
1977-11-06,20.38,19.67,15.63,9.17,14.5,12.12,17.46,17.04,13.88,15.25,24.37,28.12
1977-11-07,21.17,17.16,19.33,10.21,14.88,12.21,19.33,09.04,12.83,11.21,16.71,19.38
1977-11-08,16.17,16.83,15.29,6.13,14.5,11.58,16.88,13.79,13.13,12.67,24.71,26.87
1977-11-09,16.66,18.21,15.34,7.62,11.58,10.79,12.12,12.0,10.58,8.75,15.79,15.25
1977-11-10,23.91,23.79,20.04,13.46,15.34,13.96,17.79,22.5,15.71,19.12,33.34,26.38
1977-11-11,30.84,30.34,26.42,18.05,25.8,17.71,24.13,21.29,19.21,20.71,25.84,29.58
1977-11-12,21.12,22.71,14.37,10.92,21.59,12.58,19.29,16.38,14.33,12.83,23.42,30.13
1977-11-13,15.25,13.96,11.54,8.75,14.29,10.96,16.21,13.25,13.54,13.21,18.75,27.75
1977-11-14,27.92,25.25,19.33,18.71,28.46,19.5,28.16,24.0,20.79,22.58,30.91,38.66
1977-11-15,23.21,17.83,13.54,12.5,16.13,11.83,18.79,14.54,13.54,14.21,22.21,32.42
1977-11-16,18.79,18.63,12.62,8.25,15.16,10.54,13.54,12.25,10.67,6.63,21.5,17.41
1977-11-17,22.29,15.63,16.42,8.25,10.92,8.83,13.59,10.04,10.17,10.29,17.37,27.25
1977-11-18,11.34,4.38,11.75,4.17,6.42,4.83,11.38,6.83,7.38,6.96,12.62,20.83
1977-11-19,17.21,18.88,14.54,10.46,17.0,12.0,19.92,14.09,14.67,13.17,22.25,29.29
1977-11-20,20.46,18.66,16.71,08.08,10.41,7.71,13.33,9.83,10.41,8.71,17.16,26.08
1977-11-21,20.38,16.25,18.46,10.0,10.88,9.92,14.17,11.58,12.08,11.63,20.75,31.42
1977-11-22,16.29,10.63,12.21,06.08,8.42,8.0,13.46,9.17,9.83,10.63,14.92,24.21
1977-11-23,18.0,19.87,15.0,11.42,19.38,13.75,23.83,19.7,17.37,16.58,26.38,34.83
1977-11-24,18.46,13.0,14.0,9.87,9.5,9.54,17.08,10.63,10.34,14.79,14.25,31.88
1977-11-25,5.88,4.46,8.46,1.0,1.79,1.96,7.54,02.08,2.13,1.79,2.13,8.12
1977-11-26,9.83,11.63,5.33,0.25,3.92,2.46,04.04,5.46,1.87,3.54,6.92,10.37
1977-11-27,9.75,10.58,8.71,0.83,7.12,4.83,4.0,6.79,03.04,3.92,10.0,10.46
1977-11-28,8.67,10.83,9.25,1.58,2.17,1.71,5.71,3.17,2.13,04.04,04.04,7.71
1977-11-29,9.0,6.75,5.21,0.71,02.08,0.96,1.87,1.38,0.0,0.04,6.13,8.46
1977-11-30,6.63,4.12,8.46,0.46,3.79,1.75,2.13,2.21,0.21,1.29,05.04,8.33
1977-12-01,13.37,10.92,12.42,2.37,5.79,6.13,8.96,7.38,6.29,5.71,8.54,12.42
1977-12-02,21.79,15.12,20.96,10.25,15.96,15.0,20.33,14.54,14.83,14.17,15.34,24.3
1977-12-03,26.2,24.87,24.17,11.25,22.71,20.21,24.08,18.96,17.88,18.38,19.55,29.95
1977-12-04,25.17,23.91,22.04,11.54,22.0,21.34,22.46,21.84,16.21,18.16,22.54,28.12
1977-12-05,16.33,17.04,19.25,9.21,14.29,14.0,20.21,15.34,13.83,15.04,16.38,25.84
1977-12-06,10.63,4.38,15.09,5.75,7.96,8.75,18.34,13.46,12.29,11.04,12.62,31.96
1977-12-07,14.71,11.54,16.58,6.83,11.92,12.58,15.75,17.12,13.7,14.0,16.04,33.45
1977-12-08,6.63,4.54,10.83,3.75,4.58,4.75,9.0,6.42,5.33,4.79,8.12,15.83
1977-12-09,15.63,15.63,15.67,6.79,12.42,11.04,14.17,10.54,11.38,10.71,12.96,19.58
1977-12-10,15.29,14.62,11.71,5.21,10.13,8.21,9.75,11.5,10.21,10.83,18.0,20.0
1977-12-11,20.79,13.96,17.92,7.5,10.25,8.75,12.33,7.92,8.92,7.46,9.5,11.21
1977-12-12,11.71,14.09,11.25,5.71,12.62,8.38,12.33,7.71,9.38,7.29,11.67,12.42
1977-12-13,11.38,13.04,12.38,3.58,8.63,8.75,13.42,13.17,10.37,10.13,16.66,15.04
1977-12-14,10.96,11.42,11.79,2.96,7.0,7.92,13.79,13.96,9.38,11.38,19.67,21.75
1977-12-15,7.75,12.08,6.75,2.21,6.54,4.5,7.58,7.75,6.25,5.54,09.04,12.58
1977-12-16,8.25,9.17,6.79,3.33,07.08,5.46,6.54,3.75,7.21,05.09,7.46,12.67
1977-12-17,5.41,4.83,7.38,1.21,4.0,1.71,2.67,1.25,1.33,0.67,2.29,9.87
1977-12-18,4.92,2.21,05.09,1.13,2.37,2.33,2.71,1.71,3.46,2.5,2.37,7.54
1977-12-19,7.5,7.71,6.25,3.37,9.17,6.71,4.79,4.12,6.71,04.04,5.83,11.29
1977-12-20,13.0,16.33,14.29,7.25,13.79,10.21,11.67,9.83,11.38,6.42,11.67,11.46
1977-12-21,17.62,17.88,18.71,8.67,14.17,14.54,14.17,13.88,11.87,10.5,13.83,24.33
1977-12-22,19.7,14.37,17.0,9.83,11.42,10.25,10.71,9.42,10.83,11.29,13.83,17.62
1977-12-23,19.58,15.16,17.79,9.87,11.58,10.41,12.96,8.17,8.92,7.29,11.42,12.79
1977-12-24,17.79,14.25,14.75,11.67,17.67,12.62,21.75,13.54,15.25,12.96,16.88,23.16
1977-12-25,10.29,8.54,9.33,3.17,8.21,6.46,10.96,8.67,9.62,7.5,13.08,15.34
1977-12-26,11.96,14.58,9.75,04.08,10.54,7.75,11.96,9.87,10.92,7.79,15.12,14.42
1977-12-27,22.08,18.16,15.16,11.04,13.75,10.67,16.08,12.54,11.12,10.54,19.46,26.96
1977-12-28,19.7,12.75,15.63,9.75,10.0,5.83,12.58,9.59,10.0,8.83,14.54,26.83
1977-12-29,14.33,10.41,9.92,7.12,14.21,9.42,15.71,11.75,12.33,10.75,15.5,23.71
1977-12-30,21.75,13.96,12.12,10.88,17.29,11.21,16.83,14.58,13.0,12.0,16.33,26.3
1977-12-31,15.09,7.62,8.79,07.08,10.63,7.58,15.59,11.54,12.25,09.08,14.12,19.55
1978-01-01,8.33,7.12,7.71,3.54,8.5,7.5,14.71,10.0,11.83,10.0,15.09,20.46
1978-01-02,14.62,11.83,10.5,7.41,14.21,9.62,17.08,13.46,13.5,11.67,22.63,27.92
1978-01-03,20.67,17.29,14.54,12.12,18.91,13.54,21.96,16.62,15.09,15.5,20.33,28.04
1978-01-04,12.96,10.67,7.62,6.42,13.88,8.5,8.38,11.83,5.91,3.75,14.29,15.29
1978-01-05,12.12,10.46,11.29,3.37,8.79,7.87,13.88,15.04,12.54,13.17,20.41,23.5
1978-01-06,16.5,13.83,14.21,6.42,9.87,9.54,11.29,12.87,11.12,13.21,20.41,21.62
1978-01-07,6.0,03.04,07.08,02.04,4.71,3.75,08.08,6.87,5.46,6.17,12.08,15.63
1978-01-08,9.21,11.58,6.63,02.04,8.38,7.83,8.12,12.04,7.25,10.46,19.75,20.75
1978-01-09,14.88,17.46,12.12,8.17,13.75,09.08,17.33,11.0,11.71,9.83,18.75,22.63
1978-01-10,16.38,21.54,14.42,9.42,16.83,9.5,16.62,10.29,12.17,10.29,19.46,19.79
1978-01-11,25.96,23.0,23.5,13.37,17.16,13.75,19.41,13.42,14.33,15.12,23.63,34.7
1978-01-12,13.0,8.67,18.66,6.29,6.38,5.29,11.58,4.54,5.91,6.13,9.87,19.79
1978-01-13,7.38,03.04,8.83,1.46,3.88,1.83,9.87,4.63,3.96,3.25,06.04,15.5
1978-01-14,4.67,01.08,08.04,2.79,2.33,0.71,4.17,1.21,1.67,2.37,3.96,10.63
1978-01-15,2.0,3.88,6.67,0.87,4.12,2.29,1.58,6.13,3.54,4.5,9.96,14.42
1978-01-16,14.79,11.92,12.83,5.37,8.5,05.04,7.87,6.38,07.04,5.46,8.75,13.25
1978-01-17,12.83,5.83,7.87,2.75,6.54,3.46,8.33,05.09,4.96,4.88,9.33,12.71
1978-01-18,12.92,10.63,12.42,4.79,11.87,7.67,7.92,8.5,08.04,8.12,13.62,17.0
1978-01-19,14.46,15.09,9.92,5.96,13.42,5.29,10.29,8.54,8.12,05.04,15.79,15.46
1978-01-20,15.0,11.75,10.21,6.46,11.83,7.17,13.79,11.79,10.92,10.08,14.88,19.58
1978-01-21,21.54,19.17,15.54,9.42,16.96,11.5,11.08,15.09,12.62,14.42,20.54,20.88
1978-01-22,15.12,14.62,10.79,7.71,13.88,8.38,15.71,10.08,11.92,10.25,13.29,20.38
1978-01-23,15.75,12.12,14.37,9.29,14.42,10.21,13.5,11.92,13.96,11.5,12.42,18.41
1978-01-24,11.21,5.37,8.17,6.83,7.41,6.58,13.92,8.54,9.75,8.83,12.29,25.75
1978-01-25,8.25,10.25,7.58,2.75,10.29,4.67,8.33,6.46,6.25,05.04,10.79,12.58
1978-01-26,13.08,11.29,10.04,6.67,13.75,7.0,16.5,10.88,12.04,10.96,17.88,26.42
1978-01-27,18.54,9.59,15.67,6.42,10.34,07.04,11.63,9.38,9.46,7.58,11.42,24.87
1978-01-28,35.38,29.88,18.0,15.96,26.92,15.67,15.87,26.34,15.04,17.75,34.42,35.83
1978-01-29,29.38,18.54,28.08,17.12,17.5,13.75,25.54,15.67,18.08,20.5,19.12,38.2
1978-01-30,9.62,8.71,9.59,2.71,7.58,3.54,06.08,06.08,5.33,4.46,10.41,12.83
1978-01-31,10.5,8.79,9.54,4.42,10.58,5.46,8.0,5.71,6.5,6.38,6.54,17.37
1978-02-01,27.25,24.21,18.16,17.46,27.54,18.05,20.96,25.04,20.04,17.5,27.71,21.12
1978-02-02,13.29,9.67,12.54,9.25,11.54,8.12,14.54,10.25,10.75,12.38,10.13,22.34
1978-02-03,7.5,11.25,8.54,2.96,10.92,6.87,8.12,7.41,8.46,04.04,11.75,17.58
1978-02-04,9.21,11.08,7.67,4.67,12.42,7.25,8.75,11.63,9.87,6.92,16.54,16.42
1978-02-05,14.04,14.5,9.25,5.75,14.29,7.0,13.46,09.04,10.08,06.04,15.87,15.63
1978-02-06,8.58,8.46,8.21,2.62,10.0,4.88,9.59,8.33,7.83,4.33,9.96,12.04
1978-02-07,3.42,0.79,06.08,1.29,3.46,0.58,5.5,1.83,2.67,1.46,2.17,7.21
1978-02-08,10.29,6.83,13.17,03.04,9.17,2.79,9.38,8.0,7.38,4.46,4.71,11.29
1978-02-09,13.33,10.25,20.3,7.0,10.41,5.96,15.71,9.13,9.33,6.54,5.37,11.96
1978-02-10,9.21,6.83,12.96,3.92,6.29,2.37,6.79,7.0,3.92,2.83,9.71,10.75
1978-02-11,19.7,11.67,12.38,5.88,11.38,8.63,05.09,12.71,09.08,7.17,10.63,17.88
1978-02-12,13.04,5.96,13.62,5.96,5.29,1.46,9.42,4.38,6.83,7.0,2.62,11.17
1978-02-13,13.79,04.04,9.67,6.83,6.0,5.17,09.08,07.08,6.79,7.87,8.71,22.34
1978-02-14,6.75,5.25,9.17,2.58,3.79,0.5,5.75,3.25,2.79,3.33,3.29,10.37
1978-02-15,21.79,23.09,16.25,6.87,16.58,10.79,11.87,14.46,10.79,8.58,11.96,19.41
1978-02-16,19.55,23.29,15.46,5.54,12.29,9.42,14.46,15.5,11.63,9.25,14.37,20.58
1978-02-17,14.67,17.75,13.5,4.67,10.21,8.29,13.33,13.59,10.04,7.79,12.12,17.79
1978-02-18,27.96,25.46,26.46,14.37,23.83,18.05,23.42,23.21,17.92,15.59,16.83,29.46
1978-02-19,26.34,13.5,28.96,14.71,19.38,18.54,27.71,23.67,22.08,16.38,15.75,31.96
1978-02-20,12.67,5.91,19.67,9.92,9.17,10.54,16.75,13.42,14.17,11.96,9.13,26.75
1978-02-21,13.92,13.67,11.92,4.88,10.54,7.83,10.08,9.33,8.46,5.91,6.63,14.62
1978-02-22,21.17,16.58,19.25,12.67,15.0,12.62,15.37,13.17,14.04,12.29,8.92,21.37
1978-02-23,15.34,15.0,15.83,10.08,12.25,10.88,13.0,12.17,14.42,10.17,9.62,19.79
1978-02-24,18.71,17.08,16.71,12.17,13.88,12.71,14.92,15.5,13.92,13.42,19.04,20.41
1978-02-25,5.54,9.21,10.63,4.54,6.79,5.21,9.87,6.83,8.83,06.08,7.83,16.75
1978-02-26,2.67,6.29,3.5,01.04,3.17,0.42,3.54,2.79,1.17,0.75,2.92,6.83
1978-02-27,16.29,13.88,13.21,5.5,10.25,6.79,6.29,10.25,7.92,6.38,6.83,12.83
1978-02-28,10.0,8.79,13.42,05.04,7.67,8.33,10.54,10.96,10.25,10.21,8.79,17.71
1978-03-01,15.04,6.21,16.04,7.87,6.42,6.67,12.29,8.0,10.58,9.33,5.41,17.0
1978-03-02,5.66,6.96,10.92,04.04,3.88,3.13,6.38,4.79,6.58,4.92,4.17,13.7
1978-03-03,3.96,7.25,5.17,1.71,04.08,1.58,2.29,3.25,1.63,2.17,2.79,7.0
1978-03-04,5.0,5.75,8.33,1.87,1.58,0.29,4.67,02.08,2.88,2.21,2.75,9.71
1978-03-05,12.62,17.37,9.83,5.96,10.92,8.29,06.08,10.71,10.08,7.62,10.71,13.21
1978-03-06,15.0,16.21,13.04,9.71,13.29,10.67,8.58,12.83,12.79,10.34,18.0,21.87
1978-03-07,18.0,17.5,17.12,8.96,12.58,12.75,14.17,13.75,13.42,13.17,21.84,22.0
1978-03-08,8.87,7.29,9.42,5.13,7.79,6.29,10.67,7.71,8.75,8.17,6.5,14.46
1978-03-09,8.54,14.17,11.29,4.17,7.87,7.38,2.79,10.04,8.46,5.13,16.13,15.67
1978-03-10,9.21,14.0,11.75,6.71,9.59,8.83,4.63,9.67,8.42,5.66,12.17,11.38
1978-03-11,11.67,12.21,12.5,5.75,10.13,7.41,3.63,09.04,09.08,6.29,13.04,15.29
1978-03-12,16.08,12.87,13.04,7.33,12.25,10.0,13.13,11.54,11.63,10.17,11.96,16.29
1978-03-13,21.04,19.0,17.75,9.71,12.67,10.71,11.79,13.0,12.92,11.17,14.37,17.83
1978-03-14,23.63,24.3,18.54,15.79,23.71,18.5,21.87,21.34,19.79,16.13,21.29,15.83
1978-03-15,15.63,16.17,12.0,9.62,16.33,10.04,16.08,10.5,12.83,8.83,16.33,19.25
1978-03-16,13.13,14.29,08.08,05.09,8.92,6.29,9.13,08.04,7.29,7.33,11.79,18.96
1978-03-17,9.54,7.0,10.41,3.29,5.21,3.83,6.5,6.54,5.17,4.63,5.13,11.08
1978-03-18,08.04,9.29,10.46,4.54,6.71,6.63,7.83,8.25,8.12,6.0,11.75,15.34
1978-03-19,18.41,18.08,14.54,11.54,17.67,14.37,17.0,18.29,15.63,14.0,23.75,27.16
1978-03-20,19.25,17.41,13.29,11.04,18.54,11.29,13.13,13.59,12.38,7.83,18.21,19.04
1978-03-21,17.54,15.92,12.54,9.17,14.75,10.0,14.29,12.83,11.92,9.5,17.71,22.17
1978-03-22,20.67,20.46,17.92,11.54,20.3,11.71,18.0,12.87,14.42,12.21,16.46,19.29
1978-03-23,19.7,21.46,14.71,12.58,21.54,13.04,20.12,18.58,17.33,13.7,23.29,28.29
1978-03-24,16.88,14.83,11.75,8.42,16.46,9.92,15.46,13.62,14.46,12.21,15.63,21.25
1978-03-25,18.21,19.95,14.37,11.12,18.88,12.29,17.25,13.83,14.83,11.71,19.58,24.71
1978-03-26,15.54,17.62,14.46,8.5,14.21,10.41,15.92,14.29,13.59,10.83,17.37,22.92
1978-03-27,22.88,20.3,19.67,13.67,20.79,15.75,20.17,19.21,18.46,15.16,22.42,27.84
1978-03-28,25.54,22.75,21.0,14.96,19.17,15.29,18.08,17.67,17.83,17.83,19.83,24.83
1978-03-29,17.16,16.66,17.46,10.96,18.46,13.04,20.08,14.21,17.25,15.0,19.0,24.83
1978-03-30,14.75,13.75,12.96,08.08,14.83,9.75,11.46,11.34,11.58,9.0,12.17,16.46
1978-03-31,09.04,5.63,13.0,6.34,6.75,8.0,12.54,10.21,11.25,11.12,9.71,22.29
1978-04-01,3.42,7.58,2.71,1.38,3.46,02.08,2.67,4.75,4.83,1.67,7.33,13.67
1978-04-02,8.21,06.04,3.58,2.29,4.25,2.17,4.71,5.75,5.96,4.71,8.71,14.88
1978-04-03,5.41,2.58,15.25,2.96,5.33,7.54,6.71,08.04,9.59,5.17,9.38,15.87
1978-04-04,8.42,6.67,24.04,5.71,8.33,9.29,9.83,7.17,9.54,5.71,10.96,8.38
1978-04-05,10.21,6.25,26.54,5.96,8.79,8.12,9.5,6.83,9.33,5.37,8.58,10.13
1978-04-06,8.58,06.04,18.38,4.38,6.25,6.42,7.58,5.33,07.04,2.96,6.17,9.46
1978-04-07,06.04,5.46,13.88,3.67,5.46,4.29,6.5,4.21,4.42,2.33,6.42,5.58
1978-04-08,4.75,2.92,10.41,2.0,2.58,1.46,02.04,1.67,1.42,1.75,5.13,6.54
1978-04-09,11.54,11.04,7.79,6.21,9.62,06.08,8.33,8.25,9.33,9.17,15.71,20.91
1978-04-10,17.12,14.17,16.04,8.96,10.96,7.96,11.79,10.46,9.83,10.71,16.79,22.71
1978-04-11,14.21,13.04,10.46,07.04,11.46,7.79,9.5,8.58,9.38,7.0,14.33,14.25
1978-04-12,14.12,13.04,9.25,8.33,10.79,8.25,8.58,7.75,8.29,8.25,11.21,12.87
1978-04-13,23.13,17.75,17.0,13.29,16.88,12.54,14.25,15.46,13.21,12.92,17.25,24.58
1978-04-14,10.04,4.42,9.71,5.46,5.71,4.96,9.46,5.54,6.83,8.71,5.58,12.75
1978-04-15,6.54,10.21,5.46,3.29,6.96,3.71,04.08,3.13,2.83,1.63,9.46,4.96
1978-04-16,15.71,16.83,9.5,6.46,13.29,7.92,5.83,10.96,08.04,5.96,10.29,8.42
1978-04-17,20.88,15.46,18.91,11.92,17.92,16.29,15.16,14.58,16.92,11.96,17.29,15.92
1978-04-18,8.12,8.12,8.12,2.29,9.92,04.04,8.12,04.08,5.37,6.25,06.08,14.92
1978-04-19,15.75,18.88,12.0,7.41,14.29,10.67,11.12,11.87,12.62,11.29,14.17,17.79
1978-04-20,24.41,27.71,19.87,13.92,26.38,14.79,11.25,13.79,13.25,11.0,12.79,18.84
1978-04-21,13.79,13.04,9.87,7.71,15.0,7.75,7.38,5.63,7.17,5.83,8.21,4.33
1978-04-22,13.67,19.38,8.38,6.38,14.83,9.92,9.5,10.21,10.67,9.54,13.79,14.33
1978-04-23,17.33,20.12,10.08,7.38,14.42,8.75,8.42,11.54,11.08,10.08,15.21,14.42
1978-04-24,15.12,11.92,11.63,7.83,12.54,11.42,9.5,15.04,12.67,11.21,15.46,18.21
1978-04-25,13.25,11.04,14.83,4.58,10.46,9.21,13.0,11.96,11.25,9.0,18.05,17.67
1978-04-26,8.38,12.58,14.17,4.46,8.12,4.75,8.54,09.04,6.87,3.71,13.42,10.83
1978-04-27,5.66,4.63,6.34,3.0,4.5,2.92,6.5,4.0,4.79,4.79,7.58,16.42
1978-04-28,6.29,7.62,3.58,2.21,6.71,2.25,3.33,4.5,3.17,2.25,6.17,12.17
1978-04-29,9.96,9.38,16.17,3.67,8.29,3.88,7.25,6.25,6.71,5.25,9.62,15.83
1978-04-30,14.09,13.75,21.54,7.46,13.04,11.83,17.16,12.83,13.7,13.79,14.58,26.92
1978-05-01,10.54,12.21,09.08,5.29,11.0,10.08,11.17,13.75,11.87,11.79,12.87,27.16
1978-05-02,13.83,11.87,7.92,04.08,10.41,7.25,9.62,11.83,9.33,11.04,13.13,23.21
1978-05-03,10.37,9.46,09.08,04.04,9.46,06.04,3.96,06.04,7.5,5.75,10.08,13.96
1978-05-04,4.67,9.71,5.41,2.46,7.67,4.83,5.96,7.58,5.33,7.67,11.38,10.67
1978-05-05,14.67,10.0,9.96,7.17,9.42,5.37,8.79,7.17,8.17,8.87,10.63,10.41
1978-05-06,10.46,5.75,8.33,3.83,4.46,3.29,5.41,2.92,3.96,3.79,3.29,5.54
1978-05-07,7.33,8.54,5.58,3.42,6.5,4.21,3.67,5.13,4.96,4.63,6.58,14.92
1978-05-08,9.0,9.5,7.54,3.96,8.67,07.08,6.34,8.12,7.83,6.83,8.54,16.5
1978-05-09,4.96,3.29,13.62,3.29,5.63,4.21,4.79,4.38,6.25,4.42,5.17,5.58
1978-05-10,05.09,4.29,4.79,1.87,3.71,3.17,05.04,5.75,4.58,3.37,12.5,5.96
1978-05-11,11.5,7.33,8.67,6.67,10.88,6.92,10.88,9.54,9.87,9.17,14.46,15.12
1978-05-12,24.46,15.21,14.29,11.67,17.54,10.54,13.79,13.83,12.38,12.17,17.58,21.37
1978-05-13,16.21,11.38,9.96,8.25,13.13,9.17,10.08,10.08,9.38,11.08,12.87,15.04
1978-05-14,14.21,10.25,6.34,6.58,13.08,6.29,4.58,8.96,6.5,6.17,10.75,4.83
1978-05-15,6.34,4.63,4.83,01.04,4.96,1.17,2.37,2.92,2.42,02.08,7.58,3.88
1978-05-16,4.29,2.33,4.54,1.92,2.71,1.21,3.33,2.33,1.38,2.92,5.21,4.25
1978-05-17,4.75,4.12,6.79,2.29,06.08,2.58,3.88,5.71,4.75,5.54,5.75,7.33
1978-05-18,4.88,2.83,8.67,1.63,3.25,2.79,3.17,2.71,2.96,1.42,5.41,5.25
1978-05-19,4.25,1.63,5.88,1.75,3.58,2.5,03.04,5.25,5.54,4.21,5.91,6.21
1978-05-20,2.83,02.08,4.29,1.54,2.83,1.13,2.29,3.17,2.79,3.46,4.12,12.29
1978-05-21,2.42,3.54,7.46,1.46,2.75,0.54,03.04,1.67,3.42,4.5,4.33,11.58
1978-05-22,7.54,6.54,6.17,2.79,2.42,2.46,2.92,2.96,03.04,2.88,8.0,5.46
1978-05-23,11.87,15.5,7.92,5.17,8.96,4.58,8.5,7.0,7.67,08.04,14.62,14.67
1978-05-24,16.13,9.96,9.0,08.08,9.17,7.12,8.29,7.54,8.21,10.17,10.34,12.71
1978-05-25,3.92,3.37,05.04,01.08,5.88,03.04,3.92,6.71,3.46,4.46,11.83,11.5
1978-05-26,4.5,3.25,3.5,1.21,5.13,1.58,0.83,3.17,3.17,2.29,9.29,8.71
1978-05-27,3.46,2.37,04.04,1.46,1.75,0.04,1.67,1.29,1.0,0.96,6.29,5.63
1978-05-28,2.62,6.67,3.96,1.96,3.25,3.29,2.13,04.04,2.75,3.63,8.83,04.04
1978-05-29,3.25,7.33,3.5,03.08,05.04,3.17,4.88,4.46,4.96,06.08,11.87,6.42
1978-05-30,6.87,6.71,3.54,2.54,7.25,4.12,4.88,5.0,4.63,4.83,6.58,08.04
1978-05-31,9.17,12.38,4.25,4.38,9.62,8.17,4.83,09.04,7.96,9.5,11.38,15.21
1978-06-01,10.37,11.42,6.46,06.04,11.25,7.5,6.46,5.96,7.79,5.46,5.5,10.41
1978-06-02,7.75,10.83,7.33,4.12,10.34,06.08,2.79,4.88,6.5,4.96,9.17,6.42
1978-06-03,10.71,8.83,6.63,3.79,9.59,5.83,4.54,6.25,6.79,6.29,6.79,11.46
1978-06-04,16.83,13.54,9.96,7.62,12.96,10.0,5.63,9.54,9.79,10.0,9.71,16.33
1978-06-05,21.54,12.12,13.83,10.71,16.13,11.54,11.75,12.29,13.54,13.96,12.38,17.12
1978-06-06,10.04,9.92,9.21,5.17,13.25,9.96,9.29,9.75,10.58,8.58,14.25,16.08
1978-06-07,10.37,9.87,8.96,5.58,11.79,8.12,7.12,9.38,7.46,7.0,11.54,16.25
1978-06-08,7.5,7.83,5.75,4.0,07.04,4.46,6.34,6.13,06.04,8.54,11.21,19.46
1978-06-09,13.46,9.59,9.67,6.29,10.08,8.17,9.5,8.38,9.42,10.83,13.13,21.17
1978-06-10,12.54,9.17,10.04,6.17,9.96,8.46,8.71,7.41,9.67,10.13,10.29,17.54
1978-06-11,8.71,5.58,8.96,3.88,6.21,5.5,08.04,4.25,7.5,8.46,8.63,16.83
1978-06-12,7.0,6.63,13.54,6.0,7.41,7.25,6.58,7.67,7.79,8.12,10.58,15.25
1978-06-13,7.0,05.04,8.0,03.04,6.71,4.46,05.04,3.79,4.46,2.5,8.46,11.12
1978-06-14,5.17,8.21,7.21,4.42,09.04,6.96,4.75,6.92,7.75,5.33,12.21,14.79
1978-06-15,11.54,10.13,7.46,5.33,10.21,6.79,04.08,7.83,6.71,6.67,9.54,13.83
1978-06-16,15.16,15.41,25.7,11.25,11.04,10.75,16.5,11.79,11.63,11.29,16.0,19.17
1978-06-17,12.83,11.34,28.58,10.37,8.0,7.87,12.42,8.92,7.12,7.17,15.25,8.29
1978-06-18,7.17,4.63,8.46,4.79,7.54,4.21,1.71,5.33,3.92,2.5,7.75,8.25
1978-06-19,13.5,7.58,6.63,4.21,8.29,4.25,7.41,4.75,6.54,5.17,10.88,15.16
1978-06-20,9.96,7.96,7.75,3.46,7.5,05.09,4.54,8.46,5.88,5.88,13.0,15.75
1978-06-21,10.04,8.21,10.71,5.33,10.37,5.46,03.04,4.96,05.09,3.63,7.71,10.25
1978-06-22,8.46,9.25,6.92,2.37,6.96,2.96,6.21,5.0,5.5,3.54,9.79,11.92
1978-06-23,17.58,15.25,11.17,9.29,13.29,11.5,10.34,11.21,10.13,12.21,19.29,26.96
1978-06-24,17.58,12.38,10.13,10.41,16.33,11.0,12.67,11.83,12.25,10.83,17.0,18.71
1978-06-25,11.83,11.08,09.08,06.08,9.87,7.71,9.33,8.92,9.67,8.33,13.54,18.0
1978-06-26,13.92,8.17,11.21,7.38,11.83,8.46,9.42,7.0,09.04,8.63,10.67,14.54
1978-06-27,10.25,7.71,10.04,5.54,11.12,8.46,10.79,9.83,8.96,7.62,14.09,17.0
1978-06-28,09.08,8.5,9.54,6.54,12.5,09.08,14.0,7.79,11.34,7.33,10.79,15.92
1978-06-29,13.88,10.34,9.25,6.5,15.25,8.96,9.67,9.13,8.71,7.96,13.42,13.96
1978-06-30,9.83,7.71,9.42,5.91,10.0,7.87,9.17,8.71,09.04,7.58,12.46,14.42
1978-07-01,12.46,10.63,11.17,6.75,12.92,09.04,12.42,9.62,12.08,08.04,14.04,16.17
1978-07-02,16.04,14.42,12.75,10.46,15.79,11.17,11.92,10.34,10.79,5.33,10.41,15.0
1978-07-03,25.37,17.04,14.09,11.79,19.12,13.92,13.7,14.75,13.67,11.58,20.12,21.59
1978-07-04,25.84,17.41,17.71,14.83,16.25,14.83,13.7,15.5,14.71,17.58,19.62,28.25
1978-07-05,25.04,18.08,13.88,12.08,13.7,12.67,12.38,12.83,12.79,17.83,17.79,24.08
1978-07-06,18.21,10.71,13.08,9.83,10.54,10.17,11.79,11.25,11.54,13.92,12.54,19.0
1978-07-07,11.87,6.92,9.59,5.46,11.83,08.08,11.92,9.33,10.41,8.42,11.75,16.75
1978-07-08,11.5,10.71,9.29,6.63,13.5,9.38,11.67,8.58,9.71,6.92,11.38,11.42
1978-07-09,8.54,7.54,6.25,3.92,8.96,6.29,4.42,6.29,06.08,1.33,10.08,6.42
1978-07-10,4.12,4.29,4.58,1.96,3.88,3.29,3.88,2.83,3.17,2.79,4.71,5.83
1978-07-11,11.21,4.0,3.92,2.46,07.08,2.83,2.83,5.79,6.58,4.25,5.21,6.71
1978-07-12,6.67,2.17,3.63,0.75,3.58,1.13,1.63,1.33,1.5,1.5,4.17,2.13
1978-07-13,3.13,3.96,5.17,1.33,2.67,0.96,0.83,2.75,0.54,1.5,10.13,7.75
1978-07-14,6.25,2.62,8.0,3.13,4.96,3.46,3.17,4.58,4.12,4.17,11.63,9.75
1978-07-15,05.09,3.46,6.21,03.08,06.04,4.21,2.79,4.92,4.54,5.5,8.29,12.25
1978-07-16,4.71,2.21,6.0,03.04,4.12,2.54,2.33,2.58,3.33,2.79,6.25,8.63
1978-07-17,6.38,6.25,7.17,3.29,4.21,3.58,1.83,4.71,03.04,3.88,5.63,9.67
1978-07-18,15.0,8.0,7.62,5.29,11.38,6.34,7.17,8.0,8.83,8.33,11.21,12.21
1978-07-19,17.12,9.25,9.33,8.42,13.88,10.13,11.87,11.42,10.88,10.37,13.59,18.16
1978-07-20,13.83,6.63,6.83,7.71,10.13,7.75,7.58,5.66,7.54,07.04,8.58,13.08
1978-07-21,9.71,10.54,8.67,3.96,7.5,6.17,4.67,7.83,6.87,5.33,15.59,8.5
1978-07-22,19.58,17.88,17.08,10.29,15.37,13.88,13.83,17.12,14.09,14.04,24.17,21.96
1978-07-23,13.96,11.5,12.71,07.08,12.83,10.13,10.08,10.37,11.42,9.83,18.16,19.92
1978-07-24,12.67,10.08,10.54,5.71,12.92,09.08,9.33,8.58,10.41,8.12,15.46,19.29
1978-07-25,12.25,12.33,15.29,7.58,10.17,8.5,8.42,8.79,9.87,09.08,16.92,17.04
1978-07-26,13.13,13.7,12.21,5.46,9.46,7.79,07.04,9.33,8.42,5.46,14.29,9.96
1978-07-27,14.96,14.62,15.63,9.25,13.29,12.46,10.5,12.87,13.67,13.17,20.12,20.38
1978-07-28,10.83,13.59,9.79,6.54,11.08,9.92,9.92,11.96,10.67,9.67,19.55,17.08
1978-07-29,8.0,7.87,6.58,5.75,7.38,7.12,04.08,5.79,6.13,6.17,11.63,10.63
1978-07-30,13.37,10.79,7.62,6.13,5.13,06.08,2.92,6.5,5.96,5.37,8.38,7.71
1978-07-31,20.58,13.08,14.83,11.04,12.04,9.54,12.17,10.04,10.88,10.41,10.71,19.08
1978-08-01,19.33,15.09,20.17,8.83,12.62,10.41,9.33,12.33,9.5,9.92,15.75,18.0
1978-08-02,11.83,8.71,10.71,5.41,7.62,4.54,4.5,5.13,4.79,1.5,10.25,5.17
1978-08-03,10.46,5.58,6.34,4.75,8.87,6.29,9.62,6.17,7.54,5.58,8.38,10.67
1978-08-04,5.25,5.58,6.46,2.13,3.29,2.25,5.54,0.83,4.42,2.37,5.46,12.71
1978-08-05,10.5,9.92,7.5,1.87,7.92,2.79,1.38,1.29,2.71,0.79,5.66,3.92
1978-08-06,9.38,8.46,08.08,4.17,8.71,5.17,6.92,02.08,6.58,4.17,7.38,10.29
1978-08-07,13.04,9.87,8.29,4.46,7.17,5.54,5.96,5.41,6.71,5.54,9.83,14.54
1978-08-08,13.54,7.46,6.21,6.58,9.79,8.63,7.75,6.79,7.71,6.63,10.25,15.59
1978-08-09,7.38,3.79,5.58,3.37,4.5,4.5,3.17,1.87,5.17,3.42,5.46,7.12
1978-08-10,5.63,13.13,4.54,3.21,7.96,5.63,03.08,05.09,5.79,3.25,10.63,5.91
1978-08-11,13.5,13.96,11.0,8.12,11.63,9.21,6.42,8.63,12.75,10.29,14.17,15.79
1978-08-12,5.88,6.87,7.25,3.79,7.62,6.29,5.54,04.04,5.29,3.83,7.96,10.75
1978-08-13,11.83,12.12,10.58,4.0,08.04,7.12,6.25,9.92,9.21,6.67,16.54,13.79
1978-08-14,14.09,11.54,12.79,5.17,7.79,6.25,7.5,7.21,8.21,5.83,11.67,9.5
1978-08-15,14.37,12.08,11.96,5.83,11.54,8.79,8.54,6.63,9.29,5.91,9.29,10.17
1978-08-16,10.88,6.25,8.12,6.13,10.58,8.87,10.83,8.25,9.92,9.21,12.75,16.17
1978-08-17,8.0,12.92,7.71,3.79,9.17,6.96,4.79,7.58,8.46,5.46,17.58,13.46
1978-08-18,17.16,18.25,13.92,12.0,16.75,12.58,9.92,13.33,15.87,15.09,21.79,27.25
1978-08-19,5.41,06.04,10.41,3.0,05.04,5.29,3.88,5.58,7.5,6.71,14.96,9.25
1978-08-20,7.79,11.58,8.63,3.96,8.5,7.5,5.41,11.04,9.46,7.38,16.96,15.04
1978-08-21,14.92,14.42,15.0,7.96,13.0,10.79,12.38,11.42,13.46,9.96,9.29,7.41
1978-08-22,10.04,09.08,10.0,4.67,8.92,5.54,4.33,3.54,7.21,4.71,6.92,12.96
1978-08-23,03.04,2.13,6.42,1.42,2.58,1.21,1.25,1.38,5.0,3.5,6.67,11.42
1978-08-24,3.88,2.37,4.79,1.67,2.5,1.67,1.33,2.46,4.21,3.17,8.67,16.04
1978-08-25,03.04,2.96,5.71,1.71,2.42,2.67,1.46,3.58,5.25,4.0,8.58,9.75
1978-08-26,4.33,2.71,11.83,2.21,1.63,04.08,0.75,0.54,3.13,2.0,08.04,7.46
1978-08-27,4.21,1.75,6.21,2.21,1.42,2.58,1.54,1.58,2.88,3.79,8.75,9.59
1978-08-28,3.5,1.92,6.25,2.25,1.25,2.0,2.42,1.33,3.63,3.54,5.0,11.75
1978-08-29,12.0,6.17,9.59,4.25,5.25,5.5,6.92,3.17,7.75,5.54,9.29,14.62
1978-08-30,13.25,7.79,10.54,6.0,6.71,7.17,7.58,4.5,7.25,5.71,8.96,10.71
1978-08-31,11.54,5.54,7.41,4.67,7.62,6.17,8.87,5.25,7.83,6.17,11.58,16.88
1978-09-01,8.42,6.13,9.87,5.25,3.21,5.71,7.25,3.5,7.33,6.5,7.62,15.96
1978-09-02,4.75,1.63,6.83,1.87,1.96,4.58,6.13,1.83,5.21,2.13,8.83,15.21
1978-09-03,4.17,05.04,3.88,0.83,1.25,4.5,4.12,1.42,4.42,3.63,5.46,6.92
1978-09-04,7.5,11.67,3.42,2.54,6.79,6.67,05.09,3.92,6.54,3.88,9.13,10.88
1978-09-05,5.83,7.33,4.96,1.5,3.67,6.58,3.25,3.71,06.04,3.13,7.17,8.96
1978-09-06,10.08,11.96,10.37,4.63,9.67,9.25,7.38,08.08,8.87,7.38,10.25,15.09
1978-09-07,9.79,9.29,7.83,5.25,10.21,11.12,9.21,9.46,9.79,07.08,15.41,15.34
1978-09-08,15.54,14.62,12.75,5.79,12.08,11.08,8.21,11.21,11.34,9.5,21.84,19.92
1978-09-09,15.21,16.21,17.04,8.58,15.63,15.37,15.29,14.33,15.29,13.33,22.58,25.96
1978-09-10,16.46,18.12,21.5,11.63,17.0,16.42,15.67,15.5,16.25,13.62,15.54,21.12
1978-09-11,19.38,11.75,14.09,12.17,18.05,15.75,18.5,16.0,15.21,15.75,21.42,26.42
1978-09-12,8.67,10.13,11.0,4.71,7.71,10.08,09.08,10.92,09.04,7.41,16.17,17.58
1978-09-13,13.08,11.87,13.59,6.46,11.21,12.0,12.62,10.92,12.67,9.83,15.5,17.79
1978-09-14,11.38,11.54,10.83,7.0,16.38,12.04,13.67,13.79,12.87,11.75,20.25,26.67
1978-09-15,11.5,11.87,11.34,7.46,13.59,13.21,14.96,13.21,13.33,11.17,19.25,25.17
1978-09-16,15.21,13.92,14.04,7.71,12.79,13.17,14.04,16.92,13.37,13.25,25.33,30.54
1978-09-17,5.25,3.46,6.38,2.54,06.04,6.83,8.25,5.37,6.87,7.54,11.04,19.92
1978-09-18,4.58,1.96,5.54,1.96,4.0,5.71,5.71,3.63,4.96,5.29,11.04,17.96
1978-09-19,2.67,1.21,4.38,0.79,4.42,4.0,1.21,1.21,03.04,0.71,4.71,5.13
1978-09-20,0.79,6.79,5.88,0.75,1.79,0.96,03.04,0.83,4.46,1.58,6.21,10.88
1978-09-21,4.46,11.38,9.59,2.67,5.17,4.83,5.5,8.87,6.13,6.34,18.38,15.09
1978-09-22,6.75,13.67,13.54,3.42,4.54,5.41,9.75,11.71,9.46,9.87,18.75,20.0
1978-09-23,10.04,13.08,12.62,4.21,8.96,8.17,11.25,13.17,11.17,11.67,19.92,18.29
1978-09-24,11.63,10.13,13.59,04.08,10.5,7.12,12.87,7.83,8.87,8.58,15.12,19.92
1978-09-25,9.79,11.0,8.25,5.13,11.67,7.54,12.75,9.79,10.46,11.0,20.25,26.54
1978-09-26,13.7,14.83,10.41,7.71,14.29,9.62,16.58,12.29,12.29,11.42,18.79,22.88
1978-09-27,14.04,13.21,09.04,7.58,14.42,9.33,13.79,9.83,11.67,10.21,16.54,19.92
1978-09-28,17.04,19.21,16.66,10.83,21.25,12.54,19.41,14.75,14.67,12.71,22.17,20.3
1978-09-29,22.95,18.21,13.29,13.33,25.33,15.63,22.21,19.7,17.0,18.12,26.83,33.5
1978-09-30,26.75,15.63,16.54,13.37,17.58,13.13,16.92,13.79,13.46,13.79,18.91,31.88
1978-10-01,9.5,6.83,10.5,3.88,6.13,4.58,4.21,6.5,6.38,6.54,10.63,14.09
1978-10-02,9.96,8.29,8.5,03.08,7.54,5.25,6.83,5.46,6.87,6.75,10.25,14.04
1978-10-03,9.92,7.67,6.54,3.63,9.79,6.67,9.25,7.5,09.04,7.46,14.5,21.42
1978-10-04,8.21,7.67,8.75,3.13,9.25,07.04,11.29,8.0,9.75,8.12,16.25,21.29
1978-10-05,12.25,13.54,14.54,6.92,11.71,11.25,15.34,13.7,13.96,13.42,21.29,28.16
1978-10-06,12.96,17.83,12.79,7.96,13.37,9.46,8.58,10.34,12.58,10.83,20.21,19.5
1978-10-07,15.09,21.0,14.33,7.92,15.79,10.83,09.04,10.46,13.33,10.34,18.41,20.71
1978-10-08,21.67,17.12,16.25,13.08,14.67,11.67,7.62,12.5,14.21,14.21,14.58,19.21
1978-10-09,13.54,11.17,12.71,07.08,8.75,8.25,7.62,9.59,8.63,10.58,18.25,19.87
1978-10-10,12.58,9.75,11.29,3.63,10.29,7.62,6.34,10.46,9.46,8.5,18.75,16.21
1978-10-11,15.41,10.25,12.83,10.96,11.29,12.17,11.29,11.17,14.62,15.37,14.25,20.04
1978-10-12,6.0,1.5,08.04,0.79,2.83,03.04,2.13,1.38,3.42,3.54,05.09,10.67
1978-10-13,4.29,03.08,9.92,2.54,3.54,04.08,3.0,1.63,3.67,3.13,5.83,4.58
1978-10-14,4.63,0.21,3.54,0.42,2.67,2.46,1.25,3.71,03.04,1.92,11.29,11.08
1978-10-15,10.83,8.33,6.42,3.75,8.38,06.04,7.41,6.5,7.79,7.96,11.92,16.79
1978-10-16,15.34,14.42,10.04,8.58,15.37,9.75,15.83,12.62,12.29,12.5,19.55,28.21
1978-10-17,18.91,15.63,13.29,10.25,13.29,10.08,12.62,10.17,09.08,12.58,15.67,23.87
1978-10-18,7.83,5.88,5.17,3.83,6.21,4.46,4.58,4.75,5.21,5.17,7.87,14.75
1978-10-19,4.46,4.17,4.83,2.83,6.54,5.21,5.54,6.54,7.41,8.46,13.13,17.92
1978-10-20,8.25,4.33,6.75,5.63,8.96,7.38,9.21,7.12,7.25,4.67,9.62,8.58
1978-10-21,7.21,5.37,6.25,2.79,7.25,5.91,9.67,6.92,7.71,6.75,13.29,15.79
1978-10-22,6.63,4.92,7.17,3.29,6.25,5.25,8.29,3.88,5.41,6.21,9.83,15.96
1978-10-23,5.37,10.21,9.13,4.12,8.96,7.79,11.0,9.46,10.41,9.79,17.16,22.37
1978-10-24,11.54,13.46,12.21,5.46,13.96,10.54,17.67,11.87,14.42,11.87,17.29,19.33
1978-10-25,9.54,4.67,8.75,3.67,8.83,6.92,16.17,7.75,11.0,10.34,13.46,19.12
1978-10-26,07.04,1.21,5.66,1.63,04.08,1.92,8.58,2.33,04.08,4.88,7.54,14.09
1978-10-27,02.04,5.37,05.09,0.33,1.67,3.0,1.83,5.66,02.08,5.17,13.08,12.62
1978-10-28,7.33,8.87,5.0,2.13,6.5,5.13,2.42,4.17,3.58,5.83,14.5,13.67
1978-10-29,9.67,10.13,10.88,05.09,8.25,06.04,3.42,5.33,7.67,8.96,18.38,17.21
1978-10-30,10.25,11.63,10.21,3.67,08.08,7.5,8.92,8.96,9.21,10.96,16.5,19.83
1978-10-31,8.58,4.29,10.79,4.29,04.08,2.71,4.63,01.04,3.67,2.75,8.71,10.67
1978-11-01,13.59,16.75,11.25,07.08,11.04,8.33,8.17,11.29,10.75,11.25,23.13,25.0
1978-11-02,9.33,10.88,9.92,5.37,10.04,7.87,10.0,10.04,10.63,10.08,17.58,18.34
1978-11-03,15.46,14.75,13.08,6.79,10.92,09.08,13.21,13.59,12.12,13.0,20.41,18.29
1978-11-04,18.75,19.04,16.58,9.96,10.96,11.75,14.58,13.92,11.67,13.5,20.46,19.92
1978-11-05,15.46,16.92,13.13,9.62,14.12,10.96,8.92,8.63,13.25,11.42,22.37,19.0
1978-11-06,14.92,18.79,14.75,10.29,15.79,9.59,12.21,10.34,12.79,12.46,19.95,24.41
1978-11-07,25.41,22.58,20.88,17.21,20.3,16.29,19.29,15.12,18.46,16.25,18.91,27.96
1978-11-08,10.88,8.12,9.46,4.96,9.17,6.75,8.87,7.62,8.38,9.62,17.33,19.5
1978-11-09,12.79,13.67,7.29,3.17,10.83,8.42,6.21,13.5,9.21,13.37,24.17,24.33
1978-11-10,7.38,12.12,7.79,2.46,7.0,6.67,5.91,5.88,7.17,9.13,15.16,16.79
1978-11-11,12.21,12.5,9.71,5.29,8.63,7.67,4.12,7.92,7.92,9.21,17.0,15.63
1978-11-12,20.41,18.88,14.17,10.41,15.5,10.08,14.96,13.5,14.25,15.59,22.63,29.04
1978-11-13,18.79,17.96,14.62,7.21,12.29,10.29,16.5,12.5,13.42,14.54,23.79,24.33
1978-11-14,30.21,27.63,25.46,16.96,19.21,14.04,17.54,16.29,13.96,13.62,20.58,27.42
1978-11-15,23.67,23.45,20.08,15.96,20.83,16.0,20.12,18.12,18.29,18.08,21.09,25.37
1978-11-16,17.58,18.12,14.54,9.21,17.88,11.21,17.67,12.29,14.12,12.25,23.58,26.67
1978-11-17,23.21,21.37,19.04,11.21,13.21,13.88,17.58,14.0,14.96,14.54,21.25,24.92
1978-11-18,16.79,12.79,18.38,7.41,8.25,7.67,12.08,10.0,11.04,12.75,16.0,17.88
1978-11-19,13.88,11.67,8.79,4.96,7.87,5.37,11.08,7.21,7.29,6.92,16.21,20.75
1978-11-20,16.46,17.71,13.88,7.33,13.62,9.75,16.08,10.63,12.46,11.96,21.09,23.5
1978-11-21,17.75,16.83,16.71,7.29,13.92,9.25,14.67,11.08,13.29,12.21,20.46,22.13
1978-11-22,17.58,16.38,16.17,7.0,13.37,11.5,16.71,12.17,15.04,14.29,19.08,26.34
1978-11-23,23.16,13.96,18.25,9.83,8.87,7.33,12.25,5.21,9.29,5.58,7.54,13.13
1978-11-24,14.83,9.92,10.34,4.21,7.41,3.75,7.17,4.12,5.66,5.71,12.87,13.59
1978-11-25,16.17,14.67,11.54,07.04,8.96,6.96,14.62,6.71,10.79,9.29,16.83,26.67
1978-11-26,9.54,8.33,7.92,1.83,6.92,3.29,08.08,03.08,3.46,3.37,8.58,11.08
1978-11-27,09.08,6.5,8.21,1.67,6.71,1.0,2.33,02.04,1.29,3.29,07.04,13.42
1978-11-28,9.46,7.25,8.38,0.96,6.5,3.75,1.96,4.75,4.71,4.12,9.0,11.83
1978-11-29,14.46,10.0,10.17,3.33,9.59,8.83,4.38,5.75,10.41,9.13,13.13,22.95
1978-11-30,15.34,4.54,14.75,3.5,4.54,4.96,7.5,2.42,4.96,3.75,4.92,11.5
1978-12-01,21.29,16.29,24.04,12.79,18.21,19.29,21.54,17.21,16.71,17.83,17.75,25.7
1978-12-02,13.7,12.71,14.29,5.13,9.21,08.04,12.33,6.34,9.21,11.21,9.59,19.95
1978-12-03,21.21,21.34,17.75,11.58,16.75,14.46,17.46,15.29,15.79,17.5,21.42,25.75
1978-12-04,9.92,13.5,7.21,1.71,11.0,7.5,8.38,7.46,10.79,10.21,17.88,17.96
1978-12-05,22.75,20.17,18.58,8.5,15.96,14.29,13.92,12.92,12.96,12.29,17.08,19.83
1978-12-06,29.33,23.87,25.37,16.04,24.46,19.5,24.54,18.58,21.0,20.58,21.67,34.46
1978-12-07,26.63,24.79,24.79,18.16,23.13,19.58,19.92,19.04,19.75,21.5,23.04,34.59
1978-12-08,12.92,12.54,11.25,3.37,6.5,5.96,10.34,6.17,6.63,6.75,9.54,17.33
1978-12-09,18.71,16.92,15.5,06.04,10.37,9.59,10.75,9.13,9.75,11.08,14.33,15.34
1978-12-10,24.92,22.54,16.54,14.62,15.59,13.0,13.21,14.12,16.21,16.17,26.08,21.92
1978-12-11,20.25,19.17,17.83,11.63,17.79,13.37,14.83,13.88,15.54,16.29,18.34,22.83
1978-12-12,23.13,18.63,18.05,8.29,14.33,11.04,10.54,10.13,11.42,10.5,11.25,13.5
1978-12-13,18.84,24.04,14.37,8.33,18.12,12.17,13.0,13.75,14.17,15.09,21.5,21.37
1978-12-14,17.21,19.75,12.71,5.83,13.79,7.33,8.83,5.71,7.96,3.37,5.21,6.92
1978-12-15,13.13,8.92,16.54,6.92,6.0,4.0,12.67,5.88,7.67,06.08,5.5,17.16
1978-12-16,14.88,9.13,17.37,5.21,6.71,2.46,9.13,4.96,6.13,5.96,10.92,18.08
1978-12-17,9.87,3.21,08.04,2.21,03.04,0.54,2.46,1.46,1.29,2.67,5.0,09.08
1978-12-18,9.83,10.88,8.5,1.0,09.08,6.0,2.42,8.25,4.42,5.88,19.79,19.79
1978-12-19,13.88,11.42,10.13,2.33,8.12,6.75,4.75,5.88,6.21,8.17,8.33,18.25
1978-12-20,9.92,3.63,12.38,03.08,3.5,0.42,4.54,2.5,2.13,4.71,3.21,10.29
1978-12-21,12.96,3.83,13.79,4.79,7.12,6.54,11.67,9.25,8.67,9.0,11.25,20.3
1978-12-22,6.21,7.38,13.08,2.54,7.58,5.33,2.46,8.38,05.09,05.04,9.92,11.0
1978-12-23,16.62,13.29,22.21,9.5,14.29,13.08,16.5,17.16,12.71,12.0,18.5,21.5
1978-12-24,8.67,5.63,12.12,4.79,05.09,5.91,12.25,9.25,10.83,11.71,11.92,31.71
1978-12-25,7.21,6.58,7.83,2.67,4.79,4.58,8.71,0.75,5.21,5.25,1.21,13.96
1978-12-26,13.83,11.87,10.34,2.37,6.96,4.29,1.96,3.79,03.04,03.08,4.79,11.96
1978-12-27,17.58,16.96,17.62,08.08,13.21,11.67,14.46,15.59,14.04,14.0,17.21,40.08
1978-12-28,13.21,5.46,13.46,5.0,8.12,9.42,14.33,16.25,15.25,18.05,21.79,41.46
1978-12-29,14.0,10.29,14.42,8.71,9.71,10.54,19.17,12.46,14.5,16.42,18.88,29.58
1978-12-30,18.5,14.04,21.29,9.13,12.75,9.71,18.08,12.87,12.46,12.12,14.67,28.79
1978-12-31,20.33,17.41,27.29,9.59,12.08,10.13,19.25,11.63,11.58,11.38,12.08,22.08